gene,fit_alpha_c_cv,fit_alpha_cv,lag_cv,lag_signflip
ABCA1,1.0446516144009992,0.5631000598515866,0.3970774136652881,0.0
ABCA13,0.5077965313398712,0.5181349711364852,0.7520226642046968,0.0
ABCB1,0.5187862445870767,0.3065348119536872,1.5907874806137303,0.0
ABCC4,0.11316048759131905,0.15331293221370193,0.31543966628737,0.0
ABCG1,0.4655955872326006,0.4130449038415422,2.0239547736159444,0.0
ABI3BP,1.000999102483067,1.3827951034695636,0.4337908443460523,0.0
ABTB2,0.11856453711416942,0.17533185160229206,0.05415657570611821,0.0
AC002454.1,0.7460041455811779,0.1972542825619784,0.5659054470993301,0.0
AC008014.1,0.1010654606839847,0.1397332443946823,0.13042842467913454,0.0
AC008105.3,1.6308161939810193,0.8881297374769843,0.31458023076860553,0.0
AC008568.1,0.9411838558631695,0.8507573354123315,0.5711843967012249,0.0
AC009318.1,0.897006600210409,0.27021309453940945,0.5356852538098059,0.0
AC097376.3,1.143932999803063,0.5867434625487519,0.3159773385553624,0.0
AC104232.1,0.2044853051182697,0.2563834360039856,1.032732374183497,0.0
AC107223.1,0.56422452922527,0.43963096221794007,0.6615401904297507,0.0
AC111000.4,0.3667293883625615,0.4000625912644124,0.9402468255204444,0.0
AC244502.1,0.29911956157645136,0.2934464553715864,0.7822050494235965,0.0
ACSL1,0.21868922985503683,0.7085736763778585,0.10999712013254288,0.0
ACSM1,,,,0.0
ACSM3,0.18730556260360326,0.20315973094379666,0.16772863165124555,0.0
ADAM12,0.2933520452678048,0.5816983539995485,0.47538172103343435,0.0
ADAMTS3,0.4690908609995293,0.4848658496058294,0.6329779428449865,0.0
ADAMTS6,1.1041665585652451,0.7418894652856662,0.40287450219797594,0.0
ADCY6,0.22770287168584766,0.19617285444837537,0.35463736139252133,0.0
ADGRE5,0.3026494204094214,0.32584223611043833,0.6695142015014983,0.0
ADGRG6,0.36515581641936035,0.14266698567051547,1.2419523709743356,0.0
AFF2,0.2872194850527813,0.17167540001468481,1.9222825904619096,0.0
AFF3,0.2105009634433075,0.10315389719925006,0.057447145819621695,0.0
AIFM1,0.20360791446926166,0.16796273737486297,0.3000221125273828,0.0
AIG1,0.20243519020678152,0.10797508478975187,0.07209661878260512,0.0
AJ009632.2,0.7526758701478494,0.5163890859268134,1.3037132072762738,0.0
AL034397.3,0.13321931232262132,0.11572229355450744,0.08328372938240516,0.0
AL050309.1,0.15056184018186924,0.37095317583271736,0.22151861299024073,0.0
AL157895.1,0.3116798545178654,0.26247562520236006,2.532355177857663,0.0
AL162493.1,0.9045721969384695,0.6379070679322453,0.31721326757159984,0.0
ALK,0.33112132880315104,0.39639051345302273,0.13934629985902847,0.0
ALOX5,0.41235829230892074,0.4123232378718829,0.9741608974425998,0.0
ALOX5AP,0.21439590068632394,0.28356892191953026,0.5256942147678502,0.0
ANK1,0.13626527470627706,0.1050852581910635,0.12347373135982148,0.0
ANK3,0.15154827846553684,0.12416644432440434,0.1177938700268646,0.0
ANKRD28,0.14676358105239182,0.0472924864146167,0.10549505702961758,0.0
ANO5,0.9988774190867418,1.4047973916920897,0.33526890993515057,0.0
AOAH,0.4103269340636138,0.19153859878617402,0.6530632489076216,0.0
APOLD1,0.2247640084040643,0.08928267742176328,0.2189669006891507,0.0
AREG,0.19361668826056186,0.28630459943350145,0.1116273975810727,0.0
ARHGAP18,0.31125926362205764,0.2510123238725455,0.20244735616799298,0.0
ARHGAP6,0.2639314442622501,0.1333948511696107,0.39721473139349694,0.0
ARID5B,0.09081916957805447,0.1641454024253631,0.10046615683070692,0.0
ARL15,0.2027334448544619,0.12443967248620373,0.10278313130938509,0.0
ASPM,0.1422924022259504,0.133359991114472,0.05914080297067306,0.0
ATF3,0.25973257309698555,0.2919722273558534,0.9775629557984604,0.0
ATP10A,0.1498393339872364,0.1272973244511778,0.14447527811545396,0.0
ATP10D,0.22824898842075614,0.2928959917378166,0.06068776314518109,0.0
ATP8B1,0.8176594878550615,0.7959574443089823,0.5014068674520347,0.0
AZU1,0.14631354499904953,0.12750561372954464,0.062117287156793155,0.0
B4GALT5,0.21102757102397363,0.16752004770514595,0.04404213728605504,0.0
BAALC,0.763609378958775,0.6444591029050122,1.1864806013451135,0.0
BAALC-AS1,0.15158202797402356,0.19102770028142763,0.05696692529086206,0.0
BACE2,0.3221381850188914,0.2392337822234889,0.47466286717509537,0.0
BACH2,0.4254184050707589,0.45857260522902255,1.6185009128227386,0.0
BANK1,0.12350138431901385,0.14900817189482873,0.39706230741719295,0.0
BBS9,0.4469328828775901,0.3770530378918474,0.6838458793502843,0.0
BCL2,0.19857882118695536,0.11152584626477334,0.5808398778080025,0.0
BLNK,0.2877722436955554,0.1528947825906304,0.5805763695996501,0.0
BMERB1,0.3396597785188177,0.3145130333946155,0.9364023390247905,0.0
BMP6,0.9107748401119041,1.1011614663576765,0.5299267516679684,0.0
BRIP1,0.0963468289453592,0.11559407735406044,2.0519362126933314,0.0
BTG2,0.31564627067809903,0.37687310983979816,0.3429853903563982,0.0
C5orf17,0.5817585871577039,0.4326999259462199,0.19759756635529055,0.0
C5orf56,0.1416008129343052,0.41238395767631203,0.07319874948884174,0.0
CABLES1,0.10487112278983547,0.11313997021467298,0.13324662397004053,0.0
CACNA1C,0.10635480597125023,0.19215711720981116,0.065563780560196,0.0
CACNB2,0.7836141114745366,0.5055671594681239,0.5631816563851202,0.0
CACNB4,0.6988803686460611,0.6864807539605473,0.7305398221493429,0.0
CALCRL,0.4363182605672539,0.1742314707934219,0.3315798865343646,0.0
CALN1,0.3682364129820783,0.13906700051616924,1.1752995218968536,0.0
CALR,0.13151581949141325,0.20555584721395143,0.4168433963188229,0.0
CAMK1D,0.4468797542650124,0.09983034911975663,0.11385283245633086,0.0
CAMK2D,0.4402687968904843,0.4768567984058819,0.6138503687804435,0.0
CAPS2,0.22386864373922677,0.7388742830121412,0.3086434483110345,0.0
CARD11,0.5804317289494786,0.22046989746222337,1.1438762910957694,0.0
CARMIL1,0.09189932885823772,0.09415816424279227,0.07209318612495531,0.0
CASC15,0.14410561546605943,0.4302096180781983,0.23960362972875535,0.0
CASK,0.3460898250913712,0.11865554269920033,0.14221578261192752,0.0
CCNB1,0.1793895867889457,0.14593561757055293,0.2153688356645758,0.0
CCSER1,0.1227893856885963,0.12597090250984433,0.26582045032034596,0.0
CD22,0.28251620258616544,0.6182171570920116,0.6770515620701547,0.0
CD36,0.44865533542770203,0.387114908399045,0.4255279897923455,0.0
CD69,0.7182148701464772,0.10539862011590877,0.2512575556374454,0.0
CD83,0.7262356703859937,1.5943174923213268,0.5928698579274393,0.0
CD9,0.510940638332215,0.5507900367888853,0.692618123456236,0.0
CD96,0.1656736950881081,0.2191694815279154,0.09818597418393064,0.0
CDH7,0.28460049030335716,0.10688965075553346,0.21274997214169214,0.0
CDH9,1.079275858016942,0.8738120539291867,0.3572458093746798,0.0
CDR2,0.2876360329858326,0.2854828133540039,0.6615709802404119,0.0
CENPE,0.24154974498444984,0.22112547549782022,0.09692220380773438,0.0
CENPF,0.08475719607334059,0.16890104908984202,0.07717576882477126,0.0
CENPP,0.1154212465172745,0.11097127343430961,2.0398445235579046,0.0
CEP112,0.8735736607130701,0.5980663393054485,0.43946276329572426,0.0
CEP19,0.12371804918542076,0.16744015610785223,0.1370160568811733,0.0
CLC,0.16636568677863064,0.1765680766712978,0.1537337618580124,0.0
CLEC12A,0.4785890444680434,0.15786372620892578,1.5761225650461994,0.0
CLNK,0.48815299073903984,0.22800929983345705,0.5810639374500449,0.0
CLSPN,0.08064366175711271,0.10236098119564534,0.0902674027942699,0.0
CNR2,1.2850173626567392,1.2673211869051637,0.4109508882538093,0.0
CNRIP1,0.14965137242818566,0.21812517885013005,0.03891490747167545,0.0
CNTNAP2,0.21160278665614313,0.17446333854242266,0.36281860304233543,0.0
COBLL1,0.23191415425072484,0.12263219975062106,0.4158093292970709,0.0
COL23A1,0.46150271203170645,0.2609183406476937,1.534539869377641,0.0
COL24A1,0.34290100487228187,0.1887892058840771,1.4055358434127114,0.0
COX19,0.1377035765357883,0.17779097784213682,0.08590034459820461,0.0
CPA3,0.2093600509730811,0.32846931808436125,0.34692583933052185,0.0
CPED1,0.6513680173216784,0.4961208272454088,0.94107163115588,0.0
CR1,0.2249386771095626,0.25308409870536075,0.404882013985627,0.0
CR1L,0.19136202579305017,0.4396165116870868,0.09052258939517768,0.0
CREB5,0.09246202418876752,0.4300400733293584,0.12958868671660673,0.0
CRHBP,0.9005414710888283,0.18763866038426621,0.8208389225349334,0.0
CRIM1,0.29627527755918737,0.06396195407292186,0.06981454814384712,0.0
CRIP1,0.14482905521368164,0.13270323014082164,0.07987545360152536,0.0
CRPPA,0.8671327010337998,0.8870692763152357,0.2373207138296159,0.0
CRY1,0.05427773733903109,0.060918132339587414,0.04661039873102771,0.0
CSF1R,0.654764496520612,0.45436769166030766,0.5023984770807607,0.0
CSF2RB,0.30702672511678103,0.12953200675789436,0.13297424509741776,0.0
CSGALNACT1,0.6339082232065338,0.8717246735781821,1.187323422797582,0.0
CSKMT,0.13346190339659908,0.17208046414345876,0.07030952780686524,0.0
CST3,0.6039507460073394,1.9881937495580708,0.966457299867961,0.0
CTAG2,0.13800035790037188,0.7622141044690863,0.42724229449961476,0.0
CTSH,0.43947270352275725,0.8484280519857409,0.21014918115419629,0.0
CTTNBP2,0.9615402100031089,0.4062672806758962,0.8741902248683011,0.0
CXCL8,0.19017956912536307,0.22276249936721745,0.056617909910385913,0.0
CXCR4,0.37162843121515077,0.639548575126166,0.636766105496698,0.0
CYP7B1,0.1778185511620742,0.22543814424496308,0.7461594528598464,0.0
CYTH1,0.08981349572414943,0.13478156697415103,0.04820459614034436,0.0
CYTIP,0.2134232962354872,0.38793740059438286,0.48499733262518935,0.0
DAAM1,0.1923041382588487,0.3221954383826551,0.3424115337381568,0.0
DACH1,0.6933504070280915,0.37626315353892476,1.1381867907026384,0.0
DFFB,0.07827885493539934,0.10792422095821126,0.060146137206006145,0.0
DGKG,0.5809161105024635,0.5257442272700455,1.2030026988652047,0.0
DHRS9,0.17403374259677581,0.24377147486092435,0.09996457750697313,0.0
DIAPH3,0.11463160892456722,0.14657510268993665,0.5896206905621559,0.0
DIRC3,,,,0.0
DISC1FP1,0.9162114561795652,0.5850615466797338,0.41881114655105783,0.0
DLC1,0.0996494477477778,0.1383199754099191,0.1039259781531432,0.0
DLGAP2,0.12436074673755595,0.1295306665007855,0.1582625729434947,0.0
DNAJC6,0.058133466478935615,0.07980908346229908,0.11812545758538842,0.0
DNM3,0.10219105356163256,0.17104277933030615,0.0761571682234227,0.0
DOCK1,0.4235604739332359,0.1271086099275319,0.1733727427982449,0.0
DOCK3,0.6039598358177058,0.5214992028619989,1.1326150131639052,0.0
DPH6,0.37887389911519304,0.2999869540390359,0.13156221217319647,0.0
DPYSL3,0.3882462832403352,0.5760598493101285,0.6337123353011135,0.0
DUSP1,0.20621106893306665,0.2383454353574325,0.5933369689055321,0.0
EIF2AK3,0.09212422151534258,0.589099868075472,0.07743112279521489,0.0
ELANE,0.12649411375651737,0.16535683126358688,0.09409602116903742,0.0
ELL2,0.36612155481788067,0.4493321599359029,1.1194745015929162,0.0
EMCN,0.16907511534409034,0.22141708843679306,0.10475740634800941,0.0
EML4,0.1711240435480728,0.1467656198005752,0.16894025419151612,0.0
ENPP3,0.31822160554504997,0.25006721880430316,0.30865848406972934,0.0
EPSTI1,0.16513782239110333,0.15489709183507364,0.08010772882124878,0.0
EREG,0.21595262622912656,0.1412468339242785,0.35802010978075227,0.0
ERN1,0.17396617871333164,0.19315235949081905,0.42056373498586413,0.0
ESR1,0.10749669279838807,0.16503206266095063,0.07025734595830484,0.0
EXOC6B,0.3341870205158838,0.11405830221662523,0.20079968771789466,0.0
EXT1,0.2037436401379824,0.19711272822624512,0.7172161264114367,0.0
F13A1,0.2733171218666217,0.24490451628878593,0.34004475507698734,0.0
FAM107B,0.12364777507360922,0.12234602208006985,0.08214830676030647,0.0
FAM171A1,0.18828321814676954,0.12744308410302957,0.6399597524267054,0.0
FAM49A,0.12225598161630856,0.17694045645196885,0.13030510826668754,0.0
FAR2,0.11353119116830045,0.25736454722556895,0.19518279935740462,0.0
FBXO33,0.08357823301844909,0.12107851568657804,0.08803718793455376,0.0
FBXO4,0.15787747336264665,0.19100574034439055,0.1021820273106281,0.0
FCER1A,0.45707920720421163,0.10433285425108757,0.6142666063102844,0.0
FCMR,0.8951392228805689,0.7042907632863266,0.428815875179263,0.0
FERMT2,0.2323822958082515,0.7900619669603012,0.49788921001411246,0.0
FGFR2,,,,0.0
FLNA,0.3905491178071302,0.34983851304289254,0.12378653632414328,0.0
FNDC3B,0.0751012861006347,0.13561076369134378,0.05742775970993136,0.0
FOS,0.5714602022758556,0.13451868011949694,1.059213404425892,0.0
FOSB,0.11385569583418467,0.2435281762956672,0.6738399029668235,0.0
FOXO1,0.3654883547474806,0.5006786363964769,1.0098075936760835,0.0
FREM1,0.19707893721714803,0.15255596773164615,0.588641515274435,0.0
FYB1,0.31013022375131816,0.15352842611417197,0.16502422955169851,0.0
GAB1,0.5539757777297013,0.43390865278447494,0.7390098436121479,0.0
GAB2,0.29053046432876073,0.17245647487197438,0.15142328582404663,0.0
GAPDH,0.1564085133780925,0.3772755323608552,0.17861206165612908,0.0
GAS7,0.2792471279875251,0.12620205947870897,0.16083405734903305,0.0
GATA2,0.10871692235495209,0.11273851982784816,0.06210784163149103,0.0
GCH1,0.15334052879652704,0.1359459003874389,0.08283628898572819,0.0
GCNT2,1.5532601171370404,0.8133274477404321,0.36628971259450654,0.0
GMPR,0.08839187371855231,0.07054334907200724,0.11067019938896039,0.0
GPC5,0.818408003088592,0.7077098462169338,0.9680887570812317,0.0
GPC6,0.5888893740063162,0.6791600196130029,0.32721113229214466,0.0
GRAP2,0.1704139911859172,0.20055192060937074,0.09808021041357716,0.0
H3F3B,0.31031021081949245,0.4676611212638904,0.7398527905573208,0.0
HBD,0.3152687305326459,0.2462571914968453,0.3202589325559883,0.0
HDAC9,0.5073567437519952,0.5594883604480771,1.0066750094774668,0.0
HGF,0.2943613016579696,0.13548020869221286,0.21382314719434015,0.0
HHIP,0.760409195054833,0.9249199602298521,0.8612872222020929,0.0
HIP1,0.21499245219466928,0.13444593339373523,0.10478212011188522,0.0
HIST1H2AC,0.07587242077188144,0.07512873752667723,0.04003853353681013,0.0
HIST1H2BC,0.08504488293345432,0.20838096383412463,0.05808068958495676,0.0
HIST1H2BD,0.27587546247905914,0.18568187063172864,0.2630814798125042,0.0
HIST1H2BJ,0.11545176542623468,0.17012074557927537,2.250925419593127,0.0
HIVEP3,0.7279948017982523,0.7229827859669062,0.7242268722694338,0.0
HLA-DQA1,1.5414117497187214,0.6540171849858013,0.7914398990116349,0.0
HLCS,0.10221882099487647,0.1338205750861775,0.10378620239025774,0.0
HLF,0.1447414875576294,0.10578289349252934,0.19205070797167126,0.0
HMMR,0.12765277287692608,0.16306692749631185,0.15593658787194517,0.0
HPGD,0.16282167775560522,0.1452403632498274,0.08715829613506855,0.0
HPGDS,0.12913999311454502,0.17684297821089565,0.049783743257176494,0.0
ID2,0.7453657921148097,0.9792156531675692,0.2962851267465181,0.0
IER2,0.16679074450559467,0.15966194746237283,0.06882800409854234,0.0
IFI44L,0.2515551101650463,0.24433887284766279,0.1430762819847169,0.0
IGFBP2,0.03216689635795632,0.2943119519004544,0.08841869448118975,0.0
IGLL1,0.15110680271927796,0.10360523839394851,0.14044993186172117,0.0
IKZF2,0.3250856464448949,0.5360921468331998,0.2984730821360815,0.0
IL12A-AS1,0.4515919079838171,0.417056624858393,1.8538820213920728,0.0
IL12RB2,0.36607230121616124,0.1336810589616382,0.7585192642179014,0.0
IL17RA,0.36518316215719854,0.28538525402829584,0.2513642462867022,0.0
IL18R1,0.3973397708797769,0.34465671356081656,1.7011140517283296,0.0
IL7,0.2273130970267527,0.18230968562777133,0.10324912374957058,0.0
INPP4B,0.13930283766642113,0.1481085790376636,0.12743440619637916,0.0
IRF8,0.360069028636991,0.26594744307264134,1.200434283733661,0.0
ITGA2B,0.5167284013811454,0.1711265084454028,0.5557699578217989,0.0
ITGA6,0.20650347959828363,0.2251330595487116,0.7686369730327076,0.0
ITGAL,0.14940299548521244,0.23323746210857693,0.1197350307487779,0.0
ITGAM,0.6194437663158089,0.7774708991691696,0.816635810745153,0.0
ITGB3,0.22408500337310444,0.2352987455396698,0.2839328800993454,0.0
ITGB8,0.3843443622319705,0.22455420859045946,0.7484075936504964,0.0
JAML,0.1666861736726749,0.09718460056474339,0.14822755677352942,0.0
JAZF1,0.7167994656973219,0.7557780027211184,1.1033040171913278,0.0
KALRN,0.6002081336547468,0.15233377068629123,0.28245518248810153,0.0
KCNQ1,0.41544031330852327,0.1608979155213034,0.20803485002989291,0.0
KCNQ5,0.13630482434571495,0.05646376056026746,1.0596431659847725,0.0
KHDRBS2,0.1350963829095885,0.1781546190272838,0.29263982135261235,0.0
KIAA0825,0.11982306781543159,0.4143598709826467,0.17502160196312427,0.0
KIAA1328,0.08623623597193744,0.13097104964894876,0.18543504084230256,0.0
KIT,0.4423878969114901,0.1470607206925925,0.46223719199633506,0.0
KLF2,0.15743525500412892,0.07370826388603112,0.06169026889480224,0.0
KLF3-AS1,0.1331695123719032,0.15768570100287907,0.09128151693905193,0.0
KLF6,0.48050771167486817,0.2472139315959179,0.3168867196629949,0.0
KPNA5,0.08773856930441476,0.11201207753945912,0.10621552286155032,0.0
KYNU,0.2553599639890033,0.24162175792226717,0.04268601990086633,0.0
LAT,0.14601861478189176,0.2631026811864209,0.30448196763234037,0.0
LDLRAD3,0.10222630221946001,0.08651567582443075,0.4156169110711025,0.0
LEF1,0.18506614315951678,0.23768243386110832,0.0963791756060494,0.0
LIMCH1,0.6719206515727869,0.38009600794650344,0.4482743147064187,0.0
LINC00910,0.12748555651249113,0.12448128820639871,0.05196676407416926,0.0
LINC00923,1.3100098222158254,0.7795421930663746,0.40114357255161576,0.0
LINC00926,1.0118594620693884,0.7398996506677807,0.5810101675956403,0.0
LINC01122,0.057688388468868534,0.3646194938767916,0.18115185620795202,0.0
LINC02328,0.9654105758936385,0.9925007830697464,0.4421335163192274,0.0
LINC02384,0.15884775703590348,0.19060806242846048,0.1573988464512019,0.0
LMNA,0.12250359223225371,0.09000167520097456,0.1589999469143543,0.0
LMO4,0.19487823790963504,0.2548620762356485,0.2041142047054229,0.0
LNCAROD,0.13796080537804198,0.22402455649539038,0.09625645889334199,0.0
LRBA,0.13472903371741943,0.18508449848950012,0.22126979134114033,0.0
LRIG1,0.33678597426629814,0.4607613536503703,1.836781960601257,0.0
LRMDA,0.13990411810347483,0.10372454460499116,0.288225380467563,0.0
LRRK2,0.29993411335161846,0.3555847507160659,0.9905494314440061,0.0
LTBP1,0.4624942955788659,0.3220778169974062,0.541680121769933,0.0
LTC4S,0.140529528368969,0.11010785587009866,0.06104738339635117,0.0
LY86,0.49184662462581297,0.19147706419925697,0.47224328134722043,0.0
LYST,0.17665040591824152,0.11350973177183642,0.35279241750727847,0.0
LYZ,0.529277481224354,0.6345429111049702,0.5550018003653929,0.0
MAGI2,0.997314237491567,0.9207927669701489,0.5278443915638379,0.0
MAMDC2,0.24602284621957102,0.11565005557114427,0.13133463573156498,0.0
MAMDC2-AS1,0.20415403617288685,0.1867471547724205,0.09935680304206249,0.0
MAML2,0.12814311566802594,0.14177593620150108,0.08096463035192221,0.0
MAN1A1,0.21584008740384034,0.1656842919647131,0.259096954661726,0.0
MARCH1,0.3863166918392588,1.7680717239056352,0.5370160006322872,0.0
MDGA2,0.6959462038934521,0.7069797676796363,0.8255629544399237,0.0
MDK,0.22135151342228598,0.24198599084305292,0.0101171576688397,0.0
MDM2,0.24569529495265865,0.5345096347192142,0.5845645293933831,0.0
MDP1,0.16713866452748954,0.23238607603917083,0.2294743051439557,0.0
MECOM,0.21642893777286623,0.1251077419373738,1.2669220649050685,0.0
MED12L,0.12039837696893671,0.18751977498575062,0.24024552731356005,0.0
MEIS1,0.1189894892396948,0.10869027452660618,1.1600963576287855,0.0
MEIS2,,,,0.0
MEST,0.34102954166046323,0.14132318497430757,0.29931128846400484,0.0
MICAL2,0.21529534714638796,0.16163450014707617,0.42212815651687646,0.0
MIR924HG,0.14566208125738225,0.20727862564964067,0.09359719376171777,0.0
MIR99AHG,0.8499663497404668,0.48397738901365295,0.9429923636980798,0.0
MITF,0.3381525645030976,0.5279869313763496,1.335610201668879,0.0
MKI67,0.18873658719382524,0.16483772579214134,0.10053455524336943,0.0
MLF1,0.13985593798324114,0.15172165530909484,0.18044544898483947,0.0
MME,0.3799370076917996,0.8771413842846711,0.5743207856106963,0.0
MMRN1,0.5319858442468735,0.19688228819902656,0.6866459017569887,0.0
MNDA,0.23422102552136365,0.5058086031951423,0.23776508442699823,0.0
MPO,0.1974734971622507,0.11665886176545329,0.09557485021502436,0.0
MPP7,0.701727573439444,0.7858413608612894,0.7521953560717803,0.0
MPPED2,0.13358941370259184,0.488839015068619,0.09268256594706378,0.0
MS4A4E,0.6741785306179219,0.4025459296853942,1.341064734937461,0.0
MSI2,0.14074161153129477,0.11589491515867362,0.3126807169745525,0.0
MTHFD1L,0.2040667788750644,0.12701325312537057,0.4986113033338592,0.0
MTSS1,0.2474128353273346,0.14845254688482104,0.7734738497722193,0.0
MYLK,0.5109921692812743,0.5824128024278965,0.27402328301803325,0.0
MYO1D,0.08171894422420344,0.08775322499777793,0.0922806361838176,0.0
MZB1,0.22645869824864562,0.6338379966325913,0.3962562681372156,0.0
NAMPT,0.12955081863328316,0.2695781048656127,0.133175021358995,0.0
NCALD,0.17458107503525988,0.1254650237329875,0.16068249237383642,0.0
NDFIP2,0.2721995823087607,0.25657283659733987,0.46539365017980666,0.0
NEAT1,0.13435765695517043,0.14205918482003674,0.15709495077353675,0.0
NEDD9,0.15147023457216133,0.21849833240367864,0.13667072409452205,0.0
NEGR1,0.11917323113139953,0.1097438337363996,0.12167084527012725,0.0
NFKBIA,0.2702453410332307,0.09212722058801691,0.11895809288580807,0.0
NFKBIZ,0.3985826728566675,0.3199139336206997,1.1700627087778874,0.0
NHSL1,0.19251593229012595,0.2091974268257476,0.06063306343365555,0.0
NKAIN2,0.5156058459870771,0.4985660732275763,0.9550083150014754,0.0
NLGN1,1.0084836167485218,0.936669789453445,0.4066434915561435,0.0
NLRP1,0.1506976001503121,0.5446861757120709,0.15154942039888925,0.0
NPTX2,0.6531896724441243,0.3713149367221804,0.25218459126658244,0.0
NR3C2,0.15058179018502943,0.309352612853356,0.2077323182204338,0.0
NRG4,0.17530173558621293,0.15864374599800238,0.2854368266078311,0.0
NRGN,0.26171288347274985,0.40995152818474284,1.167139342457916,0.0
NRIP1,0.14518039757650986,0.13403322214254831,0.06748270701470276,0.0
OSBPL3,0.16504356189230704,0.11764312656564742,0.15764375327506083,0.0
OSBPL6,0.19536960362780248,0.3478988056743841,0.09393064317890808,0.0
P2RY14,0.14842687175579558,0.23539441990255805,0.12267903062991252,0.0
P4HB,0.10142428969802439,0.1576937299305233,0.5064046409450408,0.0
PACRG,1.076658613327799,1.0002244874493194,0.5804514199603068,0.0
PAG1,0.20876346953446215,0.22012459679117594,0.49045244860458936,0.0
PALLD,0.6947555128294273,0.4316766151459252,0.6047600398738678,0.0
PALM2-AKAP2,0.1457646894340006,0.17841024044857778,0.09563713653638739,0.0
PAQR5,0.5773772845648282,0.41874306693392405,1.0393265802953924,0.0
PARD3,0.9226445929870262,0.7461102495197074,0.7282061478061698,0.0
PARD3B,1.5375276276755234,1.0852013196727741,0.46370754246312273,0.0
PARP8,0.4714339919092705,0.2652700994203356,0.7140364992163762,0.0
PATJ,1.2049356194419554,0.953976062937298,0.5652297622496417,0.0
PBX1,0.24872208814899152,0.46224435439110395,0.4935166924310567,0.0
PCBP3,0.6078037436049001,0.4523175773374919,0.7162491729858965,0.0
PCDH9,0.08991517947690715,0.11244163561315476,0.1010084942258911,0.0
PCED1B,,,,0.0
PCLO,0.1492959615018824,0.17740206954988783,0.09958678411573275,0.0
PDE3A,0.13774240726377335,0.14880469644765096,0.40832988606779136,0.0
PDE3B,0.31863015082074775,0.20485025485198763,2.3737079372573437,0.0
PDE4B,0.9465959071959971,0.5546565283043262,0.6068371809530784,0.0
PDE4D,0.1528211234668615,0.13960735108673117,0.12973983151484217,0.0
PDE7B,0.963983383020818,0.9295674790368965,0.564700927281699,0.0
PDGFD,0.14082947633268253,0.16359509370123293,0.40888208263315645,0.0
PDZD2,0.20295655950813682,0.18600366394610507,0.06416544881571598,0.0
PDZRN4,0.1347502123446324,0.17437320871886824,0.16099004679654388,0.0
PELI1,0.13156253694012326,0.29170637147284045,0.04386889267853257,0.0
PGM2L1,0.6020045206354937,0.17288025797941745,0.5613570080675493,0.0
PHLDB2,0.15974873447117266,0.2278109767512143,0.5783334483287375,0.0
PIEZO2,0.7127697177093543,0.7796062037216637,0.8467314391176777,0.0
PJVK,0.08502811908813165,0.17393687924680198,0.0721045834844555,0.0
PLD1,0.13311314757732767,0.10597735286337998,0.21055634614487884,0.0
PLEK,0.4627133551036749,0.1971220697990416,1.0949464485760942,0.0
PLEKHG1,0.19804389122465196,0.3021061297894579,0.13160204260088723,0.0
PLIN2,0.2809827601449395,0.2069311028839411,0.14294840757649957,0.0
PLPP1,0.26352816638428284,0.19098966460211378,0.27414094490646135,0.0
PLPPR3,0.15566646782587434,0.5484114371248535,0.3356512748025857,0.0
PLXDC2,0.18222977318127354,0.12661330536779544,0.14878022048650705,0.0
PLXNA4,,,,0.0
POLQ,0.11839185473867352,0.12991646832185944,0.006756917747219123,0.0
POU2F2,0.4632062260258482,0.2691354635755667,0.2287482707277813,0.0
PPIF,0.175436560136435,0.2719787130885695,0.05539531573948593,0.0
PPM1L,0.12966181279329506,0.2755409727790183,0.20517060856643826,0.0
PPP1R16B,0.1043809613920116,0.33564836821626637,0.18813089439495911,0.0
PPP1R9A,1.180151243923325,0.7741800490109563,0.31141795566342884,0.0
PPP2R2B,0.9636857420363487,0.8211574249602134,0.2971685850167855,0.0
PREX2,0.19911467009792722,0.12870737550654998,0.20464882136735157,0.0
PRKAR2B,0.16566939612674686,0.2413469288757224,0.6849061510209367,0.0
PRKCA,0.27048541544563076,0.15442815220414496,0.5547025682858788,0.0
PRKCH,0.7588451145851258,0.34088360337587104,0.4575222977480399,0.0
PRKG1,0.9577264478683029,0.5461835463346507,0.47108547214616686,0.0
PRKG2,0.7915937842494105,0.15669180676342434,0.549408323969529,0.0
PRKN,0.3027107996445398,0.3276870104012702,0.24684800202584387,0.0
PROS1,0.29991635148188917,0.3178219094332931,0.7369000876535288,0.0
PRR11,0.14465992394226623,0.1292583006343849,0.11738455609417148,0.0
PRR16,0.11863177122062447,0.2694394450565666,0.08817143553478249,0.0
PRSS2,0.33092724874600543,0.6466965641422633,0.2691495712176993,0.0
PRTN3,0.21112326368717596,0.23689416889131004,0.229509997995947,0.0
PSD3,0.6776703545720931,0.707456692902651,0.6240313261998942,0.0
PTK2,0.12305318087249875,0.14239546306117673,0.13585522965566818,0.0
PTMA,0.17165866421475484,0.2238249157650921,0.195546898080119,0.0
PTPRD,1.3286820424042103,0.6370918007437413,0.3228953674045482,0.0
PTPRE,0.3545845180221465,0.2614087757985335,0.22077336384193594,0.0
PTPRJ,1.1894707873041803,0.8238606293876691,0.517510348561368,0.0
PTPRM,0.5237776852318906,0.3676685292666449,0.38178665744703094,0.0
RAB11FIP1,0.32314515828510115,0.1442734516525193,0.09092146425708128,0.0
RAB27B,0.7998082715764512,0.18578079026102057,0.2720216871513935,0.0
RAB31,0.16362430462116634,0.15545737805851575,0.23070591093866524,0.0
RALGPS2,0.5904271043395127,0.21703300460939492,0.5054403263706774,0.0
RANBP17,0.09297877337274403,0.29900204899061095,0.10795339325475545,0.0
RAPGEF2,0.17983302110621605,0.08091853296144028,0.09407347501169969,0.0
RAPGEF5,0.2776749053332485,0.20094954947587093,0.32028343846927015,0.0
RASAL2,0.13403739109934074,0.2089264083728507,0.14668365973508213,0.0
RASGRP3,0.20515356007531452,0.1288009884563161,0.7429323432624861,0.0
RASSF6,0.7212360717352668,0.4495501452054934,0.2820270382390113,0.0
RASSF8,0.4160595240840683,0.5515771043637193,1.998757465624216,0.0
RBM47,0.3913735275117425,0.39142327251074166,1.3797811794153443,0.0
RBPMS,0.593546872740136,0.3084791515526835,1.5841871476117404,0.0
RCAN3,0.1696227065215903,0.1546126726098673,0.07118720467382865,0.0
RFC3,0.6807620601941483,0.12681459687736324,0.023525302069944073,0.0
RFX2,0.18323455982881467,0.13241055351695225,0.09658876679666954,0.0
RFX8,0.23486019386715418,0.258161654301955,1.7496861618615602,0.0
RGS6,0.43219519965085196,0.34299231992582146,1.0400933711171778,0.0
RHOH,0.16160631622433053,0.15098491220428714,0.10346012496755279,0.0
RIN2,0.09144628369071761,0.24355218575099613,0.14319067395560048,0.0
RNF125,0.12609935396800181,0.11164402701732087,0.08587323965479642,0.0
RNF150,0.1379723500890922,0.1749279301822743,0.10644594694809613,0.0
RORA,0.7317386910374386,1.3852681070835562,0.35026483941837455,0.0
RPS6KA2,0.3285630588950258,0.2233533962210708,0.16969455490031576,0.0
RRM2,0.2474603672773523,0.19908575467173553,0.13994078132279042,0.0
RUNX2,0.3865370574202234,0.32009140212812376,0.48854173613679897,0.0
RYR3,0.1344627075319344,0.1995139035662849,0.9000697013518414,0.0
S100Z,0.37987959047098274,0.2917038069173942,1.7921784545365367,0.0
SAMD12,1.0058203287609673,0.8949246367937088,0.7128465963586388,0.0
SAMD4A,0.6568577035999675,0.5595260257755966,1.0386785273773833,0.0
SAMHD1,0.5876562582929389,0.33213156542707595,1.134028533285166,0.0
SCN3A,0.2220213587737872,0.25378637246338576,0.8434239319421515,0.0
SCN9A,0.2633389708850551,0.1116614961825093,0.5759101477471761,0.0
SDK2,0.13781763132910482,0.14123873159696043,0.19251473278013642,0.0
SELP,0.41289159555927646,1.4000480371768431,0.23661436408616993,0.0
SEMA3C,0.10493232823227677,0.14587724767335242,0.6635619993441241,0.0
SERINC5,0.4888165753372721,0.44385317520716455,0.7967573957182613,0.0
SERPINE1,0.2509449937861195,0.2652743691676753,0.2032663417918188,0.0
SETBP1,0.20871303156010793,0.1637474693594734,0.22879555878379695,0.0
SFMBT2,0.6249667564497454,0.28560192101203524,0.5938241901440171,0.0
SGCZ,0.5911848247473437,0.5408093341704137,0.7988645737271908,0.0
SGIP1,1.2637554231676156,0.9984335665271951,0.4629025863407226,0.0
SGSM3,0.20205202465226757,0.1557231555308869,0.12808236794331226,0.0
SH3BP5,0.16939308285391658,0.6788250571992144,0.12662764443713848,0.0
SH3GL3,0.40343165910196815,0.6861688122877422,0.08068780309853894,0.0
SIGLEC6,0.11418883940113538,0.1422784559685386,0.20818112746638498,0.0
SIPA1L1,0.2934783388661854,0.5764063168313357,0.31210916604516176,0.0
SKAP1,0.6388533277158531,0.2910719844399012,0.8909720722896624,0.0
SLC10A7,0.2564308603129298,0.13962763983671958,0.27102831001998956,0.0
SLC14A1,0.45011184688885114,0.1923480776071106,1.5606096029714058,0.0
SLC18A2,0.29133624551860043,0.45837596691426297,0.36019265238109033,0.0
SLC22A15,0.6333621203404436,0.4182865755902043,0.5865989086190491,0.0
SLC24A3,0.43955054615237954,0.3283940634345074,0.2930841966740983,0.0
SLC2A3,0.3200546546627519,0.1364750336814251,0.11786021245976959,0.0
SLC2A5,0.48396238731270663,0.19715104339675785,0.9262505246231401,0.0
SLC35D1,0.805204938800651,0.8830462513356563,0.3021855179611122,0.0
SLC40A1,0.07789499810266412,0.08868610362275307,0.043603701179161625,0.0
SLC44A1,0.14324925692038845,0.11347220417241893,0.3102183847901135,0.0
SLC45A3,0.2721494632389249,0.19627216165151515,0.22873057926221263,0.0
SLC8A1,0.6419923291171175,0.32911378316526796,2.154927877594837,0.0
SLC8A3,0.17084855695053996,0.1801281275620388,1.453686111934632,0.0
SLC9A9,0.7729616835156036,0.367195124423875,1.0006223226637154,0.0
SLCO5A1,0.9338076576812131,0.839651692604426,0.3358254682326575,0.0
SLFN5,0.4330469265692893,0.4757483764785985,0.5668544526314695,0.0
SNED1,0.3730331517670027,0.28403498760605306,1.1230436956555756,0.0
SOS1,0.12800356168671248,0.10311315893859309,0.029689137476268557,0.0
SPOCK3,0.5278635155522756,0.7427082161740404,0.32360815288112643,0.0
SPON1,0.4614694626125295,0.30981158072121007,0.6446513442560652,0.0
SPON2,0.21994056802704817,0.3176000740413673,0.17654103928159282,0.0
SPTA1,0.18536746523678388,0.16893730548507452,0.20226146137819348,0.0
SRGN,0.16025554451879032,0.18669828609024358,0.08938107706834111,0.0
STARD9,0.21867879800454765,0.12792160708923253,0.06283009246548184,0.0
STAT4,0.1491154860370452,0.19648463831110133,0.07655310551701099,0.0
STK17B,0.19462687430575848,0.30210207920326193,0.23938879315786807,0.0
STK32B,0.22463217375112485,0.24449531985417464,0.16687110772801897,0.0
STOX2,0.5475632755303472,0.7024974121467438,0.8854516371109392,0.0
STXBP5,0.3023405942649452,0.09779934062739871,0.15698918172601056,0.0
STXBP6,0.5023442065456709,0.3838411224929698,1.208328527219845,0.0
SULF2,0.32113624344063785,0.711675614026312,0.6240280301718278,0.0
SVIL,0.13989780310078542,0.07309645401510748,0.0971630070830216,0.0
SYNE1,0.965120370096906,0.24088732632324938,0.5255174057497322,0.0
SYNE2,0.6060080223972734,0.4753279538960156,1.0175834593847373,0.0
SYT1,0.8572090133914217,0.8022758040653456,0.5218239047798887,0.0
SYTL3,0.3305759622653408,0.13332129618475747,2.347051494985889,0.0
TAFA2,0.11362182764946178,0.39791776952040275,0.2766312040761078,0.0
TBC1D31,0.12514750787423104,0.155652272545514,0.06375534343067199,0.0
TCF4,0.30794484989406695,0.18345317075009707,0.38941790341336163,0.0
TENT5A,0.4872468371647739,0.507578768191166,0.8819442533701838,0.0
TFR2,0.30768857238878544,0.12340398367045945,0.3309345477050947,0.0
TFRC,0.4531431383510257,0.1640018275093262,0.4248208187098865,0.0
THBS1,0.26163458372747955,0.2723003531298436,0.09102713412197956,0.0
THRB,0.39866907101868027,0.2850680119140808,1.3132402428079273,0.0
THSD7A,0.7357188837507036,0.6294059668712646,0.611878259513559,0.0
TIAM1,0.5537632988728718,0.3700568608068008,0.49807028128335884,0.0
TIMP3,0.08759915263304796,0.11590299976493021,0.08498956067175412,0.0
TLE1,0.347133824656124,0.26659655792473974,0.602333928843062,0.0
TMCC1,0.10663534001715606,0.13445738722907588,0.11176061160876438,0.0
TMEM117,0.13856754485803444,0.15892197140044298,0.05427077086240844,0.0
TMEM154,0.43653822053364993,0.2743262549938342,0.1690332428247821,0.0
TMEM163,0.14004545616040423,0.197272442461542,0.10337569627217066,0.0
TMEM164,0.14085846334661087,0.17499529918913803,0.06770640704042975,0.0
TMTC2,0.8433497760133569,0.7813014082019771,0.44947745585526394,0.0
TNFRSF10D,0.14925431343263834,0.19555483983542296,0.04638269202742185,0.0
TOP2A,0.1332603523050761,0.2173062134703329,0.0478631628669392,0.0
TPK1,0.11947452121048956,0.3832791159756422,0.2382905755141029,0.0
TPX2,0.11359458700227115,0.11178515555890779,0.13595035596684377,0.0
TRERF1,0.10357609271205914,0.15020238186498713,0.08064251945613772,0.0
TSC22D3,0.4485424140671712,1.0311534250598224,0.7965565175099384,0.0
TSPAN2,0.1287859061395233,0.17058881109580112,0.06356146564034042,0.0
TSPOAP1,0.11531485435797713,0.15409028822656617,0.006779238889552835,0.0
TTC27,0.2525704535772063,0.12920497185533794,0.6964403871991619,0.0
TTC28,1.165122444929349,0.751453871517683,0.5596913752127219,0.0
TTLL7,0.2604014126780724,0.20094314539526384,0.31873229769773714,0.0
TTTY10,1.3254594969437805,0.2705390462470077,0.4198017016594222,0.0
TUBB1,0.26406846285215385,0.7259990483268065,0.6382370133285562,0.0
UBA6-AS1,0.35380327753085633,0.29467089268679625,0.346820211634996,0.0
UBASH3B,0.10310210614665169,0.18995946006185083,0.0527810318547592,0.0
UBE2C,0.14111145742494713,0.41515028318385033,0.19716738370432527,0.0
UBE2E2,0.13908580481276916,0.46926092457575713,0.34123979853898284,0.0
USP53,0.20170654817178688,0.19265245460929825,0.08474133182872011,0.0
UST,1.0075322823892028,0.7952393910245205,0.7028288842786903,0.0
UTP6,0.18822921295892478,0.15993242694013923,0.0014409899589962695,0.0
VAT1,0.1357359813621844,0.1708460666637477,0.18601612339776688,0.0
VIM,0.11546373097783533,0.08984812763942508,0.09113813458140355,0.0
VWA5A,0.22468060738254172,0.2521950159875654,0.5566883541112553,0.0
VWF,0.2162833133820465,1.3371235266093917,0.28040197784262527,0.0
WDR49,0.9960158524004448,0.9939045937381651,0.5081217470604827,0.0
WNT5B,0.504861080263675,0.2669041203595384,1.5816866998760024,0.0
WWOX,0.17995649824604965,0.1597668207463006,0.1925245655193912,0.0
XIRP2,0.13227807389197357,0.2327530523275158,0.11518613978408838,0.0
YPEL5,0.1375785430801636,0.08049821746011747,0.28233582000761065,0.0
ZDHHC14,0.13656044665888434,0.12389493642217844,0.07015563406931288,0.0
ZHX2,0.5041882318244578,0.5622335904376664,1.1733274422289548,0.0
ZNF385D,0.39350600408740544,0.17421471605502067,0.003935296526384347,0.0
ZNF438,0.8819387831383644,0.7416334947890121,0.6346774339852079,0.0
ZNF704,0.1168582033931957,0.12243732970037838,0.06170287069191805,0.0
