gene,lag_mean,lag_std,sign_flip,cv
HES4,-0.625,1.1277743568639962,0.1,1.8044389709823938
TNFRSF4,-3.075,1.7231874535290697,0.025,0.560386163749291
PRDM16,-0.4625,0.4794202227691276,0.0,1.0365842654467623
SMIM1,-6.725,4.239619676338904,0.1,0.6304267176712126
UTS2,-0.925,0.6666145812986692,0.0,0.7206644122147775
SLC2A5,0.3375,0.6163146517810525,0.05,1.826117486758674
DHRS3,-0.125,1.1166355717063647,0.25,8.933084573650918
PADI4,0.3625,0.4741769184597664,0.0,1.3080742578200453
HSPG2,0.0,0.0,0.0,
RUNX3,0.575,0.48153400710645555,0.0,0.837450447141662
CD52,-1.875,1.6723860200324565,0.0,0.8919392106839769
PTAFR,0.5875,0.9346623721965059,0.05,1.590914676079159
PHACTR4,0.3875,0.8402938474129155,0.1,2.168500251388169
ZBTB8A,-3.3625,0.7581845092060376,0.0,0.22548238192001122
CLSPN,2.275,3.3409392391960675,0.0,1.468544720525744
CSF3R,5.7375,0.8802520945729128,0.0,0.15342084437000658
CDCA8,-1.5375,0.8092241654819757,0.0,0.5263246604760817
CDC20,-2.075,0.23848480035423641,0.0,0.11493243390565609
KIF2C,-1.3375,1.7726657186283037,0.1,1.325357546637984
DHCR24,0.7375,0.5360445410597892,0.0,0.7268400556742903
NFIA,5.65,2.046948949045872,0.0,0.3622918493886499
DNAJC6,0.0,0.0,0.0,
PDE4B,17.4375,1.9273929931386593,0.0,0.1105314978144034
SGIP1,1.9625,0.7614747205259016,0.0,0.3880125964463193
IL12RB2,-0.475,0.5695392874947258,0.025,1.199030078936265
PTGER3,-2.6875,1.248436522214886,0.025,0.4645345198939111
IFI44L,-0.6875,0.7043392293490403,0.0,1.0244934245076949
TTLL7,-4.675,2.0296243494794797,0.0,0.4341442458779636
COL24A1,-0.225,4.7696304888324415,0.375,21.198357728144185
HS2ST1,-0.175,0.8407585860400117,0.225,4.804334777371496
LMO4,-0.3375,0.6556247020971678,0.025,1.9425917099175343
GBP2,-0.0125,0.41060169264142105,0.1,32.848135411313685
GBP4,-0.5,0.5809475019311126,0.0,1.161895003862225
GFI1,-1.9125,0.7736884062721892,0.0,0.404542957527942
CCDC18,9.9625,4.530987061336634,0.025,0.45480422196603604
VAV3,0.8875,0.6273705045664802,0.0,0.7068963431734989
DENND2C,3.075,7.251336083784836,0.425,2.3581580760275886
TSPAN2,-1.3125,0.8922408587371462,0.05,0.6798025590378257
SLC22A15,-0.3625,0.7498958260985321,0.05,2.068678140961468
S100A9,9.425,3.129596619374452,0.05,0.33205269171081714
PBXIP1,-0.225,1.2547410091329605,0.275,5.576626707257602
CKS1B,15.0875,0.954512310030625,0.0,0.06326510754138359
FDPS,-0.925,0.8627716963368699,0.0,0.9327261582020214
LMNA,2.425,0.5539629951540085,0.0,0.22843834851711692
FCRL1,0.95,1.258967831201417,0.0,1.3252292960014915
SPTA1,0.025,0.15612494995995996,0.0,6.244997998398398
MNDA,-1.1625,0.43857011982122085,0.0,0.37726461920105014
FCER1A,-0.0125,0.07806247497997998,0.0,6.244997998398398
CD84,-0.9875,0.07806247497997998,0.0,0.07905060757466327
SLAMF7,-1.0875,3.28421889495813,0.25,3.0199713976626485
FCER1G,3.35,3.4608524961344425,0.0,1.033090297353565
NOS1AP,1.5125,1.0397565820902506,0.025,0.6874423683241326
NUF2,-1.25,0.8944271909999159,0.0,0.7155417527999327
CD247,-3.1625,1.8282077972703215,0.0,0.5780894220617617
SELP,-2.2375,2.371675304505235,0.1,1.0599666165386525
SELL,-2.75,0.48733971724044817,0.0,0.17721444263289024
RASAL2,-3.4875,2.1109461741124522,0.0,0.6052892255519576
RALGPS2,9.8125,2.953149801483155,0.0,0.30095794155242345
RGS18,-0.05,0.21794494717703367,0.025,4.358898943540673
RGS1,-0.0375,0.4240798863421844,0.075,11.308796969124918
CFH,0.075,0.5068283733178324,0.1,6.757711644237765
ASPM,2.5875,3.925696594236493,0.35,1.5171774277242487
KIF14,-7.8,1.4568802284333466,0.0,0.18677951646581367
NAV1,0.0875,0.7406711483512775,0.15,8.4648131240146
BTG2,-2.875,0.649519052838329,0.0,0.22591967055246226
LAX1,3.15,10.828319352512649,0.25,3.437561699210365
SLC45A3,-4.9,3.060228749619871,0.0,0.6245364795142594
RAB7B,2.3875,1.5671929523833368,0.025,0.6564158962862143
FCMR,1.625,1.2487493743742177,0.1,0.768461153461057
CR1,1.625,0.6398241946034864,0.0,0.3937379659098378
DTL,-1.025,0.7660776723022281,0.05,0.747392851026564
ATF3,0.825,0.4683748498798799,0.0,0.5677270907634908
CENPF,-8.1875,2.8932842497756766,0.0,0.3533782289802353
DUSP10,0.7375,1.1936681909140414,0.15,1.618533140222429
STUM,-1.625,1.4566657131957215,0.0,0.8964096696589056
CDC42BPA,0.0,0.4031128874149275,0.05,
RHOU,-5.7625,1.4789671226906973,0.0,0.2566537306187761
LYST,-5.1625,1.8787878406036165,0.0,0.36392984805881196
CHRM3,0.1,0.30000000000000004,0.0,3.0000000000000004
GCSAML,1.8375,0.6836254456937659,0.0,0.37204105888096106
MBOAT2,4.525,1.054454835448157,0.0,0.2330286929167198
ASAP2,-0.225,0.5695392874947259,0.025,2.5312857221987817
RRM2,-0.975,0.41758232721225164,0.0,0.42828956637154014
PDIA6,-0.375,0.8042853971072706,0.075,2.1447610589527217
LPIN1,-0.1375,0.3351771919447981,0.0,2.437652305053077
TRIB2,2.1625,1.1585955938117494,0.0,0.5357667485834678
NBAS,-0.05,0.21794494717703367,0.0,4.358898943540673
YPEL5,-1.675,1.3626720074911645,0.025,0.8135355268603967
GALNT14,2.45,0.812403840463596,0.0,0.3315934042708555
TTC27,-0.0625,0.2287875652215391,0.0,3.6606010435446255
LTBP1,-6.15,2.0772578077840986,0.0,0.3377654972006664
RASGRP3,-10.4375,1.8309406735336895,0.0,0.17541946572777864
CRIM1,-1.5,0.689202437604511,0.0,0.4594682917363407
HNRNPLL,-0.6875,0.5988269783501742,0.0,0.8710210594184352
SOS1,0.6,0.5267826876426369,0.0,0.8779711460710615
SLC8A1,8.3625,1.6844416730774623,0.0,0.20142800275963674
TTC7A,-0.925,0.6851094803022361,0.0,0.7406588976240389
SPTBN1,0.4125,0.4858947931394203,0.0,1.1779267712470796
REL,11.375,2.5093574874855915,0.0,0.22060285604268937
LGALSL,8.925,2.944380240390157,0.0,0.3299025479428747
ARHGAP25,0.4125,0.5348773223833667,0.0,1.2966722966869497
ADD2,-2.625,0.7562241731127087,0.0,0.2880853992810319
CYTOR,0.7125,0.49859176687947826,0.0,0.6997779184273379
FAM178B,-0.475,1.4788086421170255,0.075,3.113281351825317
EIF5B,0.275,0.6118619125260208,0.1,2.2249524091855304
RFX8,-4.1875,1.42165176819079,0.0,0.3394989297172036
FHL2,4.0,5.338539126015656,0.0,1.334634781503914
ST6GAL2,6.4,2.1071307505705477,0.0,0.32923917977664807
BUB1,13.8125,2.3443749166888814,0.0,0.16972850075575613
CKAP2L,0.0875,0.35155902776063086,0.0,4.0178174601214955
TMEM163,0.25,1.3416407864998738,0.275,5.366563145999495
CXCR4,-7.7,1.1280514172678477,0.0,0.14650018406075943
KYNU,1.7125,3.505152457454597,0.1,2.046804354718013
CACNB4,1.275,1.1669940016983806,0.0,0.9152894130967691
CYTIP,-0.2,0.4,0.025,2.0
COBLL1,0.9125,0.8207275735589733,0.0,0.8994274778728475
SCN3A,0.275,1.2295832627357937,0.2,4.471211864493795
SCN2A,-2.125,0.2904737509655563,0.0,0.13669352986614414
GALNT3,-2.125,0.8347903928532,0.0,0.3928425378132706
SCN9A,0.9375,0.561109392186586,0.025,0.598516684999025
SPC25,7.65,3.035621847332108,0.025,0.39681331337674614
DHRS9,-1.6,0.5385164807134505,0.0,0.33657280044590654
ITGA6,7.9625,6.990518131726717,0.0,0.8779300636391482
CCDC141,13.1875,2.2822343766581032,0.0,0.17306042666601731
CALCRL,-0.7125,0.9610378504512713,0.0,1.3488250532649422
TFPI,3.1625,0.4090767042988393,0.0,0.12935231756485036
SLC40A1,0.975,0.10897247358851686,0.0,0.11176663957796601
CAVIN2,-3.775,1.75695048308141,0.025,0.4654173465116318
STK17B,0.5125,2.4430705577203455,0.275,4.766966941893357
HSPE1,-5.7375,2.0401822835227246,0.0,0.3555873261041786
SGO2,-0.1125,0.26190408549696204,0.0,2.3280363155285513
ALS2,-5.325,2.9844388082183895,0.0,0.5604579921536882
CDK15,7.55,5.111017511220246,0.0,0.676955961751026
KLF7,-1.6625,0.4525966747557918,0.0,0.2722386013568672
IGFBP2,-7.1125,0.6845390785046533,0.0,0.09624451015882649
PTMA,-0.45,0.5099019513592785,0.0,1.1331154474650633
ARL4C,-1.1,0.7262919523166975,0.0,0.6602654111969977
AGAP1,-11.275,0.9216154295583381,0.0,0.08173972767701446
IQCA1,2.8875,3.0238375865776916,0.15,1.0472164802000663
COL6A3,-1.675,1.5105876340020794,0.0,0.901843363583331
RAMP1,-11.8,0.65,0.0,0.05508474576271186
IL5RA,-0.625,0.6199798383818622,0.025,0.9919677414109795
CAMK1,-0.175,0.5068283733178324,0.075,2.8961621332447565
TMEM40,4.35,4.186585721085859,0.125,0.9624334991001975
IQSEC1,4.9625,1.1531885145109624,0.0,0.23238055708029468
NUP210,-4.4125,1.054084318259218,0.0,0.23888596447800975
FGD5,-0.35,0.5267826876426369,0.0,1.505093393264677
SH3BP5,-1.85,1.4966629547095764,0.05,0.809007002545717
NR1D2,-0.175,0.5309190145398825,0.025,3.0338229402279007
THRB,-0.3375,0.4385701198212208,0.0,1.299467021692506
ITGA9,-0.7375,0.689089072616886,0.05,0.9343580645652692
CSRNP1,0.325,0.8699856320652658,0.125,2.6768788678931252
KIF15,2.7625,0.8802520945729128,0.0,0.31864329215309056
CCR9,-0.2375,2.190854570709795,0.3,9.224650824041241
PFKFB4,-0.7,0.85,0.075,1.2142857142857144
MANF,-1.5,1.284523257866513,0.0,0.8563488385776753
STAB1,3.5375,1.2717483045005407,0.0,0.3595048210602235
FLNB,8.15,2.1011901389450696,0.0,0.2578147409748551
PXK,1.9125,0.4728570079844434,0.0,0.24724549437095078
PRICKLE2,-1.65,1.617096162879623,0.1,0.9800582805331048
LRIG1,-0.5875,2.5047143050655496,0.275,4.263343497983914
FRMD4B,0.3875,0.45397549493337197,0.0,1.1715496643441856
MITF,-0.75,0.51234753829798,0.0,0.6831300510639733
GBE1,-13.575,0.7378177281686853,0.0,0.05435121386141328
PROS1,0.1,0.2783882181415011,0.0,2.7838821814150108
DCBLD2,0.1375,0.47417691845976645,0.075,3.4485594069801193
ABI3BP,-3.4375,4.601884804077564,0.025,1.338730124822564
NFKBIZ,-0.1,0.2783882181415011,0.025,2.7838821814150108
ALCAM,-0.125,0.4437059837324712,0.0,3.5496478698597698
CD96,0.4625,0.6362733296312207,0.0,1.3757261181215583
PHLDB2,-1.4875,0.802242949486002,0.025,0.5393229912510938
CD200,0.0,0.6800735254367721,0.225,
GRAMD1C,-0.0375,0.46620140497428797,0.125,12.432037465981013
ZBTB20,-0.425,0.6279928343540235,0.025,1.4776301984800555
POLQ,0.0,0.0,0.0,
CD86,-2.8625,2.876602814084697,0.1,1.0049267472784968
MYLK,-0.5125,1.807925261176468,0.3,3.5276590461979866
KALRN,15.375,2.2213453130929466,0.0,0.14447774394100465
ITGB5,14.2125,5.921240896129797,0.0,0.4166220507391238
GATA2,0.575,0.5425633603552676,0.0,0.9435884527917698
GATA2-AS1,2.2375,0.7330373455697875,0.0,0.32761445612057544
ATP2C1,-3.175,1.1098986440211558,0.0,0.3495743760696554
EPHB1,-3.9875,3.262452106928162,0.075,0.8181698073801034
NMNAT3,-5.275,0.967923034130297,0.0,0.18349251831853972
CPA3,0.0125,1.865768943358207,0.225,149.26151546865654
MED12L,3.0,0.7071067811865476,0.0,0.23570226039551587
SUCNR1,1.175,0.6378675411086537,0.0,0.5428659924328968
MME,11.8875,1.5591965078206147,0.0,0.1311626925611453
MME-AS1,3.1125,1.7624113452880403,0.0,0.5662365767993705
CCNL1,10.3625,3.0207356306039097,0.05,0.2915064540992916
MLF1,-1.05,0.9987492177719091,0.075,0.9511897312113419
SMC4,11.6625,0.5048205126577168,0.0,0.04328578886668526
MECOM,1.55,0.9669539802906859,0.0,0.6238412776068941
TNIK,-6.6375,7.054242960800258,0.025,1.0627861334538995
FNDC3B,-1.375,0.4841229182759271,0.0,0.35208939510976517
KLHL24,19.2125,0.8652131240336106,0.0,0.045033864621137835
ABCC5,1.1875,0.4702060718451007,0.0,0.3959630078695585
LIPH,10.825,7.221106217194149,0.0,0.6670767868077736
IGF2BP2,3.525,2.7770262872360427,0.0,0.7878088758116434
HES1,9.4875,1.697378493442167,0.0,0.17890682407822575
CYTL1,1.225,0.5238081709939241,0.0,0.4275985069338155
AFAP1,-7.1375,3.951245847830783,0.0,0.553589610904488
CLNK,-6.9125,2.8676809010069446,0.0,0.41485437989250556
LINC00504,0.0625,0.5266343608235224,0.05,8.426149773176359
CD38,5.1125,7.435125671432864,0.5,1.4543033098157192
PROM1,-1.5625,0.4498263553861645,0.0,0.28788886744714526
ARAP2,2.625,3.5772720053135463,0.2,1.3627702877384937
RHOH,12.225,3.3221792546459623,0.0,0.2717529042655184
RBM47,6.2375,3.7499791666087963,0.1,0.6011990647869814
LIMCH1,-0.3375,0.5633327169621875,0.0,1.669133976184259
ATP10D,2.1125,4.413739202762211,0.35,2.089344001307556
TEC,0.175,0.34550687402713137,0.0,1.9743249944407508
KIT,-3.775,2.091500657422799,0.0,0.5540399092510725
HOPX,-1.5125,0.4675401052316261,0.0,0.30911742494652966
SPINK2,0.0,0.0,0.0,
JCHAIN,4.45,4.221670285562339,0.0,0.9486899518117615
ADAMTS3,-7.2375,1.520639257023177,0.0,0.21010559682530944
RASSF6,-0.7125,0.9545123100306252,0.0,1.3396664000429828
CXCL8,14.9,1.7930421077041108,0.0,0.12033839649020878
CXCL3,-2.125,2.7630372780691905,0.2,1.3002528367384425
EREG,0.0875,0.5688530126491377,0.075,6.501177287418717
AREG,0.7875,0.7896795236043542,0.0,1.0027676490214021
BMP2K,0.0,0.0,0.0,
ANTXR2,15.5375,1.0511154789080028,0.0,0.06765023194902674
PRKG2,1.9,0.5722761571129799,0.0,0.3011979774278841
RASGEF1B,-0.575,0.8554969316134337,0.05,1.4878207506320587
HPSE,-3.6375,3.2112838164821245,0.075,0.8828271660431957
GPAT3,2.2125,0.8207275735589733,0.0,0.3709503157328693
GPRIN3,-0.15,0.6910137480542627,0.075,4.6067583203617515
MMRN1,-0.9625,2.663145461667462,0.325,2.766904375758402
HPGDS,-1.0625,0.6040229714174785,0.0,0.5684922083929209
EMCN,11.025,0.9807522622966516,0.0,0.08895712129674845
BANK1,-3.0,0.9937303457175896,0.0,0.33124344857252985
CENPE,-0.8375,0.6460214779711276,0.025,0.7713689289207494
TET2,-1.5625,0.4357106264483344,0.0,0.27885480092693404
LEF1,0.875,1.9292161620720474,0.325,2.204818470939483
EGF,0.2375,2.190854570709795,0.375,9.224650824041241
ELOVL6,-0.0625,0.2781074432660874,0.0,4.449719092257398
ZGRF1,0.5375,0.8615937267645349,0.125,1.6029650730502976
CAMK2D,-2.6625,1.6784944891181501,0.0,0.6304204653964883
SEC24D,-0.325,1.825342433627181,0.025,5.616438257314403
USP53,0.675,1.1540688887583792,0.125,1.7097316870494506
TBC1D9,-1.225,1.673133288175213,0.0,1.3658230923879289
RNF150,1.5,1.5612494995995996,0.075,1.0408329997330663
IL15,0.075,1.5022899187573615,0.25,20.030532250098155
GYPB,16.025,3.563618245547634,0.0,0.22237867366911915
HHIP,1.9625,0.6163146517810525,0.0,0.3140456824362051
SLC10A7,-0.6375,1.7747799159332402,0.35,2.7839684955815533
ARHGAP10,-3.2375,2.021718019408246,0.0,0.6244688863037053
LRBA,3.8625,5.5778440055275835,0.2,1.4441020079035816
TMEM154,-4.1375,1.581089418723685,0.0,0.38213641540149484
TLR2,-1.775,0.5356071321407138,0.0,0.30175049698068385
GUCY1A1,-1.1625,0.4385701198212208,0.0,0.37726461920105014
GUCY1B1,4.1,0.7842193570679061,0.0,0.1912730139190015
CTSO,8.6,2.4423349483639627,0.0,0.28399243585627476
RXFP1,1.0,1.1832159566199232,0.05,1.1832159566199232
RAPGEF2,0.3,0.4301162633521313,0.0,1.4337208778404378
MSMO1,-1.025,1.6429774800647756,0.2,1.6029048585997812
PALLD,0.025,0.3526683994916471,0.1,14.106735979665883
HPGD,-2.1375,2.345174567063186,0.0,1.0971576921933033
STOX2,-2.75,1.9039432764659772,0.05,0.6923430096239916
ACSL1,14.9625,2.944035283416284,0.0,0.19676092119741248
OTULINL,-1.9875,1.1962833067463576,0.0,0.6019035505642051
RETREG1,2.2875,3.4221475348091,0.0,1.4960207802444152
BASP1,10.225,9.695972101857555,0.1,0.9482613302550176
CDH6,-8.5375,3.5060438887726435,0.0,0.4106639986849363
PDZD2,2.675,0.9845684333757608,0.0,0.368062965747948
GOLPH3,12.7625,1.036746714487198,0.0,0.0812338267962545
NPR3,0.1125,0.7025622748198197,0.0,6.244997998398397
SLC1A3,-1.325,0.4943429983321297,0.0,0.37308905534500353
FYB1,-1.0625,0.3739568825412898,0.0,0.3519594188623904
SELENOP,-0.675,0.6378675411086536,0.025,0.9449889497905979
HMGCS1,-0.8125,1.016658128379447,0.075,1.2512715426208578
PARP8,-2.8,1.298075498574717,0.0,0.46359839234811323
FST,-0.6125,0.8099961419661208,0.025,1.3224426807610135
IL6ST,5.35,2.0130822139197395,0.0,0.3762770493307925
MAP3K1,9.7,0.5338539126015656,0.0,0.05503648583521295
RAB3C,-3.8625,1.4915910129790941,0.0,0.3861724305447493
ELOVL7,1.6875,0.5441449714919729,0.0,0.32245627940265065
NLN,-1.575,2.2151467220028564,0.25,1.406442363176417
MAST4,-1.75,3.271085446759225,0.0,1.8691916838624143
CCNB1,0.1625,0.7192661190407901,0.15,4.426253040251016
GCNT4,3.85,2.7367864366808017,0.025,0.7108536199170913
IQGAP2,-5.5875,1.6042424224536638,0.0,0.2871127377993134
F2R,4.7875,1.3411166056685748,0.0,0.280128794917718
S100Z,-0.05,0.18708286933869706,0.0,3.741657386773941
CRHBP,8.85,4.211887937730538,0.0,0.47591954098650147
DHFR,0.9875,1.71204373483857,0.225,1.7337151745200707
SSBP2,-2.3,0.9340770846134703,0.0,0.40612047157107406
VCAN,1.0875,0.8130767183974708,0.025,0.7476567525493985
MEF2C,8.1125,0.6753471329620049,0.0,0.083247720550016
TNFAIP8,0.3875,0.46754010523162615,0.0,1.2065551102751642
FBN2,-9.1875,0.38222212128551636,0.0,0.041602407758967765
SLC22A4,-2.7,0.9669539802906858,0.0,0.3581311038113651
IRF1,8.7875,0.31399641717701177,0.0,0.03573216696182211
TIFAB,0.475,2.8612715704735194,0.325,6.0237296220495145
TGFBI,-9.2375,1.066463196739578,0.0,0.11544933117613833
EGR1,-0.0625,0.2287875652215391,0.0,3.6606010435446255
MZB1,-0.9875,0.7944140922717825,0.0,0.8044699668575013
ARHGAP26,2.675,0.9188987974744554,0.0,0.3435135691493291
DPYSL3,-0.8875,0.41060169264142105,0.0,0.4626497945255449
JAKMIP2,3.8625,0.9616879691459178,0.0,0.24898070398599814
CSF1R,3.6375,1.9104564245226845,0.0,0.5252113881849304
CD74,-4.4875,0.6173279112432872,0.0,0.1375661083550501
CCDC69,-0.65,1.374772708486752,0.025,2.1150349361334646
GALNT10,1.0125,0.8328227602557461,0.025,0.8225409977834529
CYFIP2,0.6125,0.45397549493337197,0.0,0.7411844815238725
LINC02227,11.1125,1.3623853162743644,0.0,0.1225993535454996
PTTG1,8.25,0.5809475019311126,0.0,0.07041787902195304
HMMR,-0.025,0.8728545125048046,0.275,34.91418050019218
DUSP1,-1.725,1.3827056809024831,0.0,0.8015685106681061
COL23A1,-3.5,2.0524375751773793,0.0,0.5864107357649655
CANX,0.425,0.6666145812986691,0.025,1.568504897173339
LTC4S,-2.85,0.6244997998398398,0.0,0.2191227367859087
RNF130,1.3875,0.9184735978785672,0.0,0.6619629534259944
SERPINB9,-16.275,1.5204851199534968,0.0,0.09342458494337923
F13A1,0.325,4.000859282704154,0.05,12.310336254474318
LY86,2.1375,0.7069962871189636,0.0,0.3307584968977607
BMP6,16.5625,1.5659960887562905,0.0,0.09455070724566282
NEDD9,-4.2875,2.4028303623019247,0.0,0.5604269066593411
CD83,-2.975,3.27671710710583,0.075,1.1014175149935563
MYLIP,-2.5875,0.993022532473458,0.0,0.38377682414433156
CARMIL1,4.9125,0.954512310030625,0.0,0.19430276031157762
HLA-F,-1.0625,0.7431983248097375,0.05,0.6994807762915176
MPIG6B,-0.9375,2.1828522052580657,0.175,2.3283756856086035
HLA-DRA,-0.5,0.5361902647381804,0.025,1.0723805294763609
HLA-DQA1,-0.525,0.8870597499605086,0.025,1.6896376189723974
PACSIN1,0.35,1.2609520212918492,0.15,3.6027200608338554
RAB44,-1.45,0.659545297913646,0.0,0.4548588261473421
PIM1,6.475,4.540030286242593,0.225,0.7011629785702846
KCNK17,-9.0,0.0,0.0,0.0
TREML1,0.175,0.4943429983321297,0.05,2.8248171333264556
HSP90AB1,5.0,0.4609772228646444,0.0,0.09219544457292887
RHAG,7.45,4.137934267240117,0.025,0.5554274184214921
MCM3,0.3875,0.6071192222290446,0.0,1.5667592831717279
DST,18.525,1.9587942719948923,0.0,0.10573788242887408
MMS22L,-0.2375,0.7581845092060375,0.125,3.1923558282359474
CRYBG1,5.1,5.842944463196617,0.3,1.1456753849405132
CD24,-2.1875,0.9662265521087692,0.0,0.44170356667829447
SCML4,0.4375,0.9095843831113197,0.175,2.0790500185401593
FOXO3,2.375,6.868178433908077,0.15,2.8918646037507694
FYN,9.775,1.2447389284504604,0.0,0.12733902081334633
MAN1A1,-0.4,0.6041522986797286,0.0,1.5103807466993215
NCOA7,-3.6125,2.9947610505681417,0.0,0.8289995987731881
ARHGAP18,-0.0875,0.5464373248598599,0.0,6.244997998398398
TMEM200A,-0.0125,0.5301827515112124,0.1,42.41462012089699
ENPP3,6.0,8.12865302494823,0.25,1.3547755041580383
LINC01013,-0.4125,1.669159593927435,0.25,4.046447500430146
VNN2,9.85,2.7617928959282954,0.0,0.2803850655764767
CITED2,-0.3125,0.7473912964438374,0.05,2.3916521486202797
ADGRG6,-0.45,0.5338539126015656,0.0,1.186342028003479
AIG1,5.1125,11.260821184531792,0.2,2.202605610666365
STXBP5,-0.3375,0.5290025992374707,0.0,1.567415108851765
TAB2,0.1,0.5267826876426369,0.125,5.267826876426369
PLEKHG1,3.7,4.329838334164453,0.025,1.1702265768012035
MTHFD1L,-3.775,0.9079509898667439,0.0,0.24051681850774675
MYCT1,3.8,1.6650825805346712,0.0,0.43817962645649244
RGS17,-4.5,1.6733200530681511,0.0,0.37184890068181137
CNKSR3,-0.075,0.8699856320652658,0.075,11.599808427536878
ZDHHC14,-0.3625,3.3708075812778158,0.475,9.298779534559491
SYTL3,4.1375,2.1937054838788184,0.0,0.5302007211791706
ACAT2,-0.5375,1.2469337392179265,0.2,2.319876724126375
IGF2R,4.0625,0.4768057780690163,0.0,0.11736757614006556
AGPAT4,2.9875,1.137362629067792,0.0,0.3807071561733195
AFDN,-0.575,0.5425633603552675,0.0,0.9435884527917697
CARD11,0.475,0.8058380730643098,0.0,1.6965012064511786
ACTB,-0.0625,0.2781074432660874,0.025,4.449719092257398
THSD7A,13.9125,0.5688530126491377,0.0,0.040887907468042245
AHR,-0.0625,2.000585851694448,0.075,32.00937362711117
ITGB8,6.5625,1.8309406735336895,0.0,0.27900048358608603
RAPGEF5,3.6875,7.853094533367085,0.325,2.129652754811413
GPNMB,-1.4875,0.862318821550359,0.05,0.5797101321346951
OSBPL3,9.6,2.372235232855292,0.025,0.24710783675575956
KIAA0087,-0.4125,0.41664583281247397,0.0,1.0100505037878158
HOXA3,1.85,0.43588989435406733,0.0,0.23561615911030664
HOXA9,-0.675,0.48153400710645555,0.0,0.7133837142317859
MTURN,0.65,0.7262919523166975,0.0,1.1173722343333807
ANLN,9.2375,2.690231170364361,0.0,0.29122935538450456
AOAH,0.0625,0.35685256059050496,0.05,5.709640969448079
TRGC2,1.7625,2.3371657515033033,0.1,1.3260514902146403
TRG-AS1,2.5375,0.7279036680770334,0.0,0.2868585884047422
TNS3,10.1125,1.9477150073868608,0.0,0.19260469788745221
ABCA13,5.0125,1.1263186716023135,0.0,0.2247019793720326
GSAP,9.3375,2.899110855072638,0.0,0.31048041285918476
GNAI1,11.575,1.2725466592624415,0.0,0.10993923622137725
CD36,0.0,0.0,0.0,
SEMA3C,10.4625,1.0629410849148697,0.0,0.10159532472304608
HGF,-2.9125,1.145030021440486,0.0,0.39314335500102526
ABCB1,2.2625,0.7983381175917883,0.0,0.3528566265599064
CDK6,-1.1375,0.5699506557588999,0.0,0.5010555215462856
NPTX2,-0.3375,0.7192661190407901,0.05,2.1311588712319702
MCM7,4.9125,1.3033010972143007,0.0,0.2653030223336999
TFR2,-0.5625,0.4768057780690163,0.0,0.8476547165671401
NAMPT,-1.6,2.133658829335187,0.15,1.3335367683344916
PRKAR2B,-1.0125,0.07806247497997998,0.0,0.07709874072096788
GPR85,-0.075,0.34550687402713137,0.025,4.6067583203617515
MDFIC,-1.275,3.6553898560892244,0.3,2.8669724361484117
CTTNBP2,-0.3625,0.6122448448129229,0.0,1.6889512960356492
UBE2H,5.7,2.4743686063317245,0.0,0.43409975549679375
MEST,-2.95,1.8090052515125543,0.0,0.613222119156798
CALD1,-2.725,2.9175117823241092,0.025,1.0706465256235262
TMEM140,-9.3375,4.1973019607838555,0.0,0.4495102501508814
MGAM,-1.5375,1.6672863431336562,0.075,1.0844138817129472
TRBVB,-0.35,0.4769696007084729,0.0,1.362770287738494
KEL,-0.3125,0.4428247395979588,0.0,1.4170391667134683
KCNH2,4.0125,0.7025622748198198,0.0,0.17509340182425415
NCAPG2,-0.125,0.5782516753110188,0.125,4.626013402488151
DLGAP2,-0.2875,0.5797359312652615,0.025,2.0164728044009097
PRAG1,0.125,0.4710360920354193,0.075,3.7682887362833544
DLC1,0.0625,0.2287875652215391,0.0,3.6606010435446255
MTUS1,16.3375,2.601411876270269,0.0,0.15922949510453063
CSGALNACT1,5.0625,0.5383713866839508,0.0,0.10634496527090385
ADAM28,-1.05,0.29154759474226505,0.0,0.2776643759450143
CLU,-4.7875,1.2742031823849758,0.0,0.2661521007592639
RBPMS,-0.5875,0.9610378504512712,0.05,1.6358091071510998
RAB11FIP1,12.1375,4.930754886424593,0.0,0.4062413912605226
FGFR1,-8.8875,0.3789376597806029,0.0,0.04263714877981468
ANK1,3.1875,1.3119046268688894,0.0,0.4115779221549457
PRKDC,-0.125,0.33071891388307384,0.0,2.6457513110645907
MCM4,-0.95,0.65,0.0,0.6842105263157895
LYN,-12.3375,2.8644098432312366,0.0,0.23217101059625017
CA8,-5.05,2.3790754506740637,0.0,0.47110404963842845
PREX2,1.075,0.6851094803022361,0.0,0.6373111444671964
SLCO5A1,3.075,3.0691000309536993,0.225,0.9980813108792518
PAG1,-4.1375,1.422970045362867,0.0,0.3439202526556778
CA2,-7.7,0.998749217771909,0.0,0.12970769061972842
RIPK2,-3.675,2.2873292285982796,0.025,0.6224025111832053
NECAB1,6.55,6.878226515607056,0.175,1.050110918413291
TP53INP1,-7.575,4.3338060639581,0.0,0.5721196124037096
LRP12,-0.7625,1.936451329106931,0.0,2.5396083004681063
ANGPT1,-7.3875,0.964931992422264,0.0,0.1306168517661271
PKHD1L1,-1.45,1.4866068747318506,0.0,1.0252461205047245
TRPS1,0.0125,0.3257203555198846,0.05,26.057628441590765
ENPP2,13.125,1.6835602157333132,0.0,0.12827125453206195
DEPTOR,-0.075,1.7977416388346796,0.3,23.96988851779573
TMEM65,0.1625,4.2652483808097275,0.175,26.247682343444477
MTSS1,3.65,1.4017845768876185,0.0,0.38405056901030643
SQLE,3.15,3.725251669350676,0.175,1.1826195775716433
ASAP1,-5.5,4.466542286825459,0.0,0.8120985976046289
PTK2,8.9,0.8154753215150046,0.0,0.09162644061966344
PUM3,-1.225,1.3645054048995189,0.025,1.1138819631832806
NFIB,-2.2125,2.126874173523201,0.0,0.9612990614794129
FREM1,0.9875,0.26190408549696204,0.0,0.26521932708553114
TTC39B,0.9125,0.7490619133289317,0.025,0.820889768031706
CCDC171,11.6375,0.7069962871189636,0.0,0.06075156065469075
PLIN2,-0.4875,0.48072211307573526,0.0,0.9860966422066364
MLLT3,2.1875,1.5357713859816506,0.025,0.7020669193058975
ANKRD18A,-0.5125,0.8402938474129155,0.025,1.6395977510495914
PGM5,0.9625,0.6744210480108106,0.0,0.7006971927385045
PIP5K1B,-0.05,0.21794494717703367,0.0,4.358898943540673
KLF9,-0.2375,0.6019499563917253,0.1,2.5345261321756856
ALDH1A1,5.375,1.2487493743742177,0.0,0.23232546499985446
ANXA1,-0.4875,1.394128311885244,0.2,2.859750383354347
TLE4,17.225,2.3020371413163603,0.0,0.13364511705755355
TLE1,-4.3625,2.9558998206975824,0.0,0.6775701594722252
AGTPBP1,-2.3375,0.7696387139431072,0.0,0.3292572038259282
DAPK1,-1.0625,1.0850547221223452,0.0,1.0212279737622072
NFIL3,-4.825,1.595109714094927,0.0,0.33059268685905224
SMC2,0.45,1.8124568960391858,0.1,4.0276819911981905
ABCA1,17.4875,2.5944351504711,0.0,0.14835940817561685
SLC44A1,-1.475,3.4981244974986234,0.15,2.371609828812626
KLF4,0.9,0.7262919523166975,0.0,0.8069910581296639
PAPPA,-4.275,2.559174671647092,0.0,0.5986373500928869
PTGS1,-1.175,2.105201890555868,0.15,1.7916611834518024
NEK6,1.65,0.7762087348130012,0.0,0.4704295362503038
SH2D3C,-6.6125,1.3013814775076522,0.0,0.1968062725909493
GFI1B,1.775,3.035107082130711,0.15,1.7099194828905415
COL5A1,1.325,0.6851094803022361,0.0,0.5170637587186687
FCN1,-3.8375,3.5783856346123457,0.025,0.9324783412670608
LCN6,-1.6,2.3932195887548637,0.075,1.4957622429717898
PNPLA7,-1.825,1.4686303142724517,0.0,0.8047289393273708
KLF6,0.025,0.15612494995995996,0.0,6.244997998398398
IL2RA,-0.35,0.6819090848492928,0.075,1.9483116709979795
GATA3,-0.5625,0.5935855035291883,0.0,1.0552631173852236
CAMK1D,-0.8625,0.5588772226527039,0.0,0.6479735914813958
OPTN,16.975,1.1882234638316143,0.0,0.06999843675002146
MCM10,0.2125,0.47285700798444347,0.025,2.2252094493385575
FAM107B,-2.575,0.833291665624948,0.0,0.3236084138349313
NMT2,-0.975,0.558457697592217,0.0,0.5727771257356071
FAM171A1,8.6375,0.33517719194479806,0.0,0.03880488474035289
ITGA8,0.0,0.0,0.0,
MRC1,-1.2625,0.9419892515310353,0.0,0.7461301002226023
PLXDC2,0.2,1.2786711852544423,0.3,6.3933559262722115
ARHGAP21,8.5125,3.0051778233575464,0.0,0.35303116867636375
MPP7,4.6875,2.8867964510855284,0.0,0.6158499095649127
SVIL,0.0625,0.2287875652215391,0.0,3.6606010435446255
ZEB1,0.25,0.7071067811865476,0.1,2.8284271247461903
PARD3,17.8125,0.5206666399914632,0.0,0.029230407859169867
ALOX5,5.125,4.699401557645399,0.075,0.9169564014917851
ANK3,-0.0625,0.923224647634583,0.1,14.771594362153328
CDK1,-0.1,0.37416573867739417,0.0,3.7416573867739413
ARID5B,5.125,3.338693606786942,0.0,0.651452411080379
JMJD1C,16.4375,2.2532961966860903,0.0,0.1370826583535264
SRGN,-0.05,0.21794494717703364,0.0,4.358898943540672
P4HA1,7.7625,9.215467635991134,0.075,1.1871777952967644
VCL,-0.275,0.7822243923581008,0.125,2.844452335847639
PPIF,-1.425,1.3672508913875319,0.0,0.9594743097456364
SH2D4B,9.575,1.398883483353778,0.0,0.14609749173407605
MINPP1,0.4,0.45000000000000007,0.0,1.125
PAPSS2,-0.2875,1.359630004817487,0.175,4.7291478428434335
KIF20B,0.775,0.5356071321407136,0.075,0.6911059769557595
KIF11,0.175,0.5539629951540085,0.1,3.1655028294514773
HELLS,-1.4,0.9630680142129111,0.0,0.6879057244377937
PDLIM1,-0.3,0.4301162633521313,0.0,1.4337208778404378
BLNK,8.425,2.344008319097865,0.0,0.2782205719997466
DNTT,4.525,0.47368238303741045,0.0,0.10468118962152716
PIK3AP1,0.7,0.6103277807866851,0.025,0.8718968296952645
PGAM1,0.7375,0.689089072616886,0.025,0.9343580645652692
SCD,-2.225,0.38649062084350766,0.0,0.1737036498173068
NT5C2,0.275,0.7741931283601011,0.175,2.8152477394912765
TCF7L2,0.375,1.4694812009685594,0.275,3.918616535916158
ABLIM1,0.0625,0.1996089927833914,0.0,3.1937438845342623
SLC18A2,8.625,1.1333026956643137,0.0,0.13139741399006535
PDZD8,-0.025,0.27271780286589287,0.025,10.908712114635714
FGFR2,11.925,7.4116040773910745,0.1,0.6215181616260859
CHST15,1.4125,2.497217201206175,0.075,1.7679413813849025
ADAM12,-1.1875,1.0469449603489192,0.0,0.8816378613464583
DOCK1,0.2,0.5220153254455275,0.0,2.6100766272276377
PTPRE,0.0,0.0,0.0,
MKI67,-2.5625,1.962738838969668,0.0,0.7659468639881631
BNIP3,0.1625,0.6163146517810525,0.075,3.7927055494218616
ADAM8,-2.2375,0.9082090893621358,0.0,0.4059035036255356
CDKN1C,-1.25,1.2549900398011133,0.025,1.0039920318408906
GALNT18,1.0875,1.117404917655189,0.075,1.0274987748553464
MICAL2,1.3,0.5099019513592784,0.0,0.392232270276368
SPON1,-0.2,0.4153311931459038,0.025,2.0766559657295187
PDE3B,-2.25,1.0665364503850772,0.0,0.47401620017114543
BDNF,-3.3875,3.117465918017389,0.0,0.9202851418501516
CAT,2.75,0.4183300132670378,0.0,0.15212000482437738
CD44,-0.8875,0.362068708949006,0.0,0.4079647424777533
LDLRAD3,0.0,0.0,0.0,
PRR5L,-1.5,12.312087556543773,0.375,8.208058371029182
C1QTNF4,2.8,2.4969981978367546,0.0,0.8917850706559839
PTPRJ,-3.225,1.2295832627357939,0.0,0.38126612798009113
SLC43A3,-0.9625,0.2825663638864329,0.0,0.2935754429988913
DTX4,-9.05,0.5567764362830022,0.0,0.06152225815281792
MS4A3,0.0,0.22360679774997896,0.025,
MS4A4E,-1.375,1.5801503093060483,0.0,1.1492002249498532
FADS2,0.0,0.0,0.0,
FADS1,10.6125,3.4122710545910624,0.0,0.32153319713461126
ASRGL1,-5.275,0.9079509898667439,0.0,0.17212341040127846
AHNAK,1.7125,0.857959060794861,0.0,0.5009979917050283
ACY3,-0.7625,0.8513775601928911,0.05,1.1165607346792015
CTTN,-9.15,2.142428528562855,0.0,0.2341451943784541
P2RY6,2.8,1.499166435056495,0.025,0.5354165839487482
PGM2L1,3.5125,1.7229607511490213,0.0,0.4905226337790808
SYTL2,-8.55,2.7856776554368237,0.0,0.32581025209787406
FAT3,5.975,3.1103657341219537,0.0,0.520563302781917
PIWIL4,0.15,0.6910137480542626,0.075,4.6067583203617515
ENDOD1,-2.7625,1.3037805605238943,0.0,0.47195676399055
SESN3,8.35,9.63405418294915,0.0,1.1537789440657664
MAML2,-0.8625,1.2449272067072839,0.1,1.4433938628490246
TRPC6,-1.475,0.6015604707757982,0.0,0.4078376073056259
CEP126,-2.425,1.3016816046944815,0.0,0.5367759194616418
PDGFD,13.525,1.1562331079847177,0.0,0.08548858469387931
ZBTB16,0.0,0.0,0.0,
IL10RA,6.0125,4.778189379880207,0.125,0.7947092523709283
JAML,-0.6375,0.6122448448129229,0.0,0.960384070294781
ARHGEF12,11.5125,2.084129014720538,0.0,0.18103183624065478
SORL1,0.125,0.3112474899497183,0.0,2.4899799195977463
UBASH3B,1.3375,1.8754582773285042,0.1,1.4022117961334613
HSPA8,-8.025,5.029848407258414,0.025,0.6267723871973101
VWA5A,-2.0625,2.522864195710899,0.075,1.2232068827689206
NRGN,-0.2625,1.2297738613257319,0.125,4.684852805050407
ETS1,0.6625,0.8469614808242463,0.125,1.2784324238856548
FLI1,1.1375,0.7663835527984665,0.0,0.6737437826799706
WNT5B,1.9375,0.5146297212559725,0.0,0.26561534000308257
TSPAN9,-2.8625,1.6582652833608982,0.0,0.5793066492090474
VWF,13.325,2.0510667955968667,0.0,0.15392621355323577
CD9,-1.2,0.7810249675906655,0.0,0.6508541396588879
SLC2A3,-0.525,0.7822243923581007,0.05,1.4899512235392394
CLEC7A,-3.0125,1.1962833067463576,0.0,0.3971064918660108
APOLD1,6.6125,4.728223107045606,0.025,0.7150431919917741
EMP1,-1.5375,0.4385701198212208,0.0,0.2852488584203062
ITPR2,-11.0125,0.23684119151870522,0.0,0.021506578117476072
LRRK2,9.7,2.027313493271329,0.0,0.20900139105889992
ADCY6,-0.225,2.1152718501412533,0.175,9.401208222850014
TUBA1C,16.725,2.819463601467485,0.0,0.16857779380971508
GALNT6,13.3125,0.7389815626928726,0.0,0.05551035212716414
KRT1,0.7375,4.035758138194112,0.225,5.472214424669982
TESPA1,0.075,0.6759252917297888,0.125,9.01233722306385
LRP1,1.5875,1.1878946712566734,0.025,0.7482801078782195
PPM1H,0.9625,0.5406882188470542,0.0,0.561753993607329
SRGAP1,5.05,12.337848272693257,0.5,2.4431382718204473
GNS,0.5125,0.984171605971235,0.0,1.9203348409194831
LINC02384,-8.45,1.2539936203984452,0.0,0.14840161188147283
GLIPR1,-1.0,0.0,0.0,0.0
LIN7A,0.9375,1.0073945354229394,0.025,1.0745541711178022
DUSP6,-0.2,0.3840572873934304,0.0,1.920286436967152
ATP2B1,14.8625,3.855171040304178,0.0,0.2593891364376234
BTG1,10.3375,2.873124388187884,0.0,0.27793222618504315
PLXNC1,-8.9,3.2962099447699016,0.0,0.3703606679516743
FGD6,-0.75,1.0428326807307104,0.0,1.390443574307614
HAL,-0.325,0.5539629951540084,0.025,1.704501523550795
HSP90B1,0.0875,0.44563858674939716,0.075,5.09301241999311
TCP11L2,-1.975,1.3460590625971804,0.025,0.6815488924542685
WSCD2,-0.55,0.8426149773176359,0.0,1.5320272314866106
ALDH2,-7.25,0.6324555320336759,0.0,0.0872352457977484
TPCN1,-2.125,1.4131082761062579,0.025,0.6649921299323567
TESC,0.5125,0.862318821550359,0.1,1.682573310342164
CIT,-0.0875,0.5109733358992423,0.125,5.839695267419913
MLEC,1.9375,1.0197272919756537,0.025,0.5263108603745309
PITPNM2,0.8,0.5678908345800274,0.0,0.7098635432250342
ATP6V0A2,-0.0375,0.17275343701356569,0.0,4.6067583203617515
BRI3BP,-1.3875,0.6753471329620049,0.0,0.4867366724050486
LINC00539,0.25,0.8944271909999159,0.1,3.5777087639996634
TNFRSF19,-0.1625,0.5048205126577168,0.075,3.106587770201334
WASF3,-0.7,0.4,0.0,0.5714285714285715
FLT3,1.0875,0.2712816801776338,0.0,0.24945441855414607
LINC00426,2.0875,1.4048465218663566,0.0,0.6729803697563386
ALOX5AP,-1.45,0.7968688725254613,0.0,0.549564739672732
FRY,1.175,0.6851094803022361,0.0,0.5830718981295626
BRCA2,-3.2875,0.7736884062721892,0.0,0.2353424809953427
RFC3,-4.9125,1.2839757591169703,0.0,0.2613691112706301
FOXO1,0.5875,0.857959060794861,0.075,1.4603558481614654
RGCC,-3.2375,1.378348196211683,0.0,0.4257446165904813
EPSTI1,4.375,0.6098155458825234,0.0,0.13938641048743391
RUBCNL,3.9625,2.1254043732899395,0.0,0.5363796525652844
CYSLTR2,0.1875,2.2267900103063156,0.375,11.87621338830035
PCDH17,0.4375,0.690900680271774,0.0,1.579201554906912
DIAPH3,-3.5875,3.1382469230447754,0.0,0.8747726614758956
PCDH9,-0.3,0.45825756949558394,0.0,1.5275252316519465
NDFIP2,0.325,0.4943429983321297,0.0,1.521055379483476
ABCC4,-5.125,1.297834735241741,0.0,0.2532360459008275
CLDN10,5.025,2.0091976010338057,0.0,0.3998403186136927
TNFSF13B,-11.3875,0.6660283402378611,0.0,0.05848766983427979
CEBPE,0.6875,2.0021472847920054,0.075,2.912214232424735
STXBP6,-0.85,3.681372026839994,0.225,4.3310259139294045
NFKBIA,-1.5625,1.0258380720172164,0.0,0.6565363660910185
FBXO33,16.9125,5.417434240486911,0.025,0.3203213150324855
POLE2,0.35,0.6041522986797286,0.075,1.7261494247992248
FERMT2,-1.7125,6.876488475232108,0.225,4.015467722763275
CDKN3,-4.1125,1.2868930608251798,0.0,0.3129223248207124
DLGAP5,1.1125,0.7372881051529314,0.0,0.6627308810363428
DAAM1,-2.1375,1.9589139210286908,0.0,0.916450957206405
CCDC175,-10.2,2.0396078054371136,0.0,0.1999615495526582
RTN1,-0.825,3.8284298348017303,0.425,4.640521011880885
PRKCH,0.95,0.9407443861113389,0.0,0.9902572485382516
HIF1A,20.4625,0.7364399160827718,0.0,0.035989733223348655
SGPP1,-0.575,0.5760859310901456,0.025,1.0018885758089489
SYNE2,0.6625,0.6460214779711275,0.075,0.975126759201702
ACTN1,4.125,0.7224091638399944,0.0,0.17512949426424107
SLC8A3,3.8125,1.5956483791863418,0.0,0.41853072240953226
FOS,19.35,2.286372673034735,0.0,0.11815879447207933
STON2,-0.625,0.9404121436902014,0.05,1.5046594299043223
RPS6KA5,-0.8375,2.0596950623818078,0.025,2.4593373879185765
LGMN,2.0625,1.124652724177557,0.0,0.5452861692982095
TCL1A,2.075,1.4122234242498601,0.0,0.6805896020481254
MEG3,2.425,0.9188987974744554,0.0,0.3789273391647239
HSP90AA1,-0.6625,0.6460214779711275,0.0,0.975126759201702
TNFAIP2,-8.1,2.4979991993593593,0.0,0.3083949628838715
TDRD9,0.4375,0.4897384506039933,0.025,1.1194021728091275
IGHD,0.225,1.0243900624273938,0.2,4.552844721899528
FAM30A,1.1125,0.378937659780603,0.0,0.3406181211511038
ATP10A,4.025,2.6527108775741093,0.025,0.6590586031240022
APBA2,-0.1125,0.7025622748198198,0.075,6.244997998398398
RYR3,-0.075,0.23848480035423641,0.0,3.1797973380564857
SLC12A6,0.1375,0.33517719194479806,0.025,2.4376523050530765
MEIS2,0.9875,0.6173279112432873,0.025,0.6251421886007973
SPRED1,12.625,3.1479159772776657,0.0,0.24933987938832997
THBS1,12.7875,7.444702394992026,0.1,0.5821859155418985
KNL1,2.725,4.157748789910232,0.075,1.5257793724441218
NUSAP1,-0.9375,0.8745534574855902,0.0,0.9328570213179629
STARD9,-6.225,1.6505680840244066,0.0,0.26515149944167177
DUT,3.0875,9.823369775693063,0.2,3.181658226945122
FBN1,-0.0375,0.45259667475579185,0.075,12.06924466015445
ATP8B4,7.7375,1.1290897882808082,0.0,0.14592436682142917
SLC27A2,-3.4875,0.9047617089598786,0.0,0.25942988070534156
DMXL2,10.1875,1.8120689142524353,0.0,0.17787179526404273
GNB5,2.8375,0.9771610665596537,0.0,0.3443739441619925
RAB27A,-0.8625,1.5571909805800956,0.2,1.805438818063879
LINC00926,-14.4125,4.97605202444669,0.0,0.34525946396854745
CCNB2,-0.4375,0.46351240544347894,0.0,1.0594569267279519
ANXA2,0.65,2.5475478405713994,0.2,3.919304370109845
TPM1,-2.1875,2.565851466862414,0.1,1.172960670565675
PCLAF,-2.35,0.6819090848492928,0.0,0.2901740786592735
PAQR5,-11.5125,1.8044649483988322,0.0,0.15673962635386166
PKM,-1.775,0.9871043511199816,0.0,0.556115127391539
ADAMTS7,-0.3625,6.977631671993013,0.225,19.24863909515314
AKAP13,12.9125,2.1991120367093626,0.0,0.17030877341408424
FANCI,-0.025,0.8212033852828421,0.225,32.848135411313685
ANPEP,0.0125,1.4425996499375702,0.25,115.40797199500561
PRC1,1.025,0.248746859276655,0.0,0.24267986270893172
MEF2A,4.3375,1.2009761654587487,0.0,0.2768821130740631
PCSK6,3.05,1.6347782724271815,0.0,0.5359928762056333
TPSD1,0.0375,0.2825663638864329,0.025,7.535103036971544
NPW,-8.6125,0.42555111326373,0.0,0.049410869464584034
SNX29,15.4875,1.5830646701888083,0.0,0.1022156364932241
CPPED1,0.7625,0.48717938174762687,0.0,0.6389237793411501
ARL6IP1,-1.6375,1.2398966690817423,0.075,0.7571888055461022
PLK1,-0.075,0.5973901572674261,0.125,7.965202096899015
PRKCB,-9.375,2.623809253737779,0.0,0.27987298706536307
IL4R,12.025,1.1616260155488942,0.0,0.0966009160539621
MVP,-5.1875,5.169244988390471,0.0,0.9964809616174402
ITGAL,2.4125,1.3778946803003487,0.0,0.5711480540105072
ITGAM,-2.2875,1.3959203952948034,0.0,0.6102384241725917
ITGAX,3.775,3.297631725951217,0.125,0.8735448280665475
GPT2,1.7625,0.7415144974981945,0.0,0.42071744538904654
NETO2,-3.55,0.5338539126015656,0.0,0.15038138383142693
CYLD,-2.075,2.46867879644153,0.05,1.1897247211766409
MMP2,-13.0125,0.32572035551988454,0.0,0.02503134336367989
LPCAT2,-0.8,0.6000000000000001,0.0,0.7500000000000001
MT2A,-3.7625,1.9332210815113724,0.075,0.5138129120296007
KIFC3,0.8,1.6800297616411444,0.025,2.10003720205143
CDH1,-10.925,1.7872814551715126,0.0,0.1635955565374382
IRF8,-0.1875,1.0288798520721456,0.25,5.4873592110514435
ZFPM1,0.0,0.0,0.0,
RFLNB,-2.4625,1.6672863431336564,0.025,0.6770705961964087
ABR,1.45,0.7228416147400482,0.0,0.49851145844141254
SLC43A2,-8.375,1.6611366590380214,0.0,0.1983446757060324
P2RX1,-10.55,1.404457190518814,0.0,0.13312390431457952
SPNS3,0.3,0.5338539126015656,0.0,1.7795130420052185
GP1BA,3.35,1.924188140489386,0.025,0.5743845195490704
XAF1,-0.2875,0.6603739470936145,0.075,2.296952859456051
CLEC10A,-8.3125,0.4833153732295301,0.0,0.05814320279452994
PER1,1.0125,1.4555389895155677,0.15,1.4375693723610545
AURKB,-0.5625,0.7175261319283083,0.0,1.2756020123169924
MYH10,0.325,0.5539629951540085,0.05,1.7045015235507952
PIK3R6,10.6875,9.873378031352795,0.175,0.923824845038858
GAS7,-12.4,2.0130822139197395,0.0,0.16234533983223706
TMEM97,10.4,3.9420806688854046,0.0,0.37904621816205814
ATAD5,3.925,2.3546496554689407,0.0,0.5999107402468639
SLFN5,-7.175,4.845810045802456,0.025,0.6753742224114921
CCL5,4.625,4.127272101521779,0.175,0.8923831570857901
TOP2A,8.0,0.0,0.0,0.0
CCR7,-0.0125,0.5301827515112124,0.15,42.41462012089699
BRCA1,0.1,0.5024937810560446,0.1,5.024937810560446
ITGA2B,6.1,1.4326548781894402,0.0,0.23486145544089185
ARHGAP27,-1.75,0.7416198487095663,0.0,0.42378277069118075
ITGB3,0.7375,0.8586872247797799,0.025,1.1643216607183455
SKAP1,-2.075,1.4939461168328663,0.0,0.7199740322086102
HOXB3,-2.6,1.2854960132182442,0.0,0.4944215435454785
CALCOCO2,3.1,2.5548972582082436,0.0,0.8241604058736269
FAM117A,1.1,0.7681145747868608,0.0,0.6982859770789643
ABCC3,13.2375,3.9701818283297805,0.025,0.29991930714483706
HLF,-1.6375,0.642139976952066,0.0,0.39214655081042205
MSI2,-1.7125,0.5904182839309772,0.0,0.3447698008356071
BRIP1,-4.325,1.2577261228105268,0.0,0.29080372781746283
MRC2,3.0,0.570087712549569,0.0,0.190029237516523
ERN1,3.625,4.102971484180703,0.025,1.1318542025326077
CEP112,-2.325,0.9845684333757608,0.0,0.4234702939250584
KPNA2,-1.7625,0.7983381175917883,0.0,0.452957797215199
SDK2,1.6,2.080264406271472,0.0,1.30016525391967
TK1,2.1375,1.900616676239583,0.025,0.8891773923927874
BIRC5,8.4875,0.5532573994082681,0.0,0.0651849660569388
CYTH1,5.3,3.0306764921383476,0.1,0.5718257532336505
ACTG1,1.4875,0.4935521755599908,0.0,0.33179978188906945
P4HB,0.5125,0.7457169369137326,0.05,1.4550574378804542
TYMS,-0.05,0.3122498999199199,0.0,6.244997998398398
ADCYAP1,4.925,7.630981260624351,0.1,1.5494378194161118
EMILIN2,0.75,0.48733971724044817,0.0,0.6497862896539309
MYOM1,5.275,1.077903056865505,0.0,0.20434181172805782
EPB41L3,1.325,0.7545694136393285,0.025,0.5694863499164744
MTCL1,-0.0375,0.17275343701356569,0.0,4.6067583203617515
RAB31,0.05,1.116915395184434,0.325,22.338307903688676
PIEZO2,0.025,2.8960101864461736,0.3,115.84040745784694
ZNF521,-0.1875,0.7473912964438374,0.025,3.986086914367133
MAPRE2,-11.9125,7.73214677499076,0.125,0.6490784281209452
SETBP1,0.1625,0.4090767042988393,0.025,2.5173951033774724
PSTPIP2,-0.2,0.4000000000000001,0.0,2.0000000000000004
RAB27B,-4.8375,1.2766533397911901,0.0,0.2639076671402977
TCF4,8.5125,1.0982229964811336,0.0,0.12901298049704948
BCL2,-1.9125,0.8283077628514658,0.0,0.4331020982229886
SERPINB10,-6.4625,0.7936269589674988,0.0,0.12280494529477737
CDH7,7.775,1.0603655030224248,0.0,0.1363814151797331
CD226,2.1125,0.6936092199502542,0.0,0.3283357254202387
PRSS57,3.5125,1.0276642204533541,0.0,0.2925734435454389
GNG7,-1.875,3.488821434238216,0.125,1.8607047649270485
CHAF1A,-0.6125,0.8550402037331344,0.1,1.3959840060949131
FCER2,5.25,3.3354160160315836,0.0,0.6353173363869683
PRAM1,5.8875,1.8657689433582068,0.0,0.3169034298697591
MYO1F,4.325,14.009617232458567,0.3,3.2392178572158534
DNMT1,8.575,1.267625733408722,0.0,0.14782807386690636
KLF1,-0.7625,0.642139976952066,0.0,0.8421507894453325
CALR,-0.075,0.23848480035423641,0.0,3.1797973380564857
ADGRE5,0.0375,1.509915146622485,0.1,40.26440390993293
ADGRE2,14.1375,2.299422481841908,0.0,0.1626470367350598
NOTCH3,-0.0875,1.1004970467929482,0.325,12.577109106205123
HSH2D,7.7,1.0535653752852738,0.0,0.13682667211497063
KLF2,0.05,0.3122498999199199,0.025,6.244997998398398
NIBAN3,-0.1,0.3905124837953327,0.025,3.905124837953327
IQCN,-2.7625,1.6162746517841575,0.0,0.5850767970259393
JUND,-14.875,2.536606985719309,0.0,0.17052820072062583
CHST8,-0.9,1.0735455276791945,0.0,1.192828364087994
GPI,-0.4,0.6910137480542627,0.025,1.7275343701356567
CD22,3.2875,1.4225307553792994,0.0,0.4327089750203192
HCST,2.65,3.448187929913333,0.0,1.3012029924201256
KCNK6,9.9,2.222611077089287,0.0,0.22450616940295828
ZFP36,-6.3375,1.6332004622825698,0.0,0.2577042149558295
CLC,5.9375,0.4357106264483344,0.0,0.07338284234919316
BLVRB,10.9,1.8648056198971519,0.0,0.17108308439423411
POU2F2,0.2375,1.1618277626223261,0.275,4.891906368936111
APOC1,-0.1375,1.5731636119615786,0.35,11.441189905175117
FOSB,1.0875,1.4700658998834033,0.075,1.3517847355249686
EMP3,2.5875,3.3408223164364785,0.35,1.2911390594923589
SPIB,-11.125,3.939781085288877,0.0,0.35413762564394397
CLEC11A,-14.0375,3.7222095252685605,0.025,0.2651618539817318
NKG7,3.0875,1.213916698130477,0.0,0.3931714002042031
SIGLEC6,-0.45,0.47169905660283024,0.0,1.048220125784067
MYADM,1.55,1.2932517156377563,0.05,0.834355945572746
GP6,-0.1875,0.38222212128551636,0.0,2.0385179801894204
AVP,-0.9,0.6442049363362563,0.0,0.7157832625958404
PCNA,-0.1625,1.582669817112843,0.225,9.739506566848265
PLCB4,0.9,0.8602325267042626,0.0,0.9558139185602919
TPX2,-0.175,0.6077622890571609,0.125,3.4729273660409197
HCK,13.1125,1.5830646701888083,0.0,0.12072943147293104
SAMHD1,0.1625,1.9312803395675107,0.025,11.88480208964622
RBL1,-1.1625,0.6460214779711275,0.0,0.555717400405271
CTNNBL1,-0.325,0.44087980221371,0.0,1.356553237580646
BPI,-5.4375,1.8614090764794289,0.0,0.3423281060192053
UBE2C,-2.0125,0.23684119151870522,0.0,0.1176850641086734
ZMYND8,-0.0625,0.3903123748998999,0.05,6.244997998398398
SULF2,-6.9625,2.248297967352192,0.0,0.3229153274473525
B4GALT5,-4.3125,1.040958092336094,0.0,0.24138158662865947
RIPOR3,6.725,0.9871043511199816,0.0,0.14678131615167014
BCAS4,-2.1125,0.6845390785046535,0.0,0.32404216733948094
ATP9A,-0.3,0.6103277807866851,0.075,2.034425935955617
CASS4,9.825,0.8407585860400117,0.0,0.08557339298117168
RBM38,1.4625,1.963375600846664,0.0,1.3424790433139584
TUBB1,0.2625,1.4704909894317613,0.275,5.601870435930519
NRIP1,-16.8625,6.117584797123779,0.1,0.3627922785544124
LINC02573,0.9,0.9500000000000001,0.025,1.0555555555555556
APP,0.025,0.24874685927665502,0.025,9.9498743710662
TIAM1,-2.1625,3.000807183075914,0.0,1.3876565008443533
RUNX1,-4.325,1.7195566289017643,0.0,0.3975853477229513
ERG,19.975,1.900493356999703,0.0,0.09514359734666847
BACE2,-0.7375,0.4328322423295196,0.0,0.5868911760400266
ABCG1,-0.0375,0.3603383826349894,0.05,9.609023536933051
SLC37A1,2.3,0.998749217771909,0.0,0.43423879033561263
C21orf58,-0.2125,0.5688530126491377,0.05,2.676955353643001
IL17RA,-9.0875,0.33330729064933456,0.0,0.03667755605494741
ADA2,-9.525,2.15624094200996,0.0,0.2263770017858226
MIF,12.9625,3.1172654282239107,0.0,0.24048335029692658
MN1,-0.3625,0.4741769184597664,0.0,1.3080742578200453
LIF,-0.85,0.9096702699330126,0.05,1.0702003175682502
PIK3IP1,-4.0125,0.4675401052316261,0.0,0.11652089850009373
TIMP3,9.4,1.8445866745696717,0.0,0.1962326249542204
CSF2RB,-0.9125,0.24717149916606487,0.0,0.2708728757984273
CYTH4,6.175,1.882651056356435,0.0,0.30488276216298543
PDGFB,-7.3875,2.709906594331251,0.0,0.36682322765905256
RPL3,15.375,1.5722197683530124,0.0,0.10225819631564308
GRAP2,0.45,0.49749371855331004,0.0,1.1055415967851334
KIAA0930,-9.925,1.485555451674558,0.0,0.14967813115108894
GTSE1,1.4875,1.4641016870422627,0.075,0.9842700417090842
DENND6B,-3.45,1.1280514172678477,0.0,0.3269714252950283
P2RY8,6.25,0.8366600265340756,0.0,0.1338656042454521
CLCN4,17.7125,2.021408852755919,0.0,0.11412329443928972
ARHGAP6,13.3875,3.520453628440517,0.0,0.2629657238797772
SAT1,0.35,0.6442049363362562,0.025,1.8405855323893034
CYBB,5.4125,2.230155543902712,0.025,0.4120379757787921
GPR34,-6.7375,2.58840563861231,0.0,0.38417894450646534
MAOB,-5.9,1.9144189719076647,0.0,0.3244777918487567
EFHC2,2.4125,1.3687928075497766,0.0,0.5673752570154514
SLC9A7,2.0,1.0665364503850772,0.0,0.5332682251925386
EBP,6.8875,3.0710085883956753,0.025,0.44588146473984397
GATA1,-0.25,0.4183300132670378,0.0,1.6733200530681511
TSPYL2,-2.675,1.3808964479641477,0.0,0.5162229712015506
RPS4X,-0.8,0.8276472678623424,0.025,1.034559084827928
CYSLTR1,2.0,0.4330127018922193,0.0,0.21650635094610965
DIAPH2,0.6875,0.6193494570918747,0.025,0.9008719375881814
SYTL4,-3.1125,0.7372881051529314,0.0,0.2368797124989338
BEX1,16.425,3.2395022765850934,0.0,0.19722997117717464
BEX2,-0.825,0.9120718173477349,0.0,1.1055415967851332
FHL1,-3.0125,0.9778004653302227,0.0,0.32458106732953446
IDS,-5.425,0.9588404455382554,0.0,0.17674478258769685
FLNA,-1.4375,0.4768057780690163,0.0,0.33169097604801134
CTAG2,-12.0625,1.9849039649313012,0.0,0.16455162403575554
IL9R,-11.325,2.2543014439067375,0.0,0.19905531513525276
