gene,coupling,coupling_shuffle0,abundance
DFFB,0.013575684124327908,0.009242140133333104,0.04432580598106158
SLC2A5,0.296409697384278,-0.18099898500941852,0.26941855188281605
CNR2,0.0570695702472712,0.01314069238918094,0.0200826345815112
RCAN3,0.052180131106796965,0.10082563881857441,0.0332330649061208
CLSPN,0.21925933183491114,-0.11869101060206264,0.28203584622586925
HIVEP3,0.1883861376448069,0.10702258246937618,0.017670936816184164
PATJ,0.2545565916878971,0.006197572643619984,0.01350291562434795
DNAJC6,0.4672699005929557,0.05027549110057174,0.0510785549781421
PDE4B,0.051728296460003306,0.3323460199552798,0.04153266594078079
SGIP1,0.37048604654704526,0.3724250755205307,0.009320325578018629
SLC35D1,-0.03930385077652822,-0.0010073866063558484,0.05625734738205696
IL12RB2,0.2681464491665215,0.2617950993964848,0.05842261210410721
NEGR1,0.2781474905583541,0.09489461643011389,0.07204685348559701
IFI44L,0.1762446619853184,0.3581509872280143,0.015190548629029415
LINC01725,0.11146922335749646,0.02268566799696204,0.0031721947094946945
TTLL7,0.172059297327322,0.03596133674813418,0.03429561520559327
COL24A1,0.25493324490560554,-0.14449893881884135,0.12047039212851136
LMO4,0.01571686434173091,-0.03212513551686324,0.9477628386049556
TSPAN2,0.45793607159396615,-0.2485836145935053,0.19106677377266418
SLC22A15,0.09973344302818235,-0.0960501581915823,0.0452046105332608
LMNA,0.37066462427809466,0.120978423812002,0.07804138656417085
SPTA1,0.3308627118476768,0.06888050748013105,0.06831993984533845
MNDA,0.3556229682880031,0.11522616241161317,0.03583183598328795
FCER1A,0.5881037417718397,-0.13119447574975393,0.9286542949786923
FCER1G,0.10687511773130447,-0.007912529454530344,0.017843357103311284
PBX1,0.1922539482689514,0.005766555938783652,0.01012591491530825
SELP,0.09095691758861264,-0.04234845764883042,0.0414609911853277
DNM3,0.12650372110525016,0.13045261166857383,0.027884915434797614
RASAL2,0.034945186974933456,-0.07140215814100176,0.03727078786867031
RALGPS2,0.08967954747474288,-0.006272180842148074,0.14485381715704107
ASPM,-0.09766931385132763,0.06638931682464838,0.3005635172605353
BTG2,0.560396786532635,-0.010583813688834856,0.4807146185314346
SLC45A3,0.2604381307961248,-0.008412599812043798,0.18274554733647938
FCMR,0.4776495631981887,0.15642148161737884,0.042267698702037254
CR1,0.06715420639034819,0.04786838036349865,0.017961323936744423
CR1L,0.05951182388803465,-0.17827911214587214,0.005313977202710382
ATF3,0.434780814930986,-0.07298847427423102,0.10578739384039576
CENPF,-0.23324430685566003,0.12200925051161081,0.8726661345168285
LYST,0.018604964642266252,-0.007625723840848372,0.15037622297611264
ID2,0.610119032272359,-0.16956304462504054,0.49634241054121214
RRM2,0.5157625094931578,-0.1822048154434043,0.026422743052990846
FAM49A,0.11890786045313503,0.19756578842432612,0.016455253854655162
ALK,0.05614110166777863,0.09887579394005311,0.004657945408224159
YPEL5,0.5599310284191025,-0.1373922393940412,0.2540355052667491
TTC27,-0.08655654452970865,0.10136782240132874,0.13581952269833594
LTBP1,0.1662936411576585,-0.1356472509921683,0.10359472960547592
RASGRP3,-0.14624980890181263,-0.0933129287798983,0.02664133335380225
CRIM1,0.28898276128000233,0.2849403425208878,0.04956832419214538
SOS1,0.23739587120407213,-0.1719339977489123,0.2914605923402041
SLC8A1,0.0366260844136077,0.039442301915794155,0.008077369012670416
EML4,-0.05280744897454316,-0.008019053112239993,0.11350923089412224
LINC01122,0.06402834076095922,0.1843335200545666,0.024162504874157355
PELI1,0.06332791178223847,-0.01881757138498899,0.03528648497260208
MEIS1,0.45970796150629123,0.21917056000497942,0.19618123916917654
CNRIP1,0.17158394005480254,0.23368816568681447,0.005438723682185998
PLEK,-0.004840519285400063,-0.14864829429972043,0.8866442092909315
EXOC6B,0.0616714818738059,0.05037644648923892,0.02725087832762074
EIF2AK3,-0.10295142338324462,-0.0025884057548605545,0.037684847819519696
AFF3,0.4466772464407152,0.24796463968263874,0.09780168503788758
RFX8,0.29301751556757527,0.08248337739228873,0.05157981710732165
IL18R1,0.08622925754285808,0.04825872519196964,0.01333529687818222
TMEM163,0.27590398207798594,0.15262402205848197,0.04934971430880609
CXCR4,-0.012822465832480414,-0.1732198478744188,0.341673117681879
KYNU,0.13175086476502135,-0.028016216933706498,0.012821204301980808
CACNB4,0.15130354741993782,0.025221765541530994,0.009034922622207522
CYTIP,0.001064217428313127,0.3065682152530996,0.09440217602637077
COBLL1,0.130605351581857,0.04278465813840884,0.015035431152345435
SCN3A,0.4172881894696371,0.22650051674971713,0.027309734607599608
SCN9A,0.5399849131559938,0.2129412652086205,0.14012554940340705
XIRP2,0.2014290275455309,0.18968430688922266,0.017007494570507518
DHRS9,0.09712904194618682,0.06853771083044118,0.014170783723992325
ITGA6,0.1915499764154871,0.22243174192552506,0.22633249018903126
OSBPL6,0.09852991998035085,-0.06572113699523932,0.004249484705759922
PJVK,0.04024445772999076,0.08237169785949665,0.010284972223804204
CALCRL,0.24458429011832838,0.14529058132489966,0.05333843999724065
SLC40A1,0.3308046636149091,-0.2674682130390057,0.6605987852478107
STAT4,0.13150969534634738,0.04431225528210327,0.008376642818569412
STK17B,0.3304039229718896,-0.01188018494626487,0.14075448075951336
PLCL1,0.061740482271544855,0.005809898191037542,0.0034918750963144943
PARD3B,0.12139808220838338,0.034308169222637235,0.0072729689868876925
IKZF2,0.11986609743858885,0.051323815126594216,0.006067743613388495
IGFBP2,0.16301968387526414,-0.40574028274277235,0.17967692294010498
DIRC3,0.049500479536599196,0.0033179052514008965,0.0027055117702195035
PTMA,0.09692063294708163,-0.23659633510796954,12.434790527507825
AGAP1,0.04837697871729252,-0.053040382895228416,0.0032893750767075992
SNED1,0.30110548719575764,0.021464804288508183,0.009438080069777048
SH3BP5,0.11767999429485575,0.00561699345035537,0.10628069796100455
ANKRD28,0.19241167497248646,0.40301777778867126,0.1464604531295699
ZNF385D,0.27308359374680236,0.031577645480785746,0.11217520608994859
UBE2E2,0.055683292601720356,0.032492894747668484,0.014827753865061374
THRB,0.307655025051346,0.009964640436148151,0.02120844443000132
DOCK3,0.07678142960385802,0.13494564024395775,0.015918664371066763
LRIG1,0.06310114253782373,0.00018908061192289872,0.01605231248388407
MITF,0.05878525789507452,-0.028774947431489218,0.011826456588875711
PROS1,0.023412537311004043,-0.3994074170983721,0.04733534128877371
ABI3BP,0.3384895179787176,0.009069989732655387,0.010424941654413883
NFKBIZ,0.43629089215025624,0.34653596983026247,0.31640671926981107
CD96,0.1310282902933353,0.1522955479256454,0.008947770992141217
PHLDB2,0.44300653018405467,-0.14483145267231,0.06395232183106986
POLQ,0.08133442057941796,-0.09902059723455735,0.07530902264869523
CD86,0.07583869790655243,-0.0716611710333908,0.005206679104711046
MYLK,0.03920826155374952,0.15456743142004054,0.06998582845244919
KALRN,0.19117691740161966,-0.14526723480470194,0.009897447323493607
GATA2,0.3661048485570339,-0.36238603159808225,1.1714813940160453
TMCC1,0.04346409862277951,0.07233379602601958,0.03203326953526997
SLC9A9,0.23935194792423184,0.02342379469236003,0.027604555546844826
CPA3,0.2853536475656429,-0.04498150819543115,0.7268438279059586
MED12L,0.21131802454196794,-0.276960900710719,0.1810296008716518
P2RY14,0.004407821214049719,0.08049807095604687,0.014200580832598671
MME,0.27229934857865257,-0.0923438084083146,0.024411972725918614
MLF1,0.2007779460784473,0.11786968082267946,0.010947854033026316
IL12A-AS1,-0.05893102042257186,0.0012360240067496586,0.006901502480056293
PPM1L,0.0975614421812637,0.09240169354740471,0.05870464817338667
WDR49,0.3894525977811832,0.30567442039227,0.02730150138996749
MECOM,0.1284605448408258,0.0018104821702515583,0.06915151621099258
PLD1,0.22580649234220113,0.0109957478182046,0.01915666649363114
FNDC3B,0.2859398050648659,-0.22862104740106606,0.24193821000979485
NLGN1,0.12629555338032614,0.009549504346610883,0.008871100321057913
DGKG,0.23510839138132036,-0.049432149002941045,0.008844249761216914
TFRC,0.03533045965680568,0.4044140015222366,0.6019669284048217
CEP19,-0.007362317426557553,0.02840877629534912,0.044639434623298294
SPON2,0.36793845534330144,-0.1326446609055362,0.02048808305183696
STK32B,0.1262129239944767,0.09751383945915017,0.028802906327288956
CLNK,0.26782043396368216,-0.10427558757185759,0.009983999176399647
KLF3-AS1,0.23968270663488833,0.28386845735405297,0.007796421673879608
RHOH,0.2995571590764712,0.3529236985957919,0.20747957593141242
RBM47,0.18656573712704957,0.0868510362433742,0.006081945426840729
LIMCH1,0.5732911660763303,0.5710278939029466,0.050931892409679415
ATP10D,0.11066424035034017,0.1734563356869285,0.08542305795285643
KIT,-0.09396880127640998,-0.17024119532968401,0.31335676438624244
UBA6-AS1,-0.014687595005856076,-0.027249919321852632,0.0036789627939180685
AC111000.4,0.2991227134969844,-0.22076294300209987,0.012556533876837828
SLC4A4,-0.06237189981788867,-0.0072967488832926,0.0026308973724499195
ADAMTS3,0.29072097565963234,-0.16539964583151592,0.010732257007567166
RASSF6,0.31141647486042845,-0.14745102137468968,0.018345660147389455
CXCL8,0.16553751848790624,0.10245813466809678,0.020294816971681853
EREG,0.3623755140365399,0.05562423545680131,0.3230957501268726
AREG,0.2638223203088514,0.11330724707657465,0.03135372893416839
PRKG2,0.13191851321525616,-0.012478969790755218,0.0800565976870945
MMRN1,0.1488148822624219,0.0009743679970496843,0.37087491303644865
CCSER1,0.10466090149932426,-0.08494677748836729,0.03635035289710469
HPGDS,0.2791275512874362,-0.3551714684707347,0.29191638968745914
EMCN,0.3406592134415851,-0.012186865739210247,0.02769669296254596
BANK1,-0.029395557796470673,-0.1913622228026019,0.05779432130458426
CENPE,0.030034812903397427,-0.02015937533039285,0.21360588493513116
LEF1,0.13165496727326725,-0.07846307376782063,0.014696060205917344
CAMK2D,0.14247048659758418,0.04616605244983222,0.00771384465373475
USP53,0.18613503019802574,0.1471395094986952,0.07071034056822435
AC097376.3,0.11187113336116492,0.1393502249604026,0.03955205923078681
RNF150,0.37031794495507053,0.19029587161556158,0.01782294342431237
INPP4B,0.4040691169540511,0.06583294526479791,0.09783824142222299
GAB1,-0.013226985847808756,0.018021068429379162,0.0393266529382798
AC107223.1,0.08848934125106057,0.0058580294023640985,0.008267575236348468
HHIP,0.028329271790740358,-0.09548930637698899,0.0039397687752158505
SLC10A7,0.08105923846816958,0.039408422059717424,0.06181366214928742
NR3C2,0.04578231516913297,-0.015353668616066773,0.004587073593680267
LRBA,0.3988894214876221,0.22138856340265478,0.41612601999695065
TMEM154,0.08972639214482347,-0.057462192411641556,0.10804535286559455
RAPGEF2,0.10397588189149859,0.11130202904489288,0.18714316630411534
MARCH1,0.20338239950434478,-0.05741916153271417,0.07095416890762832
SPOCK3,0.23011732522587328,0.13165630400653985,0.016021182027038207
PALLD,0.3529377201725451,-0.11977999386874556,0.04215397872917233
HPGD,-0.014334486177625727,-0.06930928024631466,0.34541320330243697
STOX2,0.19058623089216595,0.07545252559174273,0.0070259241865701285
ACSL1,0.04346216232360948,0.10886247863743999,0.08195521976351884
C5orf17,0.13013027985778947,0.09839235952106883,0.02066852133751337
CDH9,0.1071929044042584,0.06271141110581728,0.019457465280037667
PDZD2,0.3069645778399582,-0.02149535332427021,0.04110079291192347
LINC02160,0.06668230981067486,0.13559585292098286,0.0027338229963759495
FYB1,0.5472309586075176,0.06892510554801687,0.23051564225155796
FBXO4,-0.09197554172773828,0.05650497912027392,0.08913001785115165
PARP8,0.021067646327140192,0.13023775936339588,0.05248127423223172
ARL15,0.09122894054782489,0.07658979251271257,0.03243926837359888
PLPP1,0.0414756387864018,-0.09891079926706735,0.007183668907858712
PDE4D,0.21758451894028336,-0.10632097659913586,0.05843409505190958
ADAMTS6,0.25902606930832417,-0.08056390070125716,0.030149051132608098
CCNB1,-0.11087465717682064,-0.458682148748009,0.19951925605348161
S100Z,-0.19103895585204378,-0.24861229472946944,0.06504636516776087
CRHBP,0.44504970915406494,-0.18483653812051096,0.04705328986383545
SERINC5,0.0011106075463406888,0.022924045585214284,0.007055996523553473
KIAA0825,-0.017022323105085366,0.09866866208410732,0.014138072746063785
ELL2,0.08916617761997109,-0.010122868876376983,0.03304725278842825
PRR16,0.16343935862097256,0.09642024094323409,0.013777121875704745
AC008568.1,0.06962040624988658,0.04168310699003769,0.005032396694106022
C5orf56,0.14874296537596313,0.39019522683789465,0.014030633001703732
EGR1,0.046976393194645166,0.16352110840976045,0.14451718426395344
MZB1,0.5733727781430886,-0.18308595054903576,0.4033755555199311
PPP2R2B,0.1383309173571576,0.10813494104115208,0.005834722948375201
DPYSL3,0.47391579893099267,0.03703086240530093,0.06580360380792254
CSF1R,0.10903001352817925,-0.13616963551087194,0.012841183211374448
HMMR,-0.01729035207221007,0.49269675544506636,0.17074362763719786
RANBP17,0.13066115891494914,-0.07779108544160586,0.009631679550302643
DUSP1,0.5215582195357573,-0.03231024461784287,1.0435640778969064
COL23A1,0.04639882592537157,-0.01061838504714146,0.009338348375605519
LTC4S,0.1622577733864496,-0.2447346162599973,0.30004690366781656
F13A1,0.12076762482805578,0.08413155555522549,0.023646198719766223
LY86,0.20226257031526718,-0.092925034635374,0.02071754958969862
BMP6,0.164839045875071,0.1280347765390708,0.009904463909287278
GCNT2,0.02217726119011543,0.14517026202951022,0.0291582077130078
NEDD9,0.2271719947457905,-0.18283598378567192,0.029112409057910585
CD83,-0.0761745846433777,-0.07512289391010984,0.0359729959318872
GMPR,0.5610315337124953,-0.2179198599786704,0.32617533518109904
CASC15,0.11603262817245057,0.2055553266852386,0.007295363263510299
CARMIL1,0.1808024611221649,-0.374680165365947,0.04566639467307562
HIST1H2BC,-0.03453150172656288,0.08366421990834609,0.23212038413684488
HIST1H2AC,-0.02769481528946021,0.4813569985784775,0.5581062637823404
HIST1H2BD,0.06055863344444882,0.07833015190561833,0.18749057972573074
HIST1H2BJ,0.058877884070025394,-0.001966126886947797,0.0336837271790321
HLA-DQA1,0.40083675713798717,0.17798514281112016,0.10513829541122227
PACSIN1,0.3040015883985042,-0.04618980756730141,0.011657168353811644
TRERF1,0.022220345121758262,-0.014887688213903802,0.05541390990183486
RUNX2,0.04703240949332776,0.1095385523214891,0.015821219065578828
KHDRBS2,0.0855347018497467,0.09862492210975281,0.01029261132029515
KCNQ5,0.22464505041173224,-0.1381880880464752,0.048514880131886394
TENT5A,0.04579666032364804,-0.0001489255721838193,0.012944869503096807
BACH2,0.36927052441680985,-0.18561902490155677,0.03522288315616889
KPNA5,0.11113429498523664,0.10756758637902787,0.03153231436394282
MAN1A1,0.0868742709557571,0.30498750616019704,0.4453566223926555
NKAIN2,0.1948959316403977,0.11177805891848179,0.021029877543206076
ARHGAP18,0.1947138794801563,-0.005191047363101514,0.1121570328855006
ENPP3,0.04833759766329962,-0.12009204759903101,0.023120593574251485
PDE7B,0.16646311245098303,0.11443709855691742,0.007539206361597323
NHSL1,0.0727867206587573,-0.028168677806057692,0.006033910239233145
ADGRG6,0.37866102910588145,-0.3029930835357742,0.1562512209161862
AIG1,0.044998293501756555,-0.035849597919179944,0.09274190896658024
STXBP5,-0.005395106881616476,-0.38134387918043194,0.40010256381860865
UST,0.15133844105984298,0.07768789353336815,0.005989707717530662
PLEKHG1,-0.03794053884213717,-0.06395037314889764,0.0056929946498411885
MTHFD1L,0.04567978444581825,0.10121861603353557,0.098788741402992
AKAP12,0.08757553783816115,0.019079840597572742,0.03377272592684459
ESR1,0.08454774799055603,0.04162277559409238,0.004609389133732747
SYNE1,0.20991670128750076,0.08401432040820597,0.10912611926587396
ZDHHC14,0.08405995154206328,0.0020156306931749376,0.0665788517269352
SYTL3,0.12341294957805951,0.06794692415516192,0.014763250709315097
PRKN,0.11906031367064003,0.0772240803674659,0.00527957526525426
PACRG,0.25040205905383994,0.18670411396399353,0.004629077004502554
RPS6KA2,0.13691024457541487,0.04331141395215177,0.015351640466353416
COX19,0.107403298366124,0.10784934998308379,0.031104066388003237
CARD11,0.2085760647586965,0.16598882127364842,0.029915974901717768
THSD7A,0.306349727431942,0.031495975896290794,0.027373114126921824
CRPPA,0.07516706758705628,0.03420034797516384,0.01961241719334974
HDAC9,0.11752539051495359,0.026967387430815754,0.0070873372863064785
ITGB8,0.376318926016454,-0.01197212777146668,0.021647503098829
RAPGEF5,0.14375276953986402,0.014609214217338502,0.006441439075826432
OSBPL3,0.038198483226027286,0.04322500549378576,0.07707270384135802
JAZF1,-0.03772423393748226,0.05824118452421245,0.006624208148094438
CREB5,0.2869325251245013,0.12833244164909438,0.007548506069501527
PDE1C,0.07827013888574141,0.16085121806929684,0.0020831614970894066
BBS9,0.09421716466545403,0.11868757200449892,0.008610648733785888
AOAH,-0.043667371693067523,-0.08781499005471603,0.120112887432862
ABCA13,0.024351001563739892,0.1635265386151925,0.0060439810371965465
CALN1,0.21285432770749657,0.28608858950705474,0.09529274974443983
HIP1,-0.0123246231320103,0.09169416458985778,0.10646743259666992
MAGI2,0.10219945779787383,0.006684044068857798,0.008621292008984477
CD36,0.4057996335915588,0.11209672207197006,0.02640397141377713
SEMA3C,0.2604171884248806,0.017382578601748976,0.047781009976425814
HGF,0.3546586768676042,0.09023734407336612,0.05456238992754912
PCLO,0.39220315875916656,0.27010603384007387,0.011432793295363054
ABCB1,0.27317180803793156,-0.23153327521749273,0.1098108214929681
AC002454.1,0.08765940351554077,0.08011678239584835,0.16269379084535124
PPP1R9A,0.31427728944894096,-0.14820976262319363,0.01508359521252309
NPTX2,0.3655244899934927,0.11654382136839875,0.03242721690829455
TFR2,0.5027537280730339,-0.00020607232753313195,0.12496166577149473
SERPINE1,0.26832818899732463,0.09889477689601525,0.013221582942285544
NAMPT,-0.2426769605968735,-0.03119825910453818,0.14097329271622558
PRKAR2B,0.2379979287893282,-0.2567731821478415,0.2516962622827814
CTTNBP2,0.1545594467801969,-0.4807837130068236,0.09730351360916865
CPED1,0.11368651170660388,-0.14318312694968915,0.02774069531076312
MEST,0.01981135138655575,0.22227276371579066,0.30485433647028515
PLXNA4,0.09748585776417147,-0.07978194079706166,0.003973063368757908
PRSS2,0.5078559481751886,0.29039311647857724,0.11305923951147244
TPK1,0.01885551391129765,-0.007319028564832429,0.009244930628308152
CNTNAP2,0.11854434426640927,-0.17960222870029074,0.011814226144512267
DLGAP2,0.1739713938743064,0.03698014588678616,0.004096653318728922
DLC1,0.21032997285851526,-0.5038921839564147,0.13403251353241857
SGCZ,0.03382249119268103,0.05894018405053559,0.0046291959843989
PSD3,0.03314998906808219,-0.12017405381399586,0.009123799827826583
CSGALNACT1,0.12132653596319856,0.04290575031355979,0.005181199216623728
TNFRSF10D,0.1053889376851792,0.09284274399014188,0.021643170451108817
RBPMS,0.319487459046169,0.006026307782898671,0.10472373782131106
RAB11FIP1,0.03957020471672592,-0.03636127279175168,0.09845715402167034
ANK1,0.4613995959555868,0.04922462717442136,0.08061110739785747
CYP7B1,0.08594200882996728,0.02985525776075741,0.01791413279211484
AC104232.1,0.054420912873899364,0.027163960553838927,0.004441350527296168
PREX2,0.41074036591159047,0.1831511428102916,0.040815158770464356
SLCO5A1,0.09264748854552877,0.033482915197375916,0.009299208591518256
IL7,0.16504602160346818,0.18586079624135993,0.003393772996322515
ZNF704,0.039826330400476534,0.00013952624042883315,0.06705572742567628
PAG1,0.12386884014900591,0.02243083756620123,0.0361851773046237
NCALD,0.2734901310493447,-0.0008018579334101634,0.017909866764352942
BAALC,-0.12923281162622396,0.35061467670580004,0.37124008368661154
BAALC-AS1,0.14901034220772613,0.03342105061145758,0.014152477797760535
EXT1,0.1318553059237898,-0.02274251884819833,0.023321817366165638
SAMD12,0.21623493961828344,0.0726556393174331,0.01022228813724093
ZHX2,0.11503338408173848,0.11337475060355699,0.023721265332874726
TBC1D31,0.07569334787344834,0.09628722294546622,0.05205145735183884
MTSS1,0.5034307777125586,0.3622194615780479,0.09953306545970632
PTK2,0.3324514694592366,-0.035954490505669096,0.034854183304796595
PTPRD,0.21901990590362033,0.05739535394278234,0.012092926965340044
FREM1,0.5359090603509512,0.01182009750816276,0.03365560601765536
PLIN2,0.125431127061671,-0.32066371782171454,0.13241871114709264
MAMDC2-AS1,0.11459712188350946,0.11636487572873085,0.003584803478663411
MAMDC2,0.18618977082959012,0.25715829431282117,0.14502436587838496
TLE1,0.0637785737831384,0.049517414730622586,0.013100743686173045
CENPP,-0.010359983765624579,-0.23671186195229452,0.053969930081835746
ABCA1,0.3760278437747288,-0.0696312160811011,0.05459582163734849
SLC44A1,0.08048974148087878,-0.037355186258432815,0.05350676935584956
PALM2-AKAP2,0.016107496779567337,-0.05204202396097913,0.15681902768518355
KLF6,0.2924815982434384,0.06639811127553202,0.05566385136619677
SFMBT2,0.07290559357113942,0.03933580427184325,0.02495461242913346
CAMK1D,0.4386692085210139,0.07072066034142471,0.3456492723943244
FAM107B,0.3324318249218664,0.45500434480257756,0.11796426008414504
FAM171A1,0.40655302390229653,-0.02833690414005788,0.03821747081174577
VIM,0.403510758772844,0.004674892012338916,7.569287481511987
CACNB2,0.2043356391659395,0.20126864774664416,0.026981127263034966
AL157895.1,0.1497245128329148,0.031033899246962923,0.010904125158213738
PLXDC2,0.34595505865367304,0.08581303300530728,0.16103778054048412
MPP7,0.06061679503275809,0.05866265001687318,0.04838148897905764
SVIL,0.4252702336516586,0.38798019972585157,0.15372587983367375
ZNF438,0.1160212569830642,-0.04084634428045052,0.0034372736423128056
PARD3,0.20153647794170873,0.03973617089880661,0.014692456231372325
ALOX5,0.14092459650864003,0.08505345730952028,0.022347414656044184
PRKG1,0.22763678235562418,0.12027234856714662,0.02786703638120761
LNCAROD,0.09257402696699028,0.30834846017357725,0.040409194149050504
ANK3,0.3466198066765497,-0.030088571602793764,0.013473527498874193
ARID5B,-0.12497743718826103,-0.11602637051811535,0.1330301714261731
SRGN,0.5874428064747187,-0.19918744308462388,4.634823110254621
LRMDA,0.17157756125922902,-0.03624737349456261,0.12856745894564578
PPIF,0.15668676497839187,0.039036666123087746,0.416581240262164
RNLS,0.062316952137916604,0.03296299941118818,0.002267731158217341
BLNK,0.19052916421476346,-0.10577275127224524,0.016792359406113455
SLC18A2,0.10626416385380566,-0.07878634424621153,0.10430552147459157
FGFR2,0.19710743060158514,0.08174345093310902,0.003387191104930821
ADAM12,0.07220081608479872,0.023487863618107993,0.005931574544310093
DOCK1,0.30895242034385045,0.3088537472407142,0.07031245004141662
PTPRE,0.14212931755972222,0.25378333824752863,0.13508258087472885
MKI67,0.06295042795906813,0.05642394287429351,0.5725964004921832
KCNQ1,0.14225301268808965,-0.0007859589683163972,0.009632540151229066
HBD,0.1671436528342262,-0.14835052776323915,0.49419279467295196
GALNT18,-0.028339809756217322,-0.04531415649045196,0.002499509115285973
MICAL2,0.41182555704670065,-0.009087964812185632,0.03010990223475703
SPON1,0.20679694352777972,-0.11699236852256886,0.012765954460435366
PDE3B,0.35585351273343835,-0.09380565854106744,0.020046990045262416
ANO5,0.030882550831691474,-0.0016024666358501723,0.0029553611151553437
MPPED2,0.282620852351781,0.32697083472033095,0.021382048848786726
ABTB2,0.0889892929845992,0.09680664124616319,0.004640724140695779
LDLRAD3,0.33337378936654055,0.06342552309586431,0.02331567276687437
MDK,0.5519596267418156,0.6040217868335211,0.4109721451027016
PTPRJ,-0.0023498708626433443,0.11036578110939078,0.013445081073827908
MS4A6A,0.15227286079246863,-0.07709504133155397,0.0057304302366410495
MS4A4E,0.01840169406217497,-0.0030014549579791736,0.008838868756121573
CSKMT,0.0013140743251784128,0.006539745313950794,0.032295170935020344
NEAT1,-0.11014781783547356,0.2191835354814321,4.729424936538701
PGM2L1,0.11464952995362204,0.05978357036773614,0.10203318860908121
GAB2,0.03454371623081482,0.19857347908915707,0.06893061424079142
DISC1FP1,0.059006367116819045,-0.013941835395634445,0.0036170251912547463
MAML2,0.25331167979765906,-0.0004809337052620325,0.04464334352365291
TRPC6,0.296348552602926,-0.09612436551123495,0.008134455830100572
PDGFD,0.388446610987478,-0.1162333442131961,0.04460432290489748
JAML,0.4192712944177123,0.0874121115224303,0.1284511839925802
UBASH3B,-0.003771627676960695,-0.09196130973780492,0.07119099924785094
VWA5A,0.14847721111636716,-0.0052381858039212414,0.0675530229734177
NRGN,0.24759410538634335,-0.481049243373927,0.17092828832065532
WNT5B,0.010654426429682,0.14185038828093183,0.012776163239635019
CACNA1C,0.08042035249305185,0.13077756617442068,0.006194336596628291
VWF,0.1672573916442028,0.13098473819543904,0.11182887894789567
CD9,0.18631967019227302,0.004896607510710882,0.2765164001877942
GAPDH,-0.0170191416955947,-0.11445423227342683,12.39567269007394
SLC2A3,0.09369464862395543,-0.0635248499805705,0.15757659335285215
CD69,0.4641358366989414,0.07215171463322816,0.6762690346697653
CLEC12A,0.2684270256404918,-0.09688571990652299,0.03684768930613453
CLEC7A,0.09724340918463371,0.07927698414289526,0.00524646286984813
APOLD1,-0.017080466400669053,-0.3150370034873692,0.10781886861769414
PDE3A,0.14911122173703448,0.012460357744341474,0.005903881724958074
RASSF8,0.1999589392481716,0.08577627600094954,0.004620611287577844
FAR2,0.01709479644521067,0.06458825159285185,0.02349381259831675
AC009318.1,0.25113248724990034,0.08711390299941478,0.09899125260226907
LRRK2,0.07249702919997549,0.006337261803728098,0.005190406041899869
PDZRN4,0.15333294147277354,0.17994199128729702,0.0037886562923808748
TMEM117,0.10710513716573469,-0.02186137447851328,0.008464399842183426
AC008014.1,0.06709835173509651,0.01970271180203413,0.011253676554770475
PCED1B,0.10163427735458022,0.14376458752972893,0.0033369431972109643
ADCY6,0.08792021780054225,0.06664596264312035,0.11453832364713923
LRP1,0.13828745278128113,0.036016397778433414,0.009147620538631199
TAFA2,0.04670558362327633,0.019902745095780373,0.07675665800739957
LINC02384,0.2064626315457331,0.15044013811313914,0.02758462673957692
MDM2,-0.013725768201194298,-0.006865083401023993,0.08357370278212892
LYZ,0.4042521027976428,-0.009368866570423063,0.65559712515959
CAPS2,0.045718123971631136,0.1012208754832329,0.0069155147830558174
SYT1,0.0953237057070331,-0.01178083785161545,0.014526544805311858
TMTC2,0.06343006656968181,0.14104256158087636,0.012864589398303984
CRY1,0.028774014862754983,0.060237901265112866,0.043830313708443154
ALOX5AP,0.09998310021897439,-0.0526724872432936,0.2527943844643165
RFC3,-0.0694601314089747,0.023236818327128424,0.062207914834817565
LHFPL6,0.025263464127055102,-0.04288830333645971,0.002471107066836624
FOXO1,0.1909505287909723,0.364647276082428,0.07975099216610693
EPSTI1,0.3046535245356088,0.2530307274624089,0.09241752261094138
DIAPH3,-0.07811335288087053,-0.03704375207883359,0.10564283603297328
PCDH9,0.28951181382868685,0.10289844811303689,0.21859427207381651
DACH1,0.11949549409600439,-0.09818011972606804,0.12343957328775196
NDFIP2,0.029761760819116342,0.015359085057228284,0.018119051735167938
AL162493.1,0.12516045108572044,0.06816928024357329,0.004758891075289667
GPC5,0.2136716287805592,-0.1415073207381765,0.009000401233936507
GPC6,0.051849656665043084,0.12811861457538032,0.010735121791287869
ABCC4,0.5764975366887392,-0.07111221188001056,0.4714473218551548
AC244502.1,-0.04820934818620298,0.1440981029402964,0.017524452248515156
MDP1,0.00599526928472513,0.12147715800189528,0.13616299813749771
STXBP6,0.11574138118546377,0.03620253812178483,0.011495744133918465
NFKBIA,0.4114875620146062,-0.30041757243223643,0.6721378919662622
FBXO33,0.14926712381179014,0.14926712381179014,0.09227063234381491
MDGA2,-0.00539436279527424,0.0936785174510482,0.006126264317443645
FERMT2,0.04397706137065452,0.08312406665223648,0.006922933545564842
SAMD4A,0.40361800950401844,0.2795271776506048,0.009514706568242983
GCH1,0.1841509342082412,0.12353130700795042,0.022192912362745797
DAAM1,-0.002492266257893033,0.07271886091913496,0.20410695317229752
PRKCH,0.2632266264623562,0.055671552181795994,0.07506958955492092
SYNE2,0.040708087768033835,0.019715536670040026,0.005150834847373093
SLC8A3,0.23810826901180138,-0.00484089134486295,0.04869608438245316
SIPA1L1,-0.049811283864138106,0.047333303597293166,0.05515391047049684
RGS6,0.11713751455111289,-0.24323808833441182,0.009170220447472621
FOS,0.3417098582624346,0.2430845353953747,1.030585282731352
LINC02328,0.07366567668823147,0.017321212816830203,0.0037233235627699797
CRIP1,0.25065083733787863,-0.048985407603967336,0.6989806621019244
ATP10A,0.13877723129301453,0.10101722293794549,0.01691118821179315
RYR3,0.46785294060599786,0.1273735353167447,0.03984515343653579
DPH6,-0.0009890465901990974,-0.009283000922734496,0.034783517221492116
MEIS2,0.07247837995370386,0.041434582547473425,0.003880357987348977
THBS1,-0.15778163035745105,-0.25014703169846936,0.1290133636785965
STARD9,0.19531460484211974,-0.013869851495654294,0.07777096657145227
LINC00926,0.08669113571966873,-0.11604790858612955,0.01658754241078
RORA,0.18176673286861833,-0.0229652630766449,0.01880307819425288
PAQR5,0.0293621075084844,-0.21087502947925243,0.005563271518799918
NRG4,0.223704480459042,-0.05096692292159908,0.006601559263207931
CTSH,-0.049095893687869076,-0.09821969519928858,0.012532366831376651
SH3GL3,0.04094031409222007,0.10958135314241939,0.0036443774044588283
LINC00923,0.04822903336723314,0.03351142535394243,0.003892695011557172
TPSB2,0.013735636977710118,0.009848199211239327,0.004991658445912451
BMERB1,0.2268469213931931,-0.012642442508690474,0.009430808750939365
ACSM3,0.07607825790633962,0.22628612054055747,0.10726515862353289
ACSM1,0.10622854905152627,0.04902804248151253,0.0026808702450662625
CDR2,0.06948155789811174,-0.041352575906983255,0.036830820407213895
LAT,0.18702413687760905,-0.24138306223602468,0.5531468733926829
ITGAL,0.2879698101398698,-0.16554999940600745,0.24416468709624506
ITGAM,-0.08069199212129691,0.15162212460491642,0.014932432130394777
WWOX,-0.029666623755927466,0.04101350868593145,0.07735071433479052
IRF8,0.09999129387954521,-0.18192058058556546,0.04136128073755369
NLRP1,0.26419666229947075,0.1696306378575622,0.017191939759232507
GAS7,0.5814378436808246,-0.12256729955796261,0.06934593938798408
UTP6,-0.02231057545386555,0.01856006310994666,0.22110005162017093
MYO1D,0.1226112748441537,0.08097934250539783,0.015568230108783485
SLFN5,0.11174624349433632,-0.0957111559728909,0.024340502270798984
TOP2A,-0.0946004202681679,-0.23571939049404578,0.906034565607666
VAT1,0.01885952491469858,-0.020273360022974293,0.18633817341610304
LINC00910,0.010519556042718306,0.028647557667619675,0.006418007524968517
ITGA2B,0.2380822652562942,-0.25341872345228117,0.7241566293216566
AC008105.3,0.05510758764755698,0.1360475637768294,0.02683617163569187
ITGB3,0.13479250406887164,-0.13822150695623506,0.050768269889774564
SKAP1,0.3818718793486001,-0.07556522103029951,0.055859507225697436
HLF,0.5333969620995218,0.27508615956217325,0.07334638921112009
MSI2,0.5044469503250808,-0.01702769944249243,0.8164378970173777
MPO,0.6370641971280038,-0.21522323728848838,9.90378468751826
TSPOAP1,-0.02436737227409079,-0.006670723146411596,0.16355624992025333
PRR11,-0.25407092041780116,0.05825438076644079,0.07476874852368857
BRIP1,0.046617576923059435,-0.2347938316142511,0.06685289853166779
ERN1,0.005839948191794081,0.011712592139591405,0.026292207537936894
CEP112,0.41006263396042086,0.3184715302619455,0.013387500756310879
PRKCA,0.13586935053074817,0.1955971575167112,0.00977600452176035
SDK2,0.28373024851156575,0.15375488514169341,0.10273916100055461
H3F3B,0.20907360412035378,0.1395103691835877,8.910398172769897
CYTH1,0.29102670621219534,0.16424457415508775,0.12560055479458818
P4HB,-0.38197253870770886,-0.1214881082268705,1.6479376324189638
PTPRM,0.24598552025738102,0.016892284131268986,0.029453807830670836
RAB31,-0.1447100501338895,-0.02419360802936869,0.028198723739718188
PIEZO2,0.07070761837938602,-0.0927986390502943,0.009829891224040608
CABLES1,0.08081780671594552,0.031968988712630375,0.06183975626251293
RNF125,0.30106426433473227,0.3199486596958443,0.11781936601849906
KIAA1328,0.06690106296629417,0.03772892340329635,0.008494556338850854
MIR924HG,0.16773463326143265,-0.19650971344249027,0.007901790081869869
SETBP1,0.5479940288622995,-0.24227271870641504,0.058613458975279836
SLC14A1,0.15067041068549245,0.1176233829013742,0.007302593482045786
RAB27B,0.23107259836173175,-0.13204439936725704,0.07007352115707678
TCF4,0.2851041436031599,0.3179642456555459,0.5752210242672946
ATP8B1,0.06409993692684503,0.06810470568215105,0.006228308218607679
BCL2,-0.1673839937722806,-0.2700477966425124,0.12437078121966816
CDH7,0.30081893534599524,0.11852847434114158,0.011113569181582437
PLPPR3,-0.01546678781872862,0.131717847772235,0.10935860760568926
AZU1,0.2960030054096277,0.24630946627494968,0.9441962116042041
PRTN3,0.18383862460800976,-0.4452694073442586,1.075388923149596
ELANE,0.4133268716330341,-0.3507338543101428,1.1787448014104933
RFX2,0.12451014096982761,0.1583204843759515,0.04359389302335124
CALR,-0.1270633102276757,0.313418427153149,2.615001555154546
IER2,0.023144890611245163,0.30444555033868365,1.3007720893810655
ADGRE5,0.21863666982084523,0.10159341050085073,0.18289782457603737
KLF2,0.7422826889785141,0.4292003957132958,0.8299257423699247
CD22,0.17115783090805137,-0.11239813174245743,0.013413782381171325
CLC,0.38298588138793943,-0.29634448092809357,0.4855150741450169
POU2F2,0.22065046422488938,-0.11172573901734849,0.2070079363048787
FOSB,-0.00022016367855066262,-0.4724796666714796,0.3468223213138357
SIGLEC6,-0.09451289712867972,0.34805769180504864,0.04392171395004861
SLC24A3,0.15149010547693018,-0.028315002810431426,0.012348472931867267
RIN2,0.08940502033347644,-0.05566247887207567,0.010067113925567415
CST3,0.16913201939639294,-0.0595157423815065,0.030121639932583093
ID1,0.6457546251662206,-0.26409116444281566,0.9818686993745039
TPX2,-0.057508862428076526,-0.1636069438694617,0.3100088499490384
SAMHD1,0.08774860768459405,-0.0013032788993011031,0.07629002396154853
PPP1R16B,0.25696972315011424,-0.15861881397990224,0.017526735656225815
UBE2C,-0.20303340526234134,-0.3576405035582649,0.32396523004390043
SULF2,0.06335575903911965,0.04539929572192376,0.017826518763886207
B4GALT5,-0.009836037067222613,-0.14397192705165807,0.11373879032664833
TUBB1,0.2957175215719684,-0.18862727923917175,0.021101462185665373
NRIP1,0.06058454891400752,0.2660506339702386,1.13530538408187
AJ009632.2,0.0662889507122813,0.17433649283357028,0.39095301757607837
MIR99AHG,0.04720743228461233,0.06492989090603098,0.005089401449589361
TIAM1,-0.03989057297221809,-0.19399259677544367,0.009445208820605223
HLCS,0.06217170307715578,0.05530019280437475,0.028706774114168308
BACE2,0.08200232320760882,0.14795082863658426,0.06301375620419122
ABCG1,0.49080894490077404,0.4986494443485105,0.03925174705642936
PCBP3,0.08298662374669019,-0.022513083821366856,0.01441026246867979
IL17RA,0.48421681863770055,-0.16401246954483625,0.22799074378804352
IGLL1,0.20750576255966927,-0.18513924019319059,1.9529785043372239
TTC28,0.13360798195105686,-0.03549044412214026,0.04145071129492114
TIMP3,0.6099175818512501,-0.028674219915345908,0.13904140597144077
CSF2RB,0.5156021483896447,-0.06160819841717883,0.3496416666973238
GRAP2,0.33824753929442497,0.07035122600555928,0.02824897392174582
SGSM3,0.05544837018571444,-0.0494468318396772,0.15347254305175667
ARHGAP6,0.24093625484827536,-0.2503546975004708,0.028839962221110797
CASK,0.11920642709020647,-0.07567870067091177,0.027478238086415203
GPR34,0.05230424915467515,-0.04735643995501527,0.005441302192297464
AL050309.1,0.12779246679455483,0.12887108016605428,0.045238573843852416
AL034397.3,0.5018053771758064,-0.034144850915720636,0.3711700458109375
TSC22D3,0.251641108227,0.3324490206162214,0.634122399181357
TMEM164,0.07699991715967183,-0.01708621123275185,0.003784697089124267
AIFM1,-0.10401291198010378,-0.18355808094799544,0.1884872357584761
FGF13,0.0786675414245696,0.09941936784003072,0.002672535325741508
AFF2,0.029113259814735032,-0.3862326768840735,0.026560639091796318
FLNA,0.04479672397089278,-0.31274018598016345,0.9062923909966026
CTAG2,-0.0778412816740927,-0.01932028785100681,0.1214761647723102
TTTY10,0.07418025222811916,0.1435718022148942,0.01713871857500156
