,lag,fit_alpha,fit_alpha_c,fit_var_c,base_acc,chrom_rng,acc_mean,lineage,pred_lag,pred_alpha
DFFB,11.369027503956653,0.0704905778537658,0.0303335815141426,0.8107317431121245,0.25130928271548414,1.0,0.197196974390863,Baso/Eo/Mast,6.15225675449385,6.391272312517633
SLC2A5,3.4069215636915677,13.943403488279184,0.0534336968853266,0.7244674303751882,0.05729564633763382,1.0,0.07275841951413475,HSC/MPP,6.318710850352145,4.368625009333738
CNR2,1.0378300316775613,1.4134811005244707,0.0826428420666241,1.098104343366343,0.17556764638475378,1.0,0.16194743075516319,Lymphoid,6.124965589169314,5.735118646418286
RCAN3,9.779685883476626,0.0696305488621279,0.0281188750928332,0.8986769651969354,0.19737879007669845,1.0,0.2749108720857149,HSC/MPP,7.176268075553603,-0.6978457502034958
CLSPN,7.318018873263878,4.093409156444654,0.0837074487561687,0.9222922591053836,0.30609862122066794,1.0,0.23021948428392908,MK,6.215171650596201,6.421461099070379
HIVEP3,10.787060920051246,0.058680499876808,0.0465154425846543,0.8023537859662631,0.08464803986946413,1.0,0.08718722733510056,Lymphoid,6.081573905405986,5.531547257814647
PATJ,8.76508831418774,0.1161333495624114,0.0299965866470269,0.8034787186787595,0.1075803070258999,1.0,0.06884399013523418,HSC/MPP,5.821114857368041,7.630676949130128
DNAJC6,4.96194755100785,0.6665105968693639,0.1835311011273106,0.5926956879262137,0.3185068801231497,1.0,0.33066216405731336,MK,6.260584639491187,2.3169504814417285
PDE4B,9.28082685796066,0.2572381340773813,0.0206788045884528,0.7228235931944733,0.03625332017499006,1.0,0.03361902999956601,Lymphoid,6.141994071477331,6.065333038935306
SGIP1,9.362934491667014,0.0537746538119855,0.0310189821405577,0.769958966649909,0.08907407306420591,1.0,0.08496690657526373,HSC/MPP,6.158867835008843,5.454766231679382
SLC35D1,13.186301139631023,0.114307872760301,0.0322000529774497,1.0172900040120867,0.03942568639331008,1.0,0.040527034006502434,Baso/Eo/Mast,6.475430844091617,4.70945935439929
IL12RB2,0.7128582499286404,0.8234068094978165,0.1563145141455051,0.6943967641154811,0.2333677171890594,1.0,0.189601544309616,HSC/MPP,5.951226114022857,7.118004706653809
NEGR1,5.981823570764149,0.8421277551386994,0.0895897608547483,0.6800222288356248,0.2310597155560874,1.0,0.22841993039254227,HSC/MPP,6.3809795042292725,4.401418344737882
IFI44L,12.796902227158839,0.3587526408754253,0.0064060874915498,0.8882882330429087,0.13384002161957673,1.0,0.113219137690064,HSC/MPP,6.050113861451505,6.250441588664238
LINC01725,8.21687862296659,0.0374132434627991,0.0238827323435615,0.8973094941143608,0.07591739175511619,1.0,0.07009154440787412,Lymphoid,6.1375325011418465,5.974290413194207
TTLL7,6.062753461677872,1.1782536692953225,0.0776390874775087,1.1881514938239792,0.1188060727418016,1.0,0.0943290040334624,Baso/Eo/Mast,6.330164781348077,5.573170306834839
COL24A1,3.475155394593571,2.9666370269672,0.0537341013868431,0.915989880120022,0.0995046516031225,1.0,0.08667703110131518,HSC/MPP,6.082212046046922,5.963866771238995
LMO4,5.2197982803988765,56.686404079628815,0.118499149058509,1.089322572992074,0.04535028267667491,1.0,0.04295011047411726,Baso/Eo/Mast,6.456715640590149,4.849959321360003
TSPAN2,4.430334712666006,3.3641908331867927,0.0355201975900782,0.6952628314722937,0.3999119538296639,1.0,0.362391244329372,HSC/MPP,6.259401726054186,5.581905695703997
SLC22A15,8.323940832384011,0.7255512050938092,0.0280207651341985,1.2298111829256646,0.06318754806309486,1.0,0.07828139964069493,Myeloid,6.243769757849011,3.169358721948152
LMNA,6.701293223817809,0.907429507426054,0.1011632027985723,0.8018169758016735,0.3863402435425855,1.0,0.34230825190637215,MK,6.165954191486862,4.477121922569334
SPTA1,6.94784567881263,1.9369785309449252,0.0378537553225238,1.3215007478656189,0.4027255060735169,1.0,0.37633475060678123,Erythroid,6.720121330528185,4.648864137636937
MNDA,11.86503689375824,1.1602804567540836,0.0157144804798358,2.0049281576802818,0.18622248350960047,1.0,0.2051081926515998,Lymphoid,5.921485551777503,4.15536087009512
FCER1A,8.49374814107359,13.314860355321215,0.062018576461457,0.791368422739867,0.3975440735097286,1.0,0.38673809212939664,MK,6.177443280820186,2.8884416505762625
FCER1G,2.4840815724797367,1.4976730938102332,0.029216184123941,1.9073164367696411,0.26577640856360185,1.0,0.21183102341790838,Lymphoid,6.315301119457216,7.0695279842777525
PBX1,3.1691312079519944,0.2220473024795887,0.1946549116298508,0.93935440815477,0.29706444612746097,1.0,0.1900520038494003,MK,6.20313752039881,7.901199769524347
SELP,6.213791072988335,40.81367327324388,0.0081563441949652,1.9818876862860475,0.09031932070259782,1.0,0.09946304722161102,MK,6.456406265812939,3.8389221442984134
DNM3,0.6731604118127166,1.0777511691298811,0.0787213674556607,1.0692572175117094,0.12181882007740559,1.0,0.13061449325240562,MK,6.428887342420614,3.663783120438095
RASAL2,5.872445101637451,0.599853746281341,0.0947163774257835,1.0833021173860922,0.18213996452791592,1.0,0.12708823802692815,MK,6.335879699453111,6.220118033505692
RALGPS2,1.2574985585587715,1.098339640117248,0.1342369654086942,0.5782250217481586,0.20218402736084162,1.0,0.21681658713672183,Lymphoid,5.937690028726601,4.257121155393137
ASPM,6.768302364519292,11.903031763895257,0.0850010698633088,0.9329223193076976,0.0966465295211113,1.0,0.07222883492852934,MK,6.429511120856058,5.336614382646368
BTG2,6.011171590401929,7.169765691515606,0.0656393529653822,0.6218866433581812,0.12004990200504827,1.0,0.16491972127782203,HSC/MPP,6.719742101534556,1.9925747191278385
SLC45A3,4.985012653449736,2.647172567392536,0.2159949288528906,1.329237508099683,0.08926557972509029,1.0,0.07665597508224979,Baso/Eo/Mast,6.395836195367938,5.1396026295690636
FCMR,12.819404466014312,0.3287971829027449,0.0418465086926768,0.9153597855961452,0.272036050463007,1.0,0.2267422903642426,Lymphoid,6.25908837408773,6.628365441056163
CR1,1.9837593746215436,0.6816382605609728,0.1155753561013635,1.249391369959597,0.31245279344110516,1.0,0.2595626263272644,Lymphoid,6.280881558554378,6.738113562265198
CR1L,1.3322170846925836,0.263215486228438,0.0665867337526846,1.6465869554340604,0.13020188081680073,1.0,0.12766254203700475,MK,6.414391031168627,4.131725140089536
ATF3,4.877193364257124,1.997595737245783,0.0681658893030817,0.5812236880041686,0.3439600242304547,1.0,0.27878903266026145,HSC/MPP,5.886772111568728,7.795455792506079
CENPF,6.751992437926074,23.42034768923917,0.0733505621611186,0.9918249070458862,0.2161882107724569,1.0,0.1852945640115911,MK,6.321786934798054,4.9078983803019325
LYST,6.327754725958689,4.036047467201767,0.0881241875541925,1.1670664130305803,0.28525708527717514,1.0,0.260425380314686,Lymphoid,6.1270897508746796,5.594542714352665
ID2,15.414148073956248,1.0285677860289557,0.0462380973175816,0.6727882778252344,0.34499543482931255,1.0,0.3034708164260216,HSC/MPP,6.137305228204877,6.217600239118979
RRM2,3.8793946652144466,0.3160463058739567,0.1028090979494747,0.6899141483482104,0.10897196989098883,1.0,0.12093593720522121,MK,6.442041542174758,3.5966997393264553
FAM49A,18.106991353430107,0.0410446171694102,0.0213511763754848,0.8437953192122722,0.1046380237237812,1.0,0.16145775084007744,Lymphoid,5.740470052009703,2.8802744729215206
ALK,10.572601577196174,0.0204494952736723,0.0336184061208103,1.022389730811922,0.13078407300323008,1.0,0.11752219507950207,Lymphoid,6.149678425077803,5.989192427890013
YPEL5,8.167154548878491,1.9583528370770569,0.1189411309065868,0.4629278044574216,0.07170175997862066,1.0,0.10122371247955093,Lymphoid,5.925749528463655,4.351964927910601
TTC27,6.43792112328717,3.5860414259433555,0.0561726612626956,1.2089598516276685,0.07841892484101147,1.0,0.08500843084992622,MK,6.465089335632144,4.028011384171125
LTBP1,14.076356747285665,7.123079954416066,0.0654789889637698,1.1824760116325166,0.33764686590457804,1.0,0.3063707627897614,MK,6.21628917142625,4.188661402255893
RASGRP3,0.862854190566333,0.9577940485355096,0.075965466603895,0.8921049795797523,0.38982969184947097,1.0,0.32048218275958956,MK,6.146779062528349,5.614620871432429
CRIM1,4.124228077021222,0.9480903926590888,0.0874222170677879,0.9097855021489744,0.2912290489479188,1.0,0.27719003032047496,Lymphoid,6.058068451194713,5.055309340583565
SOS1,6.438299944453078,7.228371170322549,0.0837690232331143,0.9492148756466507,0.13707919851392297,1.0,0.09883799907716334,MK,6.385653577030608,5.724046253399354
SLC8A1,1.1103971202467635,0.5056040673680577,0.0779562145364048,1.0980956095971004,0.12567466311031084,1.0,0.17809953569419873,Lymphoid,5.754486897169943,2.957954700582595
EML4,4.508098956332036,0.7551296967031392,0.0725642908891588,0.9020102139918756,0.24580193451543833,1.0,0.18542804447071717,Baso/Eo/Mast,6.122603931713239,6.715058820487947
LINC01122,6.9186860160717,0.158114625003271,0.0209458731505929,0.882564989317891,0.43533998312711203,0.990042738,0.4112412626057226,HSC/MPP,6.455531699875577,3.734921119286315
PELI1,5.965447382442305,0.2454732046781664,0.0258910463775039,0.7786980137304622,0.18220692177407646,1.0,0.16650632967657342,HSC/MPP,6.17232813875118,5.597962444910005
MEIS1,3.7568443773062565,2.1851155848629444,0.0894699707843752,0.6507375826170757,0.4778528813177226,0.959389504,0.4478829809651705,MK,6.121894947841983,0.020283988127064667
CNRIP1,7.798639466199795,0.0434621662222391,0.0316662541682057,1.0975946466433837,0.2970014209504846,1.0,0.2406846282715202,Erythroid,6.113320635702981,6.291819247338866
PLEK,1.9764463542831583,48.888111815219744,0.1411849728988731,0.8651108367934311,0.13746891849009685,1.0,0.15892828452492916,MK,6.423404670943129,2.989248861317086
EXOC6B,3.8166522415181445,0.4451180023530766,0.0606243445793292,0.9132579563833432,0.10788447672114684,1.0,0.12291441421519883,Baso/Eo/Mast,6.528076401061799,3.73600035307246
EIF2AK3,10.262878778899088,0.060657934124871,0.049817253620756,0.9589492613904604,0.09083951427175015,1.0,0.15624909815085886,Lymphoid,5.6966735488358236,2.563270586009185
AFF3,4.683218374849805,1.620940517132377,0.0465687085164171,0.7506673306088499,0.30876884181020675,0.991672079,0.31023416082310995,Lymphoid,5.7651724930248225,3.5886428618964676
RFX8,9.180059260112637,0.8848089585720783,0.0301578521704792,1.0128070578526724,0.2939531613903075,1.0,0.2263610696790383,Myeloid,6.131375476338449,3.3339250858810607
IL18R1,0.2263198826841064,1.1863652573384944,0.0806759382987522,0.8893385122854638,0.29381643897005727,1.0,0.2720282172290657,Baso/Eo/Mast,6.301998385096447,4.65637930080425
TMEM163,4.531604891823298,0.9592245829860204,0.0900041189285313,0.8888869755106109,0.1622601977323315,1.0,0.1685695639956742,MK,6.392255356969058,3.5322702855651813
CXCR4,4.1317150570638645,3.267436871871797,0.1275524508783953,1.5932355721944012,0.24681531771265283,1.0,0.21574511817786363,Lymphoid,6.1879919466904045,6.1177972581876245
KYNU,18.039266519270555,0.1417330928016372,0.0170210497038249,1.3704704298138333,0.14745081399982127,1.0,0.14864306965059615,Erythroid,6.227018041064217,4.526326432461718
CACNB4,3.1471755591236565,0.4544128183980476,0.1202655289128719,1.2351146733126634,0.04048262389456237,1.0,0.06765049659850142,Myeloid,6.276499487394103,3.1959979803898793
CYTIP,3.516171435747928,8.520518014625157,0.0218948201995669,0.7006212236925952,0.2565285303257597,1.0,0.2523507985249749,HSC/MPP,6.401852525049676,4.332128361499171
COBLL1,1.0735870036801218,0.5249006598837297,0.0669802611589644,0.9410086851855848,0.12775076033139598,1.0,0.17322619688423485,HSC/MPP,6.737328515506586,1.9004989140028954
SCN3A,3.926420914188732,2.2216333108127118,0.0930149351920802,1.5974586756696485,0.32324707841943257,1.0,0.2867633003119254,Lymphoid,6.174929327046548,5.90802760907048
SCN9A,4.975739023518016,1.868133235194332,0.0883430897850203,0.6008326074185685,0.3132484563543055,1.0,0.2481998619045731,HSC/MPP,5.8433608111627136,7.994079021799002
XIRP2,9.559444817967178,0.1078227524830575,0.0171007735945524,0.902639283473227,0.32882498456716686,1.0,0.2831279334092741,HSC/MPP,6.069828371954357,6.603646533037492
DHRS9,9.029719233847608,0.1004171078125313,0.041705691544561,1.0949738950613346,0.5276390657252696,0.981958555,0.4975043803753542,Baso/Eo/Mast,6.463739363453571,3.1140850904540427
ITGA6,3.0722038664959874,18.26448044400235,0.0924427183638327,1.2951308177762224,0.4110155840533607,1.0,0.3618143829517781,MK,6.141273068126022,4.564036105997559
OSBPL6,11.53494729736273,0.0219702405283891,0.057984604735687,1.0129595561803475,0.08183921754132108,1.0,0.0636984723359032,Erythroid,5.8430317476881415,5.57710822919104
PJVK,8.513636019554811,0.0330918199558367,0.0487718335966033,0.9630894358595826,0.21507071478631,1.0,0.16224287955887423,HSC/MPP,5.829164343079368,7.843170428815153
CALCRL,0.20006207620341776,1.2957672569181375,0.1731110485988463,0.7351961156874702,0.3735310828262849,1.0,0.2891726397432078,HSC/MPP,5.727744381952396,8.871047709614501
SLC40A1,7.163258942567769,11.746856907961517,0.1027588920121323,0.80223440814825,0.142402671269,1.0,0.19280325242866486,Erythroid,6.691044445901389,2.5306503453926648
STAT4,13.824670315011746,0.0445330232986549,0.0310621730568457,0.9172273854329692,0.09309361221007686,1.0,0.0856141702207199,HSC/MPP,6.129203915023527,5.6517344728904915
STK17B,17.10172677596008,0.8241247973905587,0.0658302008816404,0.7055982114137923,0.39153669506815975,1.0,0.36276378140129445,Lymphoid,6.087181246442076,5.135663912476833
PLCL1,11.32807432738774,0.0626213905437322,0.0456148476527766,1.4366684451876697,0.2411864265856343,1.0,0.2318424014492504,Baso/Eo/Mast,6.3759911238160525,4.299289972399966
PARD3B,8.369428844358163,0.0676795755968725,0.0214027992714125,0.8123416434776067,0.27313797274624346,1.0,0.22020381651916993,HSC/MPP,5.912560804092884,7.459317078092169
IKZF2,11.174215090570225,0.1582434532665618,0.0668790294914128,0.9762268639780848,0.15645474197923778,1.0,0.14465684418750882,Lymphoid,6.125391141909535,5.7657311967220295
IGFBP2,8.519693326580887,1.04639925486056,0.037550251508225,1.1491795165840353,0.32338843074834106,1.0,0.2629476998328202,Myeloid,6.214420736677312,3.54738014031081
DIRC3,1.1422925020170205,0.3031313098157973,0.0959962665602441,0.9111265385765576,0.2011792543239437,1.0,0.16735610450780922,Baso/Eo/Mast,6.264443061638683,5.648341516201993
PTMA,8.734550711590325,44.90296005331036,0.0234068899801898,0.9383332458316804,0.22051603174962076,1.0,0.21741676550519415,MK,6.335769275787836,3.6095265762922053
AGAP1,0.8288025549604825,0.2130225142593878,0.1127745492003022,0.9671941094836732,0.3998895722160094,0.986789792,0.3398370990866167,Baso/Eo/Mast,6.276893058862185,5.355742992509842
SNED1,2.5024777793756106,0.2736403864152128,0.1647650835843967,0.8990576303940528,0.4218674056593259,1.0,0.35785430381991956,Lymphoid,6.282633803334295,6.595071170353566
SH3BP5,12.541481543170445,2.607941497043192,0.0389160650919567,1.0947342437189889,0.1550081007948615,1.0,0.11553787361158971,MK,6.369332615043474,5.6715447922486
ANKRD28,3.2663025892846345,1.4937282581284497,0.1164499028495488,0.8480069517705705,0.2747787575414178,1.0,0.23434204072998172,HSC/MPP,6.046562721802361,6.61803635516692
ZNF385D,0.20014136428913132,5.44302896173846,0.1737129726252593,0.7230799713352692,0.2360511187200745,1.0,0.20510585818857605,Baso/Eo/Mast,6.270410279009709,5.353834432310103
UBE2E2,3.407156671987387,0.4632285084316886,0.0988463671205643,1.0417296731386112,0.28611190234300343,1.0,0.25558295479689774,Myeloid,6.323667861418045,3.700829235416418
THRB,2.8663850054406117,0.420088138782815,0.078371610438669,0.7117290042193885,0.14435880004930723,1.0,0.12252477078153912,HSC/MPP,6.052647861355061,6.260219913884979
DOCK3,0.24793078857148965,0.4352515028505979,0.2152072930300163,0.9554759724780602,0.2932252746051497,1.0,0.2738167260781424,HSC/MPP,6.294864487558284,5.096900517859929
LRIG1,0.46471891482087013,0.3837515211679241,0.0772463445414397,0.7828760458608136,0.20713197760581392,1.0,0.13786015193754977,Lymphoid,6.443432049910139,8.138589919842264
MITF,1.6628374256539478,0.2625780967367259,0.1349452728749533,1.0228708601046037,0.34833901435337244,1.0,0.30362270743758113,Baso/Eo/Mast,6.175724515156545,5.505524914016699
PROS1,3.35502715891103,2.161804780426428,0.1380055215908343,1.1021935019097675,0.023453745175409574,1.0,0.054192101419560296,MK,6.528128022044195,3.256150110239372
ABI3BP,11.637530116192963,0.2101819238362792,0.0140926773283744,1.206715486038126,0.11085593678259599,1.0,0.11043001949402917,HSC/MPP,6.229339250715812,5.063573651903468
NFKBIZ,3.2976740776777085,3.4368576092022565,0.1045168585337352,0.6532173777126403,0.01200123881931729,1.0,0.040628948139467956,HSC/MPP,6.3914287741025815,3.7989748460724213
CD96,9.351503478524544,0.3024216334017253,0.0045575248624531,1.1255179470394965,0.17578604247589424,1.0,0.13421786130629307,Myeloid,6.099149226160689,3.072217394519126
PHLDB2,0.20213547996651204,1.4170598277263036,0.0753824486113756,0.6667892761700812,0.1459681541102497,1.0,0.15539478252050873,HSC/MPP,6.384204350727317,4.172665395538179
POLQ,0.20062006049808723,1.3873500294161771,0.0574718976539255,0.93186028917653,0.12319638988675301,1.0,0.11785779806977394,Myeloid,6.220426681218579,3.2237824054072064
CD86,9.618187082194025,0.4971036237963263,0.0478208280041297,1.380335932497848,0.15719340733859932,1.0,0.17355542098417542,Lymphoid,5.954214082887065,4.448529248602038
MYLK,1.3945919065509722,5.8910288830764905,0.0580732764552078,1.062871641907419,0.03885896122375378,1.0,0.042255580259540744,MK,6.497334192366855,4.414108613365161
KALRN,10.390610156211963,0.4758030093549822,0.0676015437114077,1.2716029437215088,0.13838812559205432,1.0,0.12300241283924752,MK,6.399101031533699,4.670034486326255
GATA2,7.020388392336463,18.407238770559,0.1065143522699434,0.8589055825444776,0.05389647264074114,1.0,0.05317866929819545,Baso/Eo/Mast,6.463008739409012,4.731130241352435
TMCC1,7.217018937414773,0.2188965529942137,0.0302122723207338,0.8938051357124472,0.21660344629227615,1.0,0.2161572973134473,Lymphoid,6.020455698652709,4.872862777815902
SLC9A9,19.525361244941745,0.9121167180189896,0.0333285630386535,2.0049425343201177,0.3872628819715719,1.0,0.3793285358682009,MK,6.188184862013646,2.8193733165863284
CPA3,10.207952152424568,34.650202798169595,0.0326689782332013,1.756518462544225,0.3854584238137023,1.0,0.27661948213725657,Baso/Eo/Mast,5.849905911244796,8.400017168430903
MED12L,3.7081870626550506,2.746362878239526,0.1514575321077516,0.6627827469618477,0.42335868114761793,0.9980030793,0.36352064047706373,MK,6.125082371724985,4.81579205690916
P2RY14,8.702882792832145,0.1806660318532704,0.0115428854072424,0.6712155212977627,0.08738918181359008,1.0,0.10296227453437952,Lymphoid,6.000903686686442,4.907369349207134
MME,4.430607160044728,6.709584087390885,0.1008951195789096,2.0821966779468046,0.1980582855395517,1.0,0.14649107916129173,Lymphoid,6.341536216635184,7.368113457132424
MLF1,7.775740958392545,0.0572945845976788,0.0304672695991163,0.7605210816579466,0.01170112745318188,1.0,0.03607173599441174,HSC/MPP,6.346159333234212,4.0838046054258905
IL12A-AS1,0.2577483209425582,0.169274390849297,0.2001050636649931,0.8368090971086742,0.07032220830461568,1.0,0.08006247572593175,HSC/MPP,6.277405653004077,4.661088181812709
PPM1L,6.489381009902202,0.2427366328114239,0.0392005167127529,0.8517547687057714,0.12454753006664333,1.0,0.13849418232588218,Lymphoid,5.988457099887318,4.758515947905515
WDR49,12.515298991848748,0.5367866334265722,0.0085965867279708,0.9399053028245702,0.05277528068479057,1.0,0.058016589792606904,Lymphoid,6.084325476200246,5.598296757661167
MECOM,3.2213824197981835,1.2359015655193577,0.0547940493598797,0.8495011640281958,0.121585530961115,1.0,0.14173770800281354,HSC/MPP,6.461669287851683,3.6242886539292867
PLD1,3.9550004375133394,0.4972312692296027,0.0760042140694683,0.9854047553248092,0.3510520018549463,1.0,0.37501112217762594,Baso/Eo/Mast,6.514615971264832,2.2142060009743076
FNDC3B,5.44332079661481,4.748971884303396,0.0847844229781079,0.8421361727141804,0.10316850950683035,1.0,0.10235230837638874,Myeloid,6.215579093352827,3.18064038140343
NLGN1,7.454955507149661,0.0719609296228912,0.0254782420982137,0.8665316086141164,0.16909317080668773,1.0,0.18672452671242937,HSC/MPP,6.504268631817065,3.4719250670149497
DGKG,1.0725847068615675,0.3114998997385593,0.0934163408709851,1.1323634443950137,0.2903680816515193,1.0,0.26039951822593566,Myeloid,6.333069512184375,3.7265427337484205
TFRC,8.461246466080585,5.06709564596399,0.0287487692169133,1.1468271670430117,0.17593271771278102,1.0,0.19619445832124055,Erythroid,6.497656914555558,3.6328464584091207
CEP19,10.288488598239958,0.0752738235888011,0.0271768127324207,0.7088041544236287,0.16910825110912356,1.0,0.14192410470853903,HSC/MPP,6.0323269010846285,6.449024371463753
SPON2,18.926012005801628,0.3007852652392903,0.0392939574696165,1.041555224528008,0.3963772928413142,1.0,0.34417694145834626,Lymphoid,6.2263158431783525,6.198516933459314
STK32B,3.9722185100014804,0.9176753343116172,0.0478021930042242,1.0187446298609075,0.0671636316948774,1.0,0.0797129839480997,Lymphoid,6.031378869443834,5.170618956280896
CLNK,1.1717174500460619,0.6277175494481511,0.0815499714729611,1.1188449259609894,0.26259340662443187,1.0,0.2394004995016135,HSC/MPP,6.210426131476116,5.554522307492324
KLF3-AS1,7.408804850585744,0.0487917272122506,0.0374007844399819,0.6964923795315663,0.22023324867980978,1.0,0.1895345847998583,HSC/MPP,6.0697263892300395,6.338321871724807
RHOH,5.006068558345708,3.4290759082831266,0.0588354111322477,0.7895728855796191,0.33454458904275847,1.0,0.2858152722777612,HSC/MPP,6.046219607807646,6.766582039115911
RBM47,0.8830150513122623,0.3384614310653854,0.0602968181066007,1.42474864372036,0.3884227907157176,1.0,0.31071395521870826,Lymphoid,6.385749258634995,7.435746500056192
LIMCH1,10.730717636564929,0.7327900884596191,0.0247626207007816,0.7428588081183326,0.1929847945095657,1.0,0.14498216514265744,HSC/MPP,5.84783406174011,7.671305836705115
ATP10D,6.899015765345616,2.234860883570031,0.040976052250197,1.10229836499112,0.24343939059387154,1.0,0.19560697506720087,Baso/Eo/Mast,6.185169192413263,6.1268746532572695
KIT,1.2875929470739367,9.114773033532591,0.0550744299599598,0.8275435164828836,0.22178575444751272,1.0,0.19353712351526509,Baso/Eo/Mast,6.287122009855895,5.289340508027287
UBA6-AS1,1.7123736929626219,0.1330979827905093,0.0912754238654452,1.1148336722581893,0.33207731618326863,1.0,0.30352207518358165,Baso/Eo/Mast,6.259477912592896,4.807127732358137
AC111000.4,3.9754135659788687,3.5693207938329765,0.0129620617031057,3.051252731167081,0.3975018624548525,1.0,0.3872744867656184,Baso/Eo/Mast,6.334592486188489,3.6372821983912997
SLC4A4,11.12053652140681,0.0421072721165794,0.0141290368667256,0.7109514100889882,0.19212873371627612,1.0,0.23433337440420057,Lymphoid,5.776557049214114,3.0325865807471573
ADAMTS3,2.7512239273237418,0.603765488795366,0.0761630144180877,1.2322106076264143,0.07011429708856105,1.0,0.05447076580520341,Baso/Eo/Mast,6.385373297995807,5.3707404603469655
RASSF6,14.059667863113482,0.5081395464519395,0.0140445576429874,1.1829321811611408,0.2910269382897592,1.0,0.2897257845794862,HSC/MPP,6.482358508895427,3.9087825366447504
CXCL8,11.76342404315601,0.3168773836116756,0.0223493003901254,1.0564066351592891,0.10171315308037297,1.0,0.12061816190352116,Lymphoid,5.972102997131582,4.665436647452659
EREG,4.838280372083927,7.727753873385109,0.037552097896002,0.7785109424359488,0.21664601377777687,1.0,0.19081734210713275,Baso/Eo/Mast,6.300303999788591,5.196946926713673
AREG,10.435876179276335,0.2282313806095801,0.0335692134900042,1.0087551684103564,0.1414482041221774,1.0,0.11180368865589713,HSC/MPP,5.96615726982601,6.798683680794488
PRKG2,5.348199346083312,1.9334309106358696,0.0476282585056053,0.7035253497333306,0.3543818809039963,1.0,0.281417445929404,Baso/Eo/Mast,6.0346330337674114,6.827086962516725
MMRN1,5.076478519991828,11.751061722899854,0.0405617391662448,1.0173120466747865,0.22641317467147937,1.0,0.2236686977040831,MK,6.33088527876292,3.557517458308566
CCSER1,2.5365092213364218,0.6854232281563839,0.0845540351920097,0.9411128029574002,0.35664560172713494,0.985241163,0.31347699914288324,Myeloid,6.233141271921061,2.9427420987324293
HPGDS,15.365965796554958,24.93477727575897,0.0331235144386703,1.5965038163714933,0.12283202823689823,1.0,0.1360808695307612,Baso/Eo/Mast,6.515729494403419,3.753706430067959
EMCN,10.639997475595855,1.3738878303021025,0.0084508989089714,1.011672148242285,0.16628237226253068,1.0,0.15806911668434118,HSC/MPP,6.228001242679554,5.207766988605837
BANK1,5.96745894671412,2.094967068883963,0.0953576570625326,1.512117953231971,0.07939971592319824,1.0,0.10133813004011903,Lymphoid,5.967107136530003,4.658943349522279
CENPE,6.84315761861931,8.890532440829178,0.0569368492109835,0.9142275073447116,0.3907438247181638,0.99635063,0.3616224571022031,MK,6.174011973535096,3.4751819577395144
LEF1,14.50116348477152,1.270890465295892,0.1047739933419041,1.1652042307419592,0.1669151287798442,1.0,0.22143320830854285,Lymphoid,5.717037415076937,2.611019791103709
CAMK2D,2.724433896257825,0.0994280068559025,0.3050685139107135,1.593690926898743,0.3127115062953522,1.0,0.3036357924618717,Lymphoid,6.015079111895494,4.694042973678457
USP53,6.829341657314462,0.3837478217574369,0.0994880566341243,0.9134806915041636,0.18109160093594776,1.0,0.13130258377084933,Baso/Eo/Mast,6.190265939370421,6.501168684965025
AC097376.3,0.3604890505962066,0.5107251823196552,0.1021255666975845,0.9129711288005902,0.08575071478997691,1.0,0.06644738030703326,Lymphoid,6.213343184477695,6.543116872815281
RNF150,0.3853121346156074,0.2825208722458851,0.1462659202447596,0.7443884581810263,0.09928171098741842,1.0,0.0954832132870564,HSC/MPP,6.176975593192505,5.365541450020181
INPP4B,5.863984771360574,1.2871512756855832,0.1041961397592142,0.6983255207337902,0.25598952218554094,1.0,0.20515511055108693,MK,6.27457371617453,5.579140623392802
GAB1,11.220707914112698,0.2899258569697361,0.0527195829874007,1.234093797346969,0.20258601027940987,1.0,0.24989798558425477,Lymphoid,5.739313330491033,2.731268375378721
AC107223.1,1.8361826990138876,0.2727719399740599,0.0935572763935723,0.7944351249989747,0.3345912372302233,1.0,0.30301608784963435,Erythroid,6.466357968461529,5.130066669368965
HHIP,1.3094178066335043,0.1448728503963559,0.2265761904494913,1.8672096052610792,0.28230214828276845,1.0,0.22950680625319952,Lymphoid,6.298407317809429,6.915995323714841
SLC10A7,3.4233340989345384,0.9589813106964044,0.1052251340560425,1.1411378646340682,0.27975993056208814,1.0,0.25701219071409637,Baso/Eo/Mast,6.300584491541961,4.765517329925469
NR3C2,1.4958948425345977,0.0831435746997014,0.2319466203519639,1.255642450045487,0.10675546274943344,1.0,0.12066083202251757,HSC/MPP,6.374297559253865,4.139117002795123
LRBA,9.720081053185002,1.745113334417178,0.0561656927106906,0.6291783747854707,0.39694510820878415,1.0,0.3122026794923608,HSC/MPP,5.757779345636744,8.738930457121354
TMEM154,8.107768467788247,5.5061296149852375,0.0206341901297101,1.1884646990557126,0.18944845761071932,1.0,0.15337150321822082,Baso/Eo/Mast,6.256079198081661,5.808801708711975
RAPGEF2,5.2047288844780635,2.086334732232795,0.0885444458597504,0.812151806249166,0.5313635234416865,1.0,0.45759752391468594,HSC/MPP,6.069019261577852,7.104817396219535
MARCH1,10.600053071330036,1.9349523065791063,0.0080478858113205,1.4868460698740436,0.47682356748572763,0.986949382,0.47821944603949174,Lymphoid,5.55788399420155,2.2140401750475425
SPOCK3,9.2412606855083,0.142562723444704,0.0228781708444119,0.830772370019551,0.4987312783618783,0.989176077,0.4518556744623823,HSC/MPP,6.3082074384596645,4.758894280287481
PALLD,11.596007511530843,0.557657190712981,0.0288471399854597,0.8698228932339334,0.04293666686390879,1.0,0.07503330597600878,HSC/MPP,6.4729870954391995,3.360264138300127
HPGD,9.746753498715611,6.468549047343898,0.0828444787204523,1.251843508704861,0.3731715730009331,1.0,0.37424050073944143,Baso/Eo/Mast,6.3962057547556554,3.207514698462555
STOX2,2.535310551906555,0.2871858920341071,0.1744070874140619,1.2098344668150045,0.39378086865559786,1.0,0.3609598625956669,HSC/MPP,6.299971805635544,5.3109684557393075
ACSL1,10.44542442139862,0.0957534485944128,0.0565103328473176,0.819173052161456,0.3420158506707438,1.0,0.3290588401203217,Lymphoid,6.021018808315143,4.69779290246453
C5orf17,7.070421819947909,0.4624700297287716,0.0273668269743051,1.024961404904231,0.24819078538439948,1.0,0.21364662242397003,Erythroid,6.179663550513031,5.59260178593295
CDH9,15.340092707612264,0.4291392833177621,0.0047671007667651,0.7587983957911071,0.252509293716042,1.0,0.20406524366266476,HSC/MPP,5.929822497117396,7.299903616305327
PDZD2,7.080012386714941,0.3440363446379465,0.0261139101288313,0.7527859315840042,0.21787973199883498,1.0,0.18535492290604086,HSC/MPP,6.047069266711799,6.475481246137123
LINC02160,9.293705140768159,0.0973231527740159,0.0071241889356218,1.6649175876379072,0.32023576422812683,0.979256544,0.30063337926396383,Lymphoid,5.60520390090425,3.5505053703737133
FYB1,6.41181385813604,6.7670895532541095,0.0277799177606625,0.929628956358498,0.203738258913142,1.0,0.18173071826236598,MK,6.338245140367992,4.5767091318659965
FBXO4,11.128115289681878,0.102843873449395,0.0290929248602578,0.9446607171571616,0.2873523677591758,1.0,0.2506338720015495,MK,6.2564011920931435,4.7428295270856
PARP8,8.54349688391538,0.710269346113139,0.0260655876298424,1.0573664519109924,0.3096274982021441,1.0,0.2835260066197916,Myeloid,6.382937687591489,3.857375079859989
ARL15,2.9640508918701935,0.5864396947453984,0.0859853938480022,0.9611902059340862,0.2546362539946408,1.0,0.2911734150024865,Erythroid,6.8909365628451305,2.6556457477809707
PLPP1,3.4582011060426012,0.2837260123587532,0.0856610353063756,1.2158166216737476,0.1919024137083298,1.0,0.2378477192580751,Baso/Eo/Mast,6.661019314568326,1.881368468173581
PDE4D,13.542141324370489,0.0789411496259563,0.0445541512721707,1.1515826276842465,0.19780586285362928,1.0,0.16947416997136028,HSC/MPP,6.062010800122533,6.332062482761765
ADAMTS6,1.1685127415624288,0.8029528793041184,0.0918799787016866,0.928769540458797,0.2786260764957464,1.0,0.3026513045665692,HSC/MPP,6.731027908553656,2.3097747734981535
CCNB1,7.163283696369934,4.108657201202127,0.0586461726762213,1.1989402516816254,0.45907137477571874,1.0,0.4223942973871195,MK,6.107619196137563,3.69932394793537
S100Z,0.2000051378519221,2.0130507521542995,0.1419701295540038,0.6947095622059771,0.38190284078550785,1.0,0.32694085636567327,Myeloid,6.3314304058851105,3.876690764830334
CRHBP,11.202361807798892,0.6776282094371856,0.0180703585723779,0.8959114334154293,0.10549892326051359,1.0,0.15293772540797862,HSC/MPP,6.725617962183763,1.9198701780953646
SERINC5,2.3928746515374884,0.1384884038549104,0.1307085657270144,0.9224728469235064,0.05326968725348431,1.0,0.084208281715468,Baso/Eo/Mast,6.6196677718772055,3.2224320623873712
KIAA0825,5.433468987211878,0.2103828473485814,0.0219032434085513,0.866240558590069,0.02496465558417693,1.0,0.025702338604493096,Lymphoid,6.128326844258219,5.976396702066764
ELL2,2.636430580040724,0.4501357558064028,0.1117665566016851,0.7794834640735734,0.15950653822158953,1.0,0.1473883924800407,Baso/Eo/Mast,6.381625820590346,4.799707912881702
PRR16,7.444185102917345,0.1062635040457884,0.0221480096979476,0.8324430407865137,0.14387268618677868,1.0,0.12904250748646903,HSC/MPP,6.125699695937486,5.798209980364648
AC008568.1,7.618969593943655,0.0812136681877836,0.010820707244662,1.054803608607266,0.22577122962037696,1.0,0.22451062807819075,Myeloid,6.395136150481761,3.7409634901893423
C5orf56,7.711071289558216,0.1314070249597243,0.0379249119187069,0.7795893772862893,0.11370415169635185,1.0,0.10438664462298874,Lymphoid,6.136017481391739,5.908588661047446
EGR1,7.523502728862011,0.3181061176155337,0.0555985475553684,0.7002318694675403,0.37923719634708075,1.0,0.33582565918604074,HSC/MPP,6.167272045454812,6.112432662033164
MZB1,19.656497209696237,6.108196994967618,0.0201892554416918,0.8376615573962785,0.4867711537877196,0.985193877,0.48392137703281835,Lymphoid,5.537946957566783,2.2173574892433843
PPP2R2B,8.967915213931503,0.0614279287538411,0.0189236809561311,0.917559062060616,0.3307589568678789,1.0,0.3084528925850306,HSC/MPP,6.318979794426422,5.0367076638567
DPYSL3,2.179116946751945,1.013357009223118,0.0643545589976664,0.6325982098811708,0.05411195209783512,1.0,0.08998394607444603,HSC/MPP,6.5290118222933895,3.0342247925114263
CSF1R,12.925765986776748,1.4289069519223865,0.0298862157497494,0.941853937086167,0.14731605760325023,1.0,0.1746553324372677,Lymphoid,5.893588706252044,3.9965224774119377
HMMR,5.2852894125216014,4.56175862858812,0.0914527826528332,1.103541718197535,0.11431245509912615,1.0,0.20527445309555334,MK,6.487814133831275,-0.05135303196865593
RANBP17,7.204855441517147,0.1141338130523122,0.0271816075106064,0.9847204857749554,0.27847759700209807,1.0,0.3146370042671588,Myeloid,6.67927434562297,4.390851886355747
DUSP1,0.6424653952165311,6.693052445679809,0.0869244515186653,0.5113130095054238,0.37994188874274787,1.0,0.3516694833974312,Lymphoid,6.091107506924452,5.1824382233459545
COL23A1,0.897469793999349,0.5880757114982509,0.0608108351028634,1.0890935673804274,0.3541417605422337,1.0,0.28899906749788634,Erythroid,6.197878916157824,6.427865075323248
LTC4S,6.561356209880497,8.847072587691905,0.0458502920216411,1.0818983141566427,0.40303529101689217,0.993268362,0.3971060406384953,MK,6.18015096021523,2.0918583494462277
F13A1,2.0735866387708377,10.684010530152324,0.0127540212137554,1.1506453385187398,0.3165647411645115,1.0,0.35936604991416493,MK,6.281819750573081,0.9260940571835361
LY86,7.663279182166383,1.91302539511416,0.0256951506032892,2.099438668944076,0.3131204281599695,1.0,0.27033309781099735,Lymphoid,6.219227227271416,6.263111016257504
BMP6,9.171320125529792,0.0942446715909589,0.0249313977216135,0.8813063754476159,0.3623768582022608,1.0,0.3034584405446933,HSC/MPP,5.979425056846238,7.256097800475404
GCNT2,6.409174741315953,0.5737718548863177,0.0139637874814383,0.8858733304178295,0.17266357128374113,1.0,0.17736083079295653,HSC/MPP,6.3732529800232065,4.30713156301946
NEDD9,2.9105542796963966,0.4630524897284492,0.1763202275113237,0.9267820399725272,0.2231264896942796,1.0,0.29557302029318316,Erythroid,7.146533304144573,1.309114428768885
CD83,0.808958383850594,2.001096024284517,0.091567969528819,0.73235259830533,0.3575029056126058,1.0,0.31732069778056493,Lymphoid,6.176787719781711,5.87331425043779
GMPR,5.87383147908512,3.6752519805442434,0.141846622769381,0.7170189876705775,0.09111412592747876,1.0,0.0902667944504228,MK,6.449343231665169,4.291381471190982
CASC15,4.926951864651848,0.1244034393723414,0.0194298274230514,0.8376281554043352,0.09348645409552847,1.0,0.10177122815814288,HSC/MPP,6.2957927398667595,4.601835295475523
CARMIL1,3.184957474418566,0.9536491840827882,0.0675457580661529,0.8909357193995081,0.2731106556425486,1.0,0.23031682842640097,MK,6.264866741630313,5.107278302865965
HIST1H2BC,7.665897368963335,7.129721554573029,0.0624578203979816,0.7957928720612013,0.059060315363194796,1.0,0.050639517395636956,HSC/MPP,6.069755220551081,5.943387682029626
HIST1H2AC,8.203530890271077,16.579592039129153,0.0337018513702915,0.6509058525739676,0.11916087283778663,1.0,0.11113967181878627,HSC/MPP,6.161439076281404,5.51223655105644
HIST1H2BD,7.3137723930444745,3.106638501631834,0.0705016036724025,0.7871574077561285,0.021919613292632447,1.0,0.028711155560785035,HSC/MPP,6.175902502412514,5.182831745986381
HIST1H2BJ,5.016159160830394,1.032176628539438,0.0588421104169806,0.8837018324248218,0.07291557460798567,1.0,0.10782304116154402,HSC/MPP,6.546222567085732,2.971712163027771
HLA-DQA1,8.320934115274044,4.138141975168024,0.0156083611913792,0.8938884069290852,0.4331175804140752,1.0,0.4022550775037023,Lymphoid,6.074887699155337,4.981660864769956
PACSIN1,5.121008747694708,0.7802252843550624,0.1653519882844331,0.9565173793393958,0.09625737556732264,1.0,0.11345634709225272,HSC/MPP,6.393703506625069,3.9909896609317457
TRERF1,4.297034563755638,0.5376600706111514,0.082863234271029,0.932273444268412,0.3103143786540841,1.0,0.28925692026695765,Baso/Eo/Mast,6.301702927623689,4.547165387058801
RUNX2,4.044068875658418,0.3392015091304414,0.0458240619397802,1.0804423328790904,0.06938153283737084,1.0,0.10450294351710507,HSC/MPP,6.543331915349989,2.9812909834135333
KHDRBS2,7.83558913664117,0.2833674779588933,0.0295474627573307,0.9220228389016504,0.2801128721893276,1.0,0.2172295479303068,Lymphoid,6.3608850904965,7.39950581420378
KCNQ5,3.761919411847797,0.5498059867392942,0.0896781811236584,0.8735620716457888,0.48371644598974795,0.987796723,0.4534156961911967,Myeloid,6.514342327532994,3.832192648875189
TENT5A,2.9246147728682197,0.196260485831083,0.1304771619973687,0.9459860926617676,0.3131503962419912,1.0,0.3219788030895877,Myeloid,6.580362265044847,4.253465681121874
BACH2,16.270669676797485,1.456819336434369,0.086005357390504,1.5977781664076478,0.3131503962419912,1.0,0.3219788030895877,Lymphoid,5.906262903343191,3.8567496385847844
KPNA5,7.653875595028143,0.2466256578808576,0.0296891831193094,0.92014208227901,0.3679946734957485,1.0,0.36344698504552514,HSC/MPP,6.56019396855721,3.606300554546894
MAN1A1,4.045212360894739,4.216657443595476,0.0283285165670511,0.9004652789091512,0.4447517797130374,1.0,0.3422385485193299,HSC/MPP,5.640212417028295,9.597646423144123
NKAIN2,0.25944938107011506,0.3722655738939983,0.0887893908762285,0.7019104999560984,0.14307271905821692,1.0,0.10744157209666011,HSC/MPP,5.905474961435225,7.185453454937153
ARHGAP18,7.020335696204744,9.61444368251029,0.0231429121398804,1.4849078226465688,0.5243613867435638,0.970234105,0.49706718316066373,MK,6.076282916842084,0.4857599486257511
ENPP3,6.458778768327367,0.8942253713258715,0.0720528126676732,1.0891039117498325,0.3825604457349425,1.0,0.2871772538716519,Baso/Eo/Mast,5.91711823199657,7.770590491066297
PDE7B,9.130940912943272,0.0468349038412393,0.0304957451300033,0.8877782233191925,0.23796849152664915,1.0,0.21816549446665737,HSC/MPP,6.210284903123133,5.495100693414265
NHSL1,9.722208597388915,0.0733244718005189,0.0123488067301548,0.938103873491483,0.0471231983910024,1.0,0.06925252605067189,Lymphoid,5.985326560680418,4.84519956879662
ADGRG6,0.2435315516060954,3.236488278896963,0.1341502289784412,0.5534897768007497,0.44297127633542993,1.0,0.33201091720007314,HSC/MPP,5.54866202148264,10.170795887756157
AIG1,6.455334113731929,0.92956717153791,0.0514630379281834,1.044291574582507,0.5263619063404388,1.0,0.4088296269932444,Myeloid,6.201597466480489,3.8621651415717198
STXBP5,7.5038779008499485,11.06351423301807,0.0475241637753633,0.8534212172166611,0.2956980574230468,1.0,0.2521067378898528,MK,6.244784131277272,5.006768471154052
UST,7.843339208174651,0.0574664281650309,0.0257469990493742,0.7920798458090208,0.46387806825352523,0.95138731,0.4657977443813877,Lymphoid,4.758126989678635,-0.455847248672387
PLEKHG1,10.817177172372263,0.1590146363851981,0.0119027111510621,0.6736159809197818,0.05756547394566629,1.0,0.04970193253610723,Erythroid,5.870665519844562,5.251929791723385
MTHFD1L,6.187567167920327,0.7947616444817895,0.075398015120735,0.8018224575983716,0.21034399576977722,1.0,0.22893169116364515,Myeloid,6.481445944296097,3.885693082440612
AKAP12,9.409864734379047,8.916339347411698,0.0857527674302251,1.022842185026864,0.20045697462885884,1.0,0.2032328410432809,Lymphoid,6.010614009185558,4.820289195597617
ESR1,9.18724309108241,0.0584257215639913,0.0250246402266983,0.8281568722773723,0.14027175135173484,1.0,0.14196468264005394,Lymphoid,6.053311535389624,5.234675272552106
SYNE1,8.114756970085292,1.1245171573923978,0.0270676933678148,0.8777788733460672,0.4433752169358022,1.0,0.39319882077163365,HSC/MPP,6.189381633284303,6.130052707941187
ZDHHC14,4.496878690479182,0.8044805850647567,0.0807950335921071,0.9328726167423532,0.34442803241628756,1.0,0.3627389228372223,Erythroid,6.981393926742615,3.0478974082957313
SYTL3,0.22967168052281117,0.55450183393305,0.1120573376885613,2.19789136176774,0.2490392236706286,1.0,0.2064618321930333,Baso/Eo/Mast,6.209823642460903,5.850732374545959
PRKN,5.394570896554571,0.0538994603070709,0.036976354846424,0.888686642300546,0.2307125109692402,1.0,0.29757311822113675,Lymphoid,5.6039044242177996,1.6499027613730095
PACRG,8.30017601365085,0.0252838545785422,0.0472292693952183,0.6162794834001851,0.2722227166237686,1.0,0.21819361519310673,HSC/MPP,5.899697508485917,7.538218528462698
RPS6KA2,3.5506606356254986,0.4125706007040877,0.0702013678231197,0.9565498326981638,0.0576715882003313,1.0,0.11520091218875735,HSC/MPP,6.762271787605044,1.5715127032496383
COX19,10.298219427057123,0.0627783264570805,0.0327258155592312,0.8761791095664723,0.10218783010769426,1.0,0.08671224129731593,Lymphoid,6.180267671004475,6.265293123442482
CARD11,3.1019090422782947,1.7738595211813093,0.0685141241654589,1.019716000737976,0.17803203917209257,1.0,0.21199566833610542,Lymphoid,5.8349851519020275,3.5019932725380767
THSD7A,3.7430110360786117,0.8321651071736935,0.0823043312822284,1.0075102524605424,0.3595058114851451,1.0,0.28402095001728556,HSC/MPP,5.800780767785689,8.375974488150415
CRPPA,11.102105616243124,0.0573859341286727,0.031930922836928,0.833822059729374,0.22654260096948453,1.0,0.16543792703183244,Baso/Eo/Mast,6.123553465185181,6.836713524651479
HDAC9,3.525191575124584,0.2730967183775439,0.1402201292523636,1.0458081745601409,0.2186832720035543,1.0,0.22427853961266664,Myeloid,6.422337229401128,3.782845819474794
ITGB8,0.9620332342510807,1.776668487884251,0.0535549768420108,0.6801312861336111,0.2233448293922288,1.0,0.2161778476601844,Baso/Eo/Mast,6.390981212826386,4.2757157002680986
RAPGEF5,1.0116919590816678,0.3411051762950097,0.1198960780577496,1.516735028136871,0.043973877447493766,1.0,0.06299297883378599,Baso/Eo/Mast,6.562939491371358,3.8334377600708516
OSBPL3,5.693605558029653,1.3749392983530684,0.1148494568178192,1.0244818758190928,0.13492819399850856,1.0,0.128413974891515,MK,6.407759334055591,4.284982540546075
JAZF1,9.980007351032617,0.0684794656668328,0.0166661444143766,1.072450101240623,0.21658761507339455,1.0,0.184794682411725,Baso/Eo/Mast,6.270830280323113,5.481990053237027
CREB5,7.775791128396175,0.052374810041053,0.0494773018695087,0.7221260230403305,0.22985307302790495,1.0,0.22731921871762137,Lymphoid,6.025159159886507,4.8900734457015265
PDE1C,0.20062678721364624,0.2499774538932117,0.1055679579075558,0.924244767149602,0.2773841267738553,1.0,0.15994090198014835,MK,6.213537296033714,8.49798245828276
BBS9,8.046420522478646,0.1118629947029694,0.0662091039714655,0.8203167817157564,0.2620356484828732,1.0,0.21051566167650104,Lymphoid,6.302841657340579,6.979080804816926
AOAH,5.136277824912184,3.285114389858253,0.040485506836418,0.938885678934738,0.17201888443540725,1.0,0.14241522875793194,Erythroid,6.0004939600719815,5.690799049389506
ABCA13,0.2055276469578542,1.393001296102536,0.048620784122745,0.4215159363802681,0.019128074626660815,1.0,0.018763212503982,HSC/MPP,6.096473502397428,5.677041787291551
CALN1,3.1640178912588457,2.701281337821161,0.0733286083081817,0.8317600112903477,0.09522892654761751,1.0,0.12913264933613092,HSC/MPP,6.568128680930268,2.8881768031625112
HIP1,7.531917097553374,0.2667284853399944,0.0878222921030196,0.810067827156834,0.23208376501805966,1.0,0.20476696350811363,Myeloid,6.261137932912721,3.486709390533789
MAGI2,8.807810146963579,0.0642519611132294,0.0261657007174691,0.8626797369032468,0.2930082159648142,1.0,0.26066873804607366,Lymphoid,6.167956069973247,5.897667650610887
CD36,8.46683056957107,2.098282555867095,0.0148133265978746,1.886214328283624,0.2579586305438668,1.0,0.2573738359084331,MK,6.304926459701748,3.2673231915421397
SEMA3C,1.04155205552751,1.5400361560592204,0.0776911835655174,1.0551586701940645,0.46852528953279665,0.966915943,0.42971148963282746,Baso/Eo/Mast,6.650281819700915,3.054838745213776
HGF,6.896922998908347,2.2279795046262745,0.064800964472211,1.3364624655814146,0.31140348685704256,1.0,0.256245982534964,Myeloid,6.225699142084864,3.5495870936254423
PCLO,12.812615955582487,0.040686543018319,0.0421234608226222,0.7008841443815638,0.46663440061680167,1.0,0.3321480528289286,HSC/MPP,5.3353451086183705,11.574380186528813
ABCB1,1.2354423771804022,1.390047879592119,0.1339302483277303,0.6421982530636052,0.420594411979961,0.961055066,0.37601604307692665,HSC/MPP,6.227751243895091,3.107878827514196
AC002454.1,9.08925846258185,7.678952396919216,0.0048852197532172,0.8754697881310816,0.3444680651348006,1.0,0.30359040954352773,Lymphoid,6.1888295770041575,5.984547655587439
PPP1R9A,8.931013843881923,0.0799454879391701,0.0273096486001955,0.8076619004003571,0.04812337345773227,1.0,0.05950094182455436,HSC/MPP,6.262338372342826,4.701763881085772
NPTX2,4.058111421697478,2.074040453540389,0.1000994782276495,1.0137362326265378,0.06743702596476815,1.0,0.07629904262094687,HSC/MPP,6.263957220197351,4.738855908689193
TFR2,5.093525290047504,2.1057260479178845,0.1631665484714733,0.6939680429557399,0.18772756426291504,1.0,0.19800730929785712,Erythroid,6.4356646574683785,3.995172853772499
SERPINE1,9.548757331047922,0.114737573129462,0.0212577806119591,0.843676673047156,0.25546410977490497,1.0,0.20419686866452236,HSC/MPP,5.904391436933752,7.467562724379502
NAMPT,9.277122661913346,0.1696151576158797,0.060195646088644,0.9282377732993872,0.18912250252636073,1.0,0.2395270716220614,Lymphoid,5.728645629880053,2.66850584576255
PRKAR2B,4.0725861727667585,5.8172901889248365,0.1298393543375049,0.8535730800541633,0.22059146251262954,1.0,0.21075836382397078,MK,6.331407739949726,3.9172696101080833
CTTNBP2,3.578119644794759,7.463645098240926,0.0241268915226221,1.1391468411878425,0.28967737620552114,1.0,0.23338097183575915,MK,6.241895725241362,5.624787261859867
CPED1,2.1593168496119897,0.5106896705050443,0.0693239051212787,0.887869368003361,0.2512357876989399,1.0,0.20389727803027974,HSC/MPP,5.939611657883608,7.235033340773606
MEST,4.255022186182522,4.72300062250857,0.0676854456219471,1.0709894632118089,0.17497054492589437,1.0,0.15129701389931013,MK,6.362111795504617,4.827458451762846
PLXNA4,0.20399925499813065,0.4752822957736075,0.0578064295006062,1.3397036634980588,0.2752269451128975,1.0,0.19192201889571084,MK,6.237186821323021,6.948592660288978
PRSS2,11.731311713452186,2.1552219145354234,0.0167190076053972,1.2467961247519048,0.2966663142876624,1.0,0.2944909946393226,HSC/MPP,6.481360480645648,3.9288904374655083
TPK1,5.467663756627003,0.147682767258449,0.0363497076501619,0.868291838317375,0.07763727364435476,1.0,0.07905719686174872,Lymphoid,6.092568861115559,5.626113954645803
CNTNAP2,3.2435490231744453,0.211089026898765,0.1010245066656696,1.0874904799773186,0.06757028011082715,1.0,0.05558712036203416,Myeloid,6.1012899569398655,2.8951079102438744
DLGAP2,0.2167464962935568,0.1812904614438433,0.2360999974469493,1.0994385806662326,0.1656190098376093,1.0,0.1366020347784171,Lymphoid,6.224288756381575,6.513025403331056
DLC1,6.679115258848116,2.523652811571485,0.1125700140589567,0.8953498246910665,0.2392900046462425,1.0,0.23308395965414258,MK,6.317517991058515,3.6378418324791757
SGCZ,0.42545161866581127,3.329374117473396,0.006520720968381,0.5981812632917024,0.12742150430001853,1.0,0.12678402943299616,HSC/MPP,6.251222255699733,4.966106321796602
PSD3,2.4073243807449995,0.2777877029030823,0.1648513498958972,1.0061191719195033,0.22010820769811226,1.0,0.18626067760253176,Lymphoid,6.220864295098662,6.408749900154883
CSGALNACT1,0.3382423439207909,0.6564392059028341,0.1038449486553237,1.6746493601639327,0.09972133376491918,1.0,0.08576138555807089,Lymphoid,6.172559078702168,6.209551603290652
TNFRSF10D,10.915237013927927,0.0876738085571811,0.0195473421141403,0.8621405986866278,0.04255891529833391,1.0,0.052492791337425265,HSC/MPP,6.239035475904091,4.835132482501023
RBPMS,0.20115390492418306,2.484961971928487,0.127533121137365,0.6107889971711323,0.0570416733696003,1.0,0.07710177389385957,HSC/MPP,6.366756842774128,4.064923356110833
RAB11FIP1,4.739787486147127,1.1474405377034065,0.0507725337889267,0.833887407329428,0.23966137741740481,1.0,0.19639873305399258,Lymphoid,6.266209574959067,6.7294301065467295
ANK1,4.873051576572115,2.1330554259335983,0.1343018900468613,0.628476667441092,0.19427684966094588,1.0,0.14650141621131318,Erythroid,5.889984886033302,6.347296763683245
CYP7B1,2.345704480034647,0.4737995362487127,0.0663020183647357,1.026041525106262,0.4425345152154262,0.9944183924,0.4263736820637444,Erythroid,6.829676352932123,3.6798938392270477
AC104232.1,0.20161008957910198,0.6314052219344417,0.052233114181478,1.0811749562363246,0.4115033108837251,1.0,0.39778871106693936,Erythroid,6.869725216124436,4.09500718836959
PREX2,0.2127407519484228,2.002483022906953,0.0428048465330624,0.7784162291373724,0.23482656211327044,1.0,0.2221213017595699,HSC/MPP,6.280459971249305,5.044732983256862
SLCO5A1,0.2635781200745897,0.354755270873004,0.1154671819854718,0.7605234834076954,0.4159412967830598,1.0,0.3469962138029559,Lymphoid,6.316094105460721,6.860817731995972
IL7,10.380260294582536,0.0357228549658668,0.028695952394465,1.035276075907211,0.42550616027857524,0.981609572,0.37751073756348846,Erythroid,6.219210866161544,4.149480964381171
ZNF704,3.5735744807065712,0.7063324834384019,0.0600112447924981,0.9200224864857436,0.23545146706827388,1.0,0.26622578341500824,Baso/Eo/Mast,6.5756964901025,2.4095648431249774
PAG1,0.9237408348694975,0.8109229785764992,0.0860887907583739,1.09524090385797,0.2583071635204226,1.0,0.20249514280114542,Lymphoid,6.331102633091839,7.201707162565411
NCALD,15.31600477356811,0.0659109115262704,0.0372054121493298,0.9149122929060828,0.14731790832287026,1.0,0.1629302978957167,Myeloid,6.3715134321019775,3.5628092991402394
BAALC,10.443463203649744,1.937688939720299,0.0121583404080835,1.0036567692233378,0.20120495192757798,1.0,0.21292036244192064,HSC/MPP,6.488704565096164,3.6487546610722386
BAALC-AS1,9.382457448528212,0.0680353849587751,0.0349983471023802,0.817970420185562,0.03745255637710132,1.0,0.04408563548189733,HSC/MPP,6.196841686732762,5.088788992219356
EXT1,6.0726643119810415,0.5721923633410096,0.1408197995523231,1.2427137999685012,0.1580170576747877,1.0,0.15218627379245225,Baso/Eo/Mast,6.413063658641274,4.506210491589803
SAMD12,9.230282078647473,0.071705279172566,0.0291667208513773,0.8294426954644306,0.2464357845931491,1.0,0.21932400156186532,HSC/MPP,6.1456382194716355,5.923637853330648
ZHX2,0.7428912099976366,0.3488495184949416,0.0808753254514008,1.5222196837305595,0.061540719741621834,1.0,0.04936753813002285,Lymphoid,6.184647316365536,6.3571120588373144
TBC1D31,9.631457445232906,0.1140216036971846,0.0224973363806191,0.8596670104172364,0.2605988992188045,1.0,0.2118418148233202,Erythroid,6.078309113999696,6.125808960720966
MTSS1,5.212468001159877,1.865826902531304,0.2062544716241815,0.5769948914001906,0.30650750252639036,1.0,0.29128133878966084,MK,6.253513773515737,3.642956757074831
PTK2,5.504617022761401,0.3287964661257572,0.1175211593681825,0.7138429803709874,0.1328990751341765,1.0,0.1341795631303992,MK,6.414490734282942,3.940535009784471
PTPRD,3.0058355970657358,0.4770341164761215,0.0738601941868765,0.8346922169654011,0.40745033090213173,1.0,0.30017462965417774,Lymphoid,6.55359021112298,8.699022714602297
FREM1,0.7713483622797734,1.2381919447350824,0.1628237141376365,0.8973102091919163,0.4106539172135598,0.990375898,0.3646612673239556,Erythroid,6.365303583459347,4.743078967043814
PLIN2,3.8281446007317976,2.3693173516493244,0.0591044220707304,1.3261164936113703,0.2980092966233242,1.0,0.2888040196037984,Baso/Eo/Mast,6.363215693645115,4.036683580623881
MAMDC2-AS1,11.07546277894565,0.1055436992655969,0.0061109740754576,0.8964129107574315,0.38524042003320497,1.0,0.4169091296871323,HSC/MPP,6.966699216147674,1.084258091397703
MAMDC2,0.2834554132007334,7.382196617240841,0.1602456306680523,0.5606961640597269,0.40710624300174797,1.0,0.31738549096144986,HSC/MPP,5.720140733725077,9.001246250843717
TLE1,1.783926565882222,0.4342016063821032,0.1585773969822713,1.4313383578113603,0.19317511262315107,1.0,0.20689415762020658,Lymphoid,5.9486370964347985,4.354177955896523
CENPP,0.2069085923941536,0.6259892963415302,0.055363992811652,0.9697773698835028,0.27736033916800706,1.0,0.2969985479665646,Erythroid,6.794210352278247,3.258168712817276
ABCA1,11.325081592342144,0.5613213256923899,0.0241513665447534,0.861703519520026,0.16477783384525244,1.0,0.1496449527092603,HSC/MPP,6.1529390344600525,5.677582989703399
SLC44A1,3.589663282477959,1.221587472912756,0.1051838554163227,0.9081622966225964,0.08699390166402757,1.0,0.09034835090925766,MK,6.455594465574488,4.1240626704936165
PALM2-AKAP2,6.975260299793355,4.551587619363165,0.0730048814885986,1.0480824729322666,0.08346131219673533,1.0,0.09915648374155864,Baso/Eo/Mast,6.537151223063319,3.814260895044142
KLF6,8.170691286077632,0.3893728310476913,0.0509753477393068,0.7285289166366247,0.24658845314353967,1.0,0.2479326226244401,Lymphoid,5.991599749324632,4.608102450029186
SFMBT2,5.077208563239283,0.6725539392653579,0.0707647062113737,0.8929410954605794,0.3010715491548404,1.0,0.24535011226699424,Lymphoid,6.304880187103383,6.938914699582605
CAMK1D,4.437240385771557,4.421673496504368,0.0513559009652574,0.6980573207521547,0.13186482491384163,1.0,0.10054108133368451,HSC/MPP,5.934524396480476,6.974755398255917
FAM107B,7.3727052596972,1.6854524651673042,0.0744387473094344,1.1428000637158486,0.037631573624566046,1.0,0.038763379789393815,Myeloid,6.1290088158909555,2.899721888357976
FAM171A1,3.3464221795700273,1.051565995017645,0.1769855135158213,0.6943390408629295,0.23556453224061508,1.0,0.21102418838500178,Erythroid,6.239387656974571,5.2326620921849925
VIM,4.783467776772975,56.53422738703279,0.0809188614432472,0.5932478757119831,0.04329653445056549,1.0,0.1251809891329488,HSC/MPP,6.997839278852757,0.050317991925941996
CACNB2,18.518970777221636,0.2902942372249956,0.0297748084491178,0.9008508277562656,0.27020776985657646,1.0,0.22412110080088674,HSC/MPP,5.980408594713254,7.0241486709397645
AL157895.1,0.8098712080086914,0.6043088840322836,0.0846851359790915,1.5420593488847616,0.09664008359954009,1.0,0.07703639937473764,Baso/Eo/Mast,6.359510146384595,5.440332776927686
PLXDC2,4.6577932462452765,4.138260781877616,0.090472893026929,0.7438366919696497,0.09784955919863506,1.0,0.0711637903014786,MK,6.427021572275901,5.433124494545853
MPP7,19.206173897733457,1.987980025033776,0.0035050012984206,0.880258306266333,0.0806518876583082,1.0,0.09760326231226209,MK,6.469765139970136,3.540214657434002
SVIL,4.495826533935386,2.1341498046785725,0.0758314325731143,0.6438695246302438,0.028178773140856966,1.0,0.05381237435484702,HSC/MPP,6.383443240307372,3.8889712827119096
ZNF438,7.199963768557707,0.0464781007147877,0.0376286520514993,0.5747392262754989,0.43275120454852534,1.0,0.3726002717562482,Lymphoid,6.252683467253884,6.349220158308218
PARD3,2.895147108920924,0.3193511846928984,0.1596155697632592,0.8556168520227112,0.22270877694329663,1.0,0.24226159813482037,Lymphoid,5.895536613258184,3.9036520139547726
ALOX5,0.7061599192608945,3.029931179280636,0.0375275487298086,1.05602444333367,0.39035976963765723,1.0,0.36302435762237867,Lymphoid,6.079172227830671,5.075767775024188
PRKG1,8.596869487319099,0.3712590348134755,0.0197979240786721,0.8146132790993196,0.11993851539207759,1.0,0.19644230886691652,HSC/MPP,7.052725567905664,-0.10819585207711757
LNCAROD,8.982928994620925,0.1618437803364467,0.0235788553641462,0.8165014793040949,0.2358767777568206,1.0,0.2144877730556568,HSC/MPP,6.1905377824694625,5.6145446635081875
ANK3,8.481560390569475,0.0834421439587264,0.0284173182620383,0.8532669555659783,0.435989132804845,1.0,0.3726750053288966,HSC/MPP,6.040274425452089,7.052547670147729
ARID5B,7.763137476794167,3.39463443421475,0.0350458126839773,0.8816103018688413,0.16153372598000187,1.0,0.11014337057681738,Baso/Eo/Mast,6.186982140804394,6.665735300750454
SRGN,7.611324369345039,51.49058290457968,0.1208161725920004,1.0932482624201063,0.1764205272715838,1.0,0.21788485087452492,Baso/Eo/Mast,6.642532831231353,2.165069663161625
LRMDA,5.432154836221027,0.5900529348994383,0.0705159937619639,0.8108299524734512,0.2175069310603875,1.0,0.19953751914094572,Myeloid,6.290930963626387,3.5211650826995595
PPIF,17.511803042754234,0.9351766769986636,0.0456160600960164,1.0523209292026825,0.27939604036584026,0.9983411178,0.3046731531664046,MK,6.303922229920754,1.820525399958787
RNLS,7.262767050682104,0.0233831850494525,0.0310535106049146,0.9068753897428604,0.287287737853665,1.0,0.3056954963951687,HSC/MPP,6.684475817654515,2.6246452305040116
BLNK,2.4940364775723944,1.389489950928939,0.0623551007520901,2.8021138580610097,0.38728331895957074,1.0,0.3216333636052198,Lymphoid,6.313320312909245,6.880485176611167
SLC18A2,19.455054128997393,3.113386425475962,0.031927746074585,2.295429856477436,0.5540099842118142,0.9988689923,0.47688167167157414,Baso/Eo/Mast,5.982953400619147,6.070962597043029
FGFR2,13.859075921189397,0.0346451381491101,0.0585135179270061,1.1156285222833664,0.4889320589584046,0.9877282875,0.424223167942385,Baso/Eo/Mast,6.21933563430316,5.22311399661121
ADAM12,7.32843932170649,0.4451056188408123,0.0470376136028555,1.4240738369340489,0.19687288440836567,1.0,0.19037270381291188,Baso/Eo/Mast,6.400549141133703,4.363130973342701
DOCK1,4.478690923320085,1.5195226423962265,0.0329701310333022,0.7819399919058704,0.3700148099919614,1.0,0.33440729219810766,HSC/MPP,6.2360351317890865,5.656079353639338
PTPRE,6.551781131372083,2.070161896882536,0.0940223717798941,0.9461192599896074,0.29482553294500774,1.0,0.2481838638261498,Lymphoid,6.253579277150528,6.5534073029586075
MKI67,7.351325212050605,12.734132602194212,0.0619848280734208,0.986572014082324,0.30134661904450605,1.0,0.24790270986251758,MK,6.233603266758961,5.423448420613184
KCNQ1,3.922008267606445,0.350962607583212,0.077834902888181,1.3511534331192805,0.2540274404943034,1.0,0.17813599398179375,Baso/Eo/Mast,6.0439358553789795,7.418932134689705
HBD,7.777502913478897,12.453953828037845,0.0178121696984995,1.785019073726579,0.4277518811619473,1.0,0.36359449534933125,Erythroid,6.427098312087182,6.097052160669013
GALNT18,9.718745846153967,0.035645450275316,0.0512167114456731,0.8756542380145513,0.23702587449574644,1.0,0.26377380923346283,Myeloid,6.5659549841604345,4.097427191103643
MICAL2,4.010158765458444,0.543594872789645,0.1475698556531708,0.7294054562340324,0.324541767326576,1.0,0.3169192325627434,Erythroid,6.669574627484303,4.188610404826438
SPON1,8.635740311803843,0.9215576957555572,0.0360161465778622,1.035266450643839,0.3630287332476995,1.0,0.35310256930944783,HSC/MPP,6.496323985179053,3.997036894399937
PDE3B,0.2065469686317769,0.5873511413246071,0.0631029711675075,1.1285160395132303,0.38107177903763245,1.0,0.3553847344157327,Myeloid,6.491276287129519,4.191215295298423
ANO5,11.228500769754774,0.0411738959178705,0.0177232212077636,1.0478156310439068,0.127743811330693,1.0,0.14514853049029858,Myeloid,6.35231785751855,3.4920705331449167
MPPED2,8.614020611744218,0.1281075559041454,0.023943517773718,0.7948479226236568,0.10195731095809607,1.0,0.14377887181242205,Lymphoid,5.833013311568097,3.5956553152823014
ABTB2,7.708524380141927,0.0301791411175345,0.0418115693700845,1.1229489356453788,0.49860608452522376,0.950401556,0.44406519229842767,Lymphoid,5.057302814050691,1.8907064292150322
LDLRAD3,0.2007426785314177,0.4908282478804601,0.0585046209489982,1.067435858672063,0.409737855525573,1.0,0.343195259804452,Erythroid,6.350128630207558,6.26583202983687
MDK,18.83163749050886,0.8622112345072401,0.0390989946592608,0.5752308786048266,0.21465076236511638,1.0,0.15004643026952552,HSC/MPP,5.704531764334721,8.628338410851622
PTPRJ,7.269985937442534,0.1748410523156985,0.0209539788713401,1.2610661122470266,0.3353783987794474,1.0,0.30199279532483775,MK,6.216909125664057,4.298971086604879
MS4A6A,18.692868337767234,0.1322618410686534,0.0272899094172325,2.733802850682976,0.2758999117333102,1.0,0.21060741736039906,Lymphoid,6.378021109473021,7.537287691494959
MS4A4E,0.8762749983824998,1.1172177342631893,0.0568115518413804,0.9559542852035338,0.30040266949476774,1.0,0.2872092382744024,Baso/Eo/Mast,6.342931100617799,4.216327061496798
CSKMT,8.914314781762393,0.0588063725038139,0.0245348340413157,0.9677535999218968,0.2596439049674131,1.0,0.2423839195218892,Myeloid,6.357386280494732,3.7231166315312363
NEAT1,1.2407916321291967,38.72287419842657,0.0424338136839871,0.6936304869599675,0.24190205122479339,1.0,0.17795492011914524,HSC/MPP,5.751116822593436,8.401219676446232
PGM2L1,2.8750932260337123,0.9492221214290208,0.103257809585511,0.8144797913044306,0.3017699454232781,1.0,0.23961560253278955,HSC/MPP,5.85713409850822,7.879081843160001
GAB2,3.5464836121109493,0.7295116981047377,0.0912866231499692,0.9116051017716598,0.1905117877811726,1.0,0.1652168875047213,Baso/Eo/Mast,6.309134217484861,5.289192679682552
DISC1FP1,9.640074075188776,0.0874109620183726,0.0085216372843446,0.9310334626751788,0.530073611233718,0.93539706,0.4789223113999451,Baso/Eo/Mast,7.026133925284389,1.8162221086902468
MAML2,10.16161702809966,0.4467104876044745,0.0227935055424179,0.85346411427027,0.3874249848379355,0.9973412666,0.3476917886599872,Lymphoid,6.095965915474728,5.4678266865670295
TRPC6,3.640894609616854,0.614881669392479,0.1279523698372162,1.481472274271843,0.2266233740278333,1.0,0.20181484645487704,MK,6.316626312549226,4.566091322266045
PDGFD,3.019470279855259,0.6335383173191032,0.073792204591125,0.7495995770554867,0.3492566768069442,1.0,0.22838492021630055,HSC/MPP,5.307882116794323,11.460132843033577
JAML,4.63281905724742,4.390748780285999,0.0424863831889756,0.8267086894536135,0.19876316165259228,1.0,0.17230137491517553,Lymphoid,6.188898833458019,6.193507609496982
UBASH3B,3.1612829959017983,2.8525617954703724,0.0588039836739904,1.0827806111703393,0.1646365947803498,1.0,0.12076391877900136,MK,6.358179993743552,5.814636006919155
VWA5A,18.86767310162901,1.425727647504654,0.0506330217837435,1.4744900137242931,0.09170971673038122,1.0,0.1236094034578581,Baso/Eo/Mast,6.615312962509057,3.0033734891446473
NRGN,2.266263778977875,3.572731999969218,0.2047163769709729,0.9499560117500292,0.2567854714715137,1.0,0.23484107251337094,MK,6.292315720595461,4.252046423547925
WNT5B,0.20156732345044048,0.9412822100359532,0.074009286239195,1.0091071549051251,0.14778742386136584,1.0,0.18904087610364614,Erythroid,6.618054933334294,2.8840734755803834
CACNA1C,9.828311738771314,0.0393566752969076,0.0219112796328649,1.1450245416407658,0.20505702112467633,1.0,0.2119737585408767,HSC/MPP,6.44377513162257,3.941609330584459
VWF,4.281205156669293,12.579587269774,0.0425766853330812,1.924224533159333,0.4482673139507165,1.0,0.4000131424753359,MK,6.109595631158668,4.294730696484252
CD9,2.7096547170609413,4.470150882041557,0.246673908588128,1.547114540746514,0.2627351461602829,1.0,0.23321225073932034,Lymphoid,6.169053304393673,5.949408979094626
GAPDH,7.016174960596654,45.31340757533077,0.0266974332329747,1.5143297077529754,0.3035621692706048,1.0,0.23931216491198143,MK,6.224789050284204,5.904593232258387
SLC2A3,3.3369698464134916,3.129929332231116,0.0671761934503057,1.0611223044068825,0.29009568188745233,1.0,0.2494006680060931,MK,6.251486879279675,4.90819032593452
CD69,5.6607948754995485,19.079444264058797,0.0151195004280972,0.9321739886307884,0.19647420379295288,1.0,0.1544815109833359,HSC/MPP,5.916205053409716,7.248560233202495
CLEC12A,0.34016130497995434,1.4727337595534802,0.0645076562407893,1.2174937604193234,0.31694298701747703,1.0,0.3089189526162172,Myeloid,6.493265086752418,4.087683393269317
CLEC7A,8.29140795413793,0.1013571227186764,0.0404654797518026,2.48296777554465,0.04370469057860251,1.0,0.040597274904033996,Lymphoid,6.140389265473871,6.042335003646609
APOLD1,6.897379187638321,1.6182339957358702,0.1109433158551862,0.9192970331386968,0.4165785910059421,1.0,0.40169235500908673,Myeloid,6.603415047331223,4.4723446020476905
PDE3A,0.5076757469835931,0.5184319799193107,0.1173002521515253,1.0832467834513722,0.3314295291607827,1.0,0.23433076516245632,MK,6.1796822969930965,7.239009847800919
RASSF8,1.0349035124088037,0.095317322262957,0.1912466364278754,0.8582079692582516,0.2635349835427001,1.0,0.22891760712720807,HSC/MPP,6.0914825350725375,6.307138260415332
FAR2,4.686446666765443,0.2665973969584426,0.0267677163268155,0.8682146235432948,0.49441122723989184,0.967199758,0.467433051701481,MK,6.104401800049892,0.40952450078246994
AC009318.1,3.507059037214306,3.2593644536708477,0.0459289030891281,0.8520723892231904,0.029567082723074536,1.0,0.030864258461586008,HSC/MPP,6.129170697691279,5.496351851814516
LRRK2,1.0341671288631709,0.3198077920298264,0.1069872683524291,1.1047619928255843,0.21196651630360053,1.0,0.19404785916620287,Lymphoid,6.129175297206548,5.7154184964972705
PDZRN4,8.134810215832132,0.0521686911253313,0.0232570096025878,0.9101898813144071,0.2076944885913433,1.0,0.2474913363602129,HSC/MPP,6.793882903176231,1.7395493079142779
TMEM117,7.40910560209883,0.0498557508850235,0.0247380574234679,0.9799779306199256,0.1845471497351746,1.0,0.17607825334610291,Erythroid,6.243640171646807,4.775675122537725
AC008014.1,4.851088356425144,0.1530886691777851,0.0344983952554385,0.925707199544365,0.15024665428757672,1.0,0.10580352811123199,HSC/MPP,5.823115293934773,7.722558388378739
PCED1B,8.787417650326633,0.0436813973522264,0.0327029904121144,0.9097161656174064,0.25303744590347194,1.0,0.264419178501161,Lymphoid,5.926870383080947,4.1011864933809115
ADCY6,7.117861098897405,4.29646167089064,0.1603111116798644,1.350250935097037,0.2979290652007473,1.0,0.2590772067119481,MK,6.245874547228696,4.776315412390442
LRP1,2.796812547687774,0.2355316062213012,0.0983229947172396,1.3625232693973357,0.3056968042832353,1.0,0.28348656772816505,Lymphoid,6.098924970065286,5.348750950495037
TAFA2,6.8207303871595535,1.080608714217291,0.0153572186158076,0.9930096438105,0.142424889640767,1.0,0.13786127657770134,Erythroid,6.155983791197765,4.78192094962996
LINC02384,12.299565868599316,0.0913879829636881,0.0226061297894559,0.9290874453811578,0.29425378553699155,1.0,0.3010246727503533,HSC/MPP,6.572063900854021,3.3508140188384474
MDM2,9.342287766155756,0.4006987647938148,0.0956770961529554,0.883511142294287,0.19460472278213914,1.0,0.159641964437263,Lymphoid,6.242936727271616,6.614942443319532
LYZ,14.095587429729234,66.51912779910936,0.0686634005300549,1.4744875079425652,0.039686291131232655,1.0,0.045278019292969235,Myeloid,6.156598860829166,2.9576936192255245
CAPS2,4.130326291545755,0.181781153273444,0.0207348512947175,0.8507185874960577,0.272755511461027,1.0,0.2905395653803181,HSC/MPP,6.656755951900852,2.7639122999464214
SYT1,9.682778791352028,0.3908251573862751,0.0037331915957498,0.8327406337241722,0.4657314659419794,1.0,0.4339444220504433,Lymphoid,6.060913723831071,4.8275644339079
TMTC2,7.282166539468733,0.0848264470336453,0.0283944700731181,0.9848067070368208,0.33688686295665865,1.0,0.23625531978313835,Myeloid,6.013316981173647,3.1725412159554742
CRY1,9.88285546695312,0.1002957311370305,0.034868635001108,0.7939282175972405,0.16067763524954043,1.0,0.13755321831450865,HSC/MPP,6.0628103110774845,6.236082877365518
ALOX5AP,4.5911500269022465,15.526342100322127,0.0413566723312705,1.0842966963861669,0.3249482223993933,1.0,0.32646645792038576,Baso/Eo/Mast,6.409851321176447,3.403302748444883
RFC3,0.20335747551287575,1.2620568204219205,0.0340979321276068,0.9149532499139312,0.1803648587456371,1.0,0.18618989016730964,Erythroid,6.370326221152082,4.20669205032897
LHFPL6,9.38862978733332,0.0261191800029496,0.0258975757170753,0.8996053794310734,0.3073804729931249,1.0,0.2656205300821373,MK,6.235828786357189,4.852085272784615
FOXO1,0.2578747953850975,1.6414116205002656,0.0486639954466749,0.7631063472202816,0.21351548136968437,1.0,0.19117705322554163,Lymphoid,6.155042470910887,5.912090132404707
EPSTI1,4.635849149995846,1.530845592416993,0.0754102282124923,0.7816444977432853,0.15211499919382201,1.0,0.1733746589495164,HSC/MPP,6.51776772811119,3.3451874896054217
DIAPH3,7.140600893531602,2.410463013737411,0.0620478459253737,0.8945808825270399,0.3994258074894549,1.0,0.3850692841790612,MK,6.1735473687446545,3.0395321140282183
PCDH9,6.450115218047787,4.139407103814266,0.0793541016782869,0.6709894327483141,0.4779743668654329,0.977779498,0.4302525953013073,HSC/MPP,6.27276393861036,4.134405443364998
DACH1,0.9424609322532644,2.988947432183888,0.1007281185976413,0.6762382635480956,0.22721334190482345,1.0,0.20408394444424352,HSC/MPP,6.159599734224298,5.788486513311922
NDFIP2,2.619754766404256,0.961994089072193,0.0629152741406218,1.430436427743045,0.11910379006827486,1.0,0.07328687861066185,Baso/Eo/Mast,6.224589182407126,6.590758607887289
AL162493.1,10.312146662369898,0.2372735628810563,0.0120366556446361,1.2471638601920327,0.094992766652076,1.0,0.11109090881469603,HSC/MPP,6.380269764871977,4.072633899511483
GPC5,8.370321868879904,0.0661802471042333,0.0291885906273082,0.841801851728162,0.3774604450179436,1.0,0.33419046412790926,HSC/MPP,6.166176772314487,6.114990067358007
GPC6,10.18839243861078,0.2257202971463099,0.0042510881412321,0.8452859827660192,0.1385179743535518,1.0,0.1445502516605019,HSC/MPP,6.337613916933858,4.448315845886403
ABCC4,4.265527375054605,12.274565783208196,0.0644108451281029,0.5423203880300257,0.13587395144258538,1.0,0.12807942193921334,MK,6.406122923700994,4.337844272048443
AC244502.1,2.9733768814618164,0.5105530585466205,0.0824144272180453,0.9463736373976208,0.48100282800419336,0.957565684,0.4874785119268215,Baso/Eo/Mast,7.005158313771814,0.3762120664122355
MDP1,20.042554437696413,0.081387188952217,0.0202091721147601,0.7996372392151184,0.18605743635321098,1.0,0.14657228789698265,Lymphoid,6.275487279749044,6.877443659626453
STXBP6,1.3450587158804805,0.9632045623556424,0.0911162828719489,1.134225857402984,0.16539968854323706,1.0,0.16662159260913473,Baso/Eo/Mast,6.446183486756935,4.136202475456248
NFKBIA,3.2391574997902897,6.769496990595545,0.0679110586058161,0.6802869225527745,0.39637919465292076,1.0,0.34308951321627795,HSC/MPP,6.088192706097633,6.6532591589621815
FBXO33,5.706310092767759,0.5467914170033207,0.103689322238687,0.7669557921031948,0.3604793307554477,1.0,0.36928087795241793,Lymphoid,5.878012229271318,3.571833065414273
MDGA2,1.4137454326664491,0.5959687476108388,0.0844117402195573,0.868098731400406,0.13858190545560994,1.0,0.14923585026384267,HSC/MPP,6.3863789471550465,4.1408570456375005
FERMT2,0.8366693360636503,0.4530812650007234,0.1286918650332731,1.4675606953085036,0.3368128119951057,1.0,0.30537232555013943,Baso/Eo/Mast,6.244091294528455,4.92355876592211
SAMD4A,1.440713592104856,0.0850514769219601,0.1453329606389481,0.7376176115407339,0.38504608765687925,0.9931141837,0.3761433254310631,Lymphoid,5.8148597254868655,3.7212249909432886
GCH1,9.336686054514267,0.0725751193986596,0.0353659355097434,0.7492437759677798,0.15590271976050105,1.0,0.16058280062678829,Lymphoid,6.025816521418976,5.000912013787277
DAAM1,17.30332148954942,12.40953197078132,0.187659427185404,1.1940287711086528,0.32420235450308715,1.0,0.26567034231426095,MK,6.210550724204961,5.517687770801718
PRKCH,8.340219873257826,0.5434583145960326,0.0266633049018643,0.800276028600782,0.11250588204377493,1.0,0.0806223092947875,HSC/MPP,5.900451995283936,7.142273166511145
SYNE2,1.315108890193532,0.2806450782825468,0.1342452813493457,1.2825007244925457,0.3402420398081109,1.0,0.2719117491798261,Lymphoid,6.357812024553848,7.289864272964827
SLC8A3,4.61645445603336,0.8990838023275824,0.0877014524576511,0.9074109289895044,0.17373117524851409,1.0,0.14266905629152343,Baso/Eo/Mast,6.2845961960683665,5.64015941964522
SIPA1L1,20.092999578480434,0.2551697998390358,0.0067406269754559,0.8482889628459496,0.2152695551075629,1.0,0.17431157978205009,Erythroid,6.018993903212252,5.985216586144869
RGS6,1.0232523860987364,0.7907376149809415,0.0978023763846105,1.457600605635468,0.32706738608679736,1.0,0.3038645958041151,MK,6.230607901386434,3.8833269916894055
FOS,0.1323878412448476,11.061426823829688,0.0498007733783692,0.7258077579530874,0.2847415117601067,1.0,0.26980382307485007,HSC/MPP,6.329600263428993,4.8570044437678614
LINC02328,8.586145220038574,0.0422382298041321,0.0257033260173021,0.8068313695072066,0.4799408017476395,0.990985202,0.439590074890255,HSC/MPP,6.3489892758041435,4.5821700711789335
CRIP1,17.03385652397206,3.653732584161125,0.0168446606063047,0.8179129392260658,0.24341899586636437,1.0,0.23847081292242892,Lymphoid,6.03165305326843,4.92059792504685
ATP10A,3.256866549712721,0.6545390115339912,0.053605086769287,1.0313994399757376,0.1666511140759178,1.0,0.14700742624163862,Lymphoid,6.166838879447279,6.06982867950917
RYR3,3.171592586419501,1.3960534806943574,0.0789859509865891,0.9152996463333174,0.2490866238788315,1.0,0.21153481669446889,Baso/Eo/Mast,6.2346591108820935,5.610558495994793
DPH6,6.764697747792441,0.4303562689265245,0.0291428685114166,0.9221600409763762,0.09304145068069422,1.0,0.09355342360056426,Erythroid,6.058056597145225,4.768882152076869
MEIS2,9.784195672147304,0.0376673425771972,0.0479754414046842,1.8404522113773416,0.02818291337537463,1.0,0.08867937930360545,Baso/Eo/Mast,6.771746203775389,1.9241236554258583
THBS1,10.470266899875268,22.990824554411716,0.0465430127641164,1.1159378724619058,0.38372017419864857,1.0,0.3390276713675748,MK,6.167803289115512,4.523245607182614
STARD9,0.8588382865699011,0.9825692744157978,0.1325667395188358,0.7694264896092503,0.31285581078888614,1.0,0.24435671640697934,HSC/MPP,5.806451210694001,8.225947313475354
LINC00926,8.11631893651061,1.3588452525146009,0.0068671642473204,1.2135366082573436,0.3344412203534898,1.0,0.27450832780174145,Lymphoid,6.3103810535152505,6.933475199526566
RORA,18.56810400701737,0.0666427787119534,0.0430066835724984,0.7703058520706032,0.3046227131909574,1.0,0.21798200586810115,HSC/MPP,5.603414010096335,9.486564287782342
PAQR5,1.9182739220530918,0.3171356127848546,0.1651637136185275,1.4971821719011895,0.4540578787848069,0.943787232,0.4011800192881891,Baso/Eo/Mast,6.91543748664653,2.653823177533
NRG4,9.37553749429113,0.0577969157015758,0.0193093370156677,1.213511935344051,0.2934625602532921,1.0,0.3636080313196055,Myeloid,6.888520958932624,4.829514720076064
CTSH,12.510316931200602,0.3045024058792624,0.043773102341796,1.2010361109624066,0.15594992008297745,1.0,0.13815770134006858,Lymphoid,6.16203778910748,6.048221888037339
SH3GL3,7.61700501636518,0.0496310740210938,0.0328674072596912,0.8352356058399654,0.20336420783426534,1.0,0.21125083949929613,Erythroid,6.459019704716189,4.031496055203489
LINC00923,7.801575516097213,0.1323726560866353,0.0080783195947611,0.9379331041898574,0.1176170026215005,1.0,0.1372421599431527,Myeloid,6.3495022532571745,3.469536015527372
TPSB2,12.02985826291323,0.6629367956897659,0.0063399271207713,0.6113300750584201,0.27281096587055875,1.0,0.22215570140168298,Baso/Eo/Mast,6.164254748235909,6.129343261648641
BMERB1,0.20677891326685005,0.4420418669942123,0.2088676247243363,0.8604535359725541,0.17992488225562184,1.0,0.2183084014636941,HSC/MPP,6.738580464838835,2.0203887845359088
ACSM3,13.769068988911823,0.3305926630557307,0.0152246304522842,0.8108241575514162,0.02108398875336397,1.0,0.023874554328294755,Erythroid,5.865545214456098,4.9594831113991775
ACSM1,10.774049355385518,0.0460987781128376,0.0147373091527045,1.1509081578927027,0.11950162899992992,1.0,0.06959307693229491,Baso/Eo/Mast,6.2042656926758415,6.784333017565653
CDR2,5.643936757883603,0.38417076371919,0.0247376358047234,0.9881229532437692,0.35424463388919825,1.0,0.2699326296370928,Lymphoid,6.4463028523313115,7.950221718279654
LAT,2.1976083932700856,25.926957859458447,0.0349779017292381,1.046938051197173,0.3202917459086571,1.0,0.25809165539870277,MK,6.211599357942299,5.709292835868739
ITGAL,5.841470728512472,5.931463207263974,0.0341522481640863,1.0400008382264774,0.05285322391788942,1.0,0.03913336512969334,Myeloid,6.069886817761591,2.8083813729707816
ITGAM,3.2285678896957686,0.9955545311837412,0.0587609152100934,0.8323359855981893,0.2411078968526394,1.0,0.23950061258455643,Baso/Eo/Mast,6.414260495963968,3.930231768068028
WWOX,3.732876325305778,0.5745259456250584,0.0878214406016262,0.9991365485976518,0.20004610542068,1.0,0.15595583210169398,Lymphoid,6.295010183574776,7.0075407999067085
IRF8,2.087966542499018,1.8047254532533148,0.1615301674084024,0.8165572271701159,0.3155716692792732,1.0,0.25470595448252126,Lymphoid,6.327364931780997,7.091053208036557
NLRP1,8.858121967538736,0.1161448127710609,0.0304783851767775,0.8226528818478923,0.2678110891739486,1.0,0.17819289854935277,HSC/MPP,5.518478510767448,9.932186365084888
GAS7,3.579953744023879,0.5533083326900824,0.1181023857207682,0.4097099209717516,0.2559971521811841,1.0,0.23626284750249704,Myeloid,6.3383582656818644,3.6793989561239897
UTP6,20.033789667433254,0.1511799489985881,0.0362114129998356,0.912538284265801,0.2508315001105798,1.0,0.22278119509068653,Erythroid,6.250766183147946,5.3161905686186595
MYO1D,10.637098007795936,0.0538519021061411,0.0436858124260724,0.8013312737776178,0.10298249545969049,1.0,0.10007126912831131,HSC/MPP,6.191706122843275,5.281683720789437
SLFN5,4.2170381533324335,1.5902862226174437,0.1129818767591174,1.4174754297079484,0.1781647969393229,1.0,0.13164486783345164,Baso/Eo/Mast,6.207121809990869,6.358262049990927
TOP2A,7.92885986373996,21.379609782994024,0.0585195011794198,1.0386507704306862,0.2301610558939755,1.0,0.2370954427550704,MK,6.333812528227839,3.091791995662976
VAT1,14.443649997742337,0.4315585975248192,0.0176876332219507,1.0327100124477722,0.25405684580111804,1.0,0.25084036441146357,Baso/Eo/Mast,6.403236936858723,3.948733560157405
LINC00910,7.933833227989405,0.0596749530604654,0.0255568719477386,0.8971335981359891,0.27965797645753326,1.0,0.2648735060303382,MK,6.277062860682214,3.7856042560104455
ITGA2B,4.4867113255162305,49.06004686168298,0.0639843381738308,0.7994781288247805,0.2604126888090408,1.0,0.22453940318912485,MK,6.280285846799585,4.8675553237483395
AC008105.3,6.505364390289721,0.3577992093619993,0.01829796695784,0.8099863870381027,0.23957305197145518,1.0,0.2331567290406207,HSC/MPP,6.353598858187006,4.594989852334946
ITGB3,12.602916704080545,6.676016258514888,0.1064270578476928,1.1122377771445966,0.07822248892619159,1.0,0.11489791969023462,MK,6.484454311209014,2.6522011107176615
SKAP1,0.37864322217593527,1.2758515767451597,0.2647010063526154,0.7951158417225173,0.36091847974367985,1.0,0.3272225539666926,HSC/MPP,6.242927010262011,5.590325437365394
HLF,3.053386367348404,1.2157244543455967,0.0550943044344931,0.61964776051632,0.36225925753454485,1.0,0.34691379161295827,HSC/MPP,6.438131948117919,4.362234278075364
MSI2,3.1782893013973195,6.314849895137678,0.1003409043822471,0.5236494154773557,0.15590532869821722,1.0,0.1956426396800713,HSC/MPP,6.717877442633866,2.092155995713289
MPO,7.8831834919837185,336.18440171432246,0.0665028135462206,0.4969742059882369,0.24167918815333725,1.0,0.13945065361066442,Myeloid,5.863195187971378,2.7163002494412374
TSPOAP1,0.4173106795935153,4.0756583509781645,0.082890159225448,0.612004777748819,0.14921573966080573,1.0,0.16832036079951962,Myeloid,6.393546055638973,3.6095345211736474
PRR11,2.090562806949471,0.4423029404218025,0.1526074217360619,0.8985404827305498,0.22052313541902535,1.0,0.1336833969278412,MK,6.28233689910206,7.442198713522732
BRIP1,0.20044922803736043,1.0161881992456905,0.0493615106661851,0.9630025236266851,0.25185757520703644,1.0,0.2234102059281936,Erythroid,6.249961842272583,5.328405764901571
ERN1,1.2656826437515827,1.1474845382847527,0.0708515315442912,1.0410372123733496,0.05883173084056925,1.0,0.09309237135637975,Baso/Eo/Mast,6.634774450765723,3.0387553727884438
CEP112,9.372930191649619,0.0612845131354505,0.0423604711980933,0.6359965709411737,0.20458021737156012,1.0,0.20342956828354805,HSC/MPP,6.358121409872964,4.480754985396752
PRKCA,0.9027477420208179,0.460142610939154,0.0560553569967914,1.0742778750816566,0.16460797784238526,1.0,0.18706526886435185,MK,6.400523152774107,2.778955269129873
SDK2,2.953677816960277,1.852562762008968,0.0853823211361558,0.7036085573162595,0.2629246767548639,1.0,0.20030377446379466,Myeloid,6.112667048547987,3.2449546495013264
H3F3B,6.932766813166021,82.78384852812405,0.0623726699567747,0.7818881050423897,0.2983048538914138,1.0,0.30717794832451323,HSC/MPP,6.60009906883624,3.183887042349028
CYTH1,5.167615792683909,1.3539424960984456,0.0359223775528198,0.7693649626132573,0.08723124545582057,1.0,0.10360539319918974,Lymphoid,5.996141704001905,4.870981365120374
P4HB,3.095953106849848,11.383277045088995,0.0900318216701494,1.0358867581971052,0.21329428194774586,1.0,0.17816068030450635,Myeloid,6.190234767240618,3.315091265277557
PTPRM,3.1185365603695314,0.3984780736052666,0.0963117821532819,0.8004898834105788,0.06984197375232837,1.0,0.13668077858943975,HSC/MPP,6.878026186599861,0.8711290063690669
RAB31,0.8409369978774359,0.4625611176112377,0.2017667522489125,1.791684693796965,0.1023489948972853,1.0,0.1272177426052567,Myeloid,6.355688898961293,3.4561781577203323
PIEZO2,0.2019957275230242,0.3176691792069523,0.0849215462892625,0.8922685698642462,0.11697906183550043,1.0,0.19031560745020706,MK,6.474258306807672,0.7391707302228827
CABLES1,4.276028340974078,0.9352385287162036,0.0492439647612247,0.8773921428291005,0.41462746246883325,0.981013682,0.38120630863557,HSC/MPP,6.330122755948507,3.8436700557920664
RNF125,4.00244171735179,1.1589710207767636,0.0955590338471192,0.7489588358837928,0.29075958153664294,1.0,0.1966279430946311,Lymphoid,6.543952029352545,8.79184009805659
KIAA1328,7.017628364535446,0.0727708976585494,0.034772979756589,0.8894236978006723,0.10900313369631831,1.0,0.11772441049266724,Baso/Eo/Mast,6.496621109220837,4.032185269974506
MIR924HG,11.217060271599022,0.0583942869325869,0.0156785147648424,1.1021710083336524,0.2313033763471393,1.0,0.19669071111155673,Erythroid,6.128610571492155,5.662042804903011
SETBP1,3.59271077801761,2.180846537797273,0.0432856563617223,0.9485210926921996,0.2955752567673312,1.0,0.2884391727873297,HSC/MPP,6.427529364310728,4.265791001584946
SLC14A1,0.20132260407413938,0.4201277938039715,0.0649213747061426,1.3194664199830124,0.1720751238558432,1.0,0.15892247132402823,Erythroid,6.160827393753327,5.016736601950566
RAB27B,3.061056346137647,4.014869913409922,0.0328875507256591,1.4194079393131882,0.10440998127411885,1.0,0.11630777040212573,MK,6.445952653094312,3.6274006710153346
TCF4,6.7021977427975745,5.969931288501949,0.089472832310817,0.6568750560591008,0.38973485382663414,1.0,0.3370161571281616,Lymphoid,6.233446303907274,6.262843437395826
ATP8B1,10.45890629576134,0.0660350344711612,0.0140415337916386,0.9791460248683012,0.19930130591266826,1.0,0.15732606826044826,Myeloid,6.131817607598296,3.1761879583436645
BCL2,7.112769839837007,1.8515154026542129,0.0722386498615652,0.7785374042076739,0.2083587975315036,1.0,0.1803293252977466,Myeloid,6.221997170184998,3.3695954954335603
CDH7,2.1753041607476766,0.6246970238286419,0.0798811394330024,1.0057265254684955,0.05093256528860829,1.0,0.045642109939473124,HSC/MPP,6.090891833870058,5.7901486425705135
PLPPR3,3.2860607526945897,4.812202382283212,0.0482600086888825,1.6253222877606162,0.192589607319293,1.0,0.18591031340387607,Myeloid,6.316063139939821,3.529081258887278
AZU1,7.243942140531005,79.5237357310198,0.0418440647927392,2.1377358234896326,0.25175414746658614,1.0,0.27118595199556383,Myeloid,6.547563367001233,4.085758864220773
PRTN3,3.4738387961734922,121.0366021936361,0.0311696510435224,1.6786116390084138,0.206235014601014,1.0,0.18574162163164548,Myeloid,6.260310229497011,3.441758003682336
ELANE,12.055264129184692,72.97658186552827,0.0240493754502464,1.736538692991196,0.3940447345492256,1.0,0.3639358500163639,Myeloid,6.486204183579895,4.2029300308992825
RFX2,2.9496438274173036,0.4890759159162507,0.111847218628866,0.7907239631961481,0.06881033070147048,1.0,0.11473833205767472,HSC/MPP,6.656307547551355,2.267228769986178
CALR,3.948718512790384,39.02911151512264,0.0730717343298925,0.8115568463815777,0.3362904080589543,1.0,0.33436293787793675,Myeloid,6.555531245878787,4.243166412879209
IER2,11.752682801629179,1.6667402646353242,0.0374897270278237,0.837911465818908,0.12825434924893858,1.0,0.11832168310788363,HSC/MPP,6.1545443804470334,5.5780012498164
ADGRE5,5.820502548145219,1.716093493543178,0.0379548355593621,0.8963871772856636,0.1793340823329615,1.0,0.14799477351162757,Lymphoid,6.2301353439160145,6.538359525659681
KLF2,4.789820830127226,11.43815938150212,0.0708663391339713,0.3808131897275344,0.297710159749924,1.0,0.2486411917238504,HSC/MPP,5.989030609163353,7.037120163588792
CD22,2.6940449981817043,1.080024648612583,0.0601188256233312,1.066465816580673,0.11944132349939417,1.0,0.22871538439268213,Lymphoid,5.413552270779965,0.34549491808408295
CLC,12.280485746029846,33.16983808696529,0.0431005245766427,2.7638714636501174,0.3308897251727832,1.0,0.31563920879866164,Baso/Eo/Mast,6.325538365776453,4.177207041239141
POU2F2,5.187967445550291,7.450619984448913,0.015489317777108,0.980608895439849,0.24959727771967874,1.0,0.2491656621419325,Lymphoid,6.000560015901524,4.672692049156764
FOSB,6.535473619736612,3.551264893621697,0.0780406001698204,0.6681725974869783,0.24295716767562595,1.0,0.20526423324157142,HSC/MPP,6.029142286643199,6.6499875183573405
SIGLEC6,6.506996695116902,3.1654455777649404,0.0470300259436062,0.9898013699280832,0.32637055336432474,1.0,0.2907290747683335,Baso/Eo/Mast,6.225795198455475,5.171188046788804
SLC24A3,7.578335506644475,0.295217584375935,0.0401565022689727,1.1066435584381369,0.3066217943053722,1.0,0.2881214584816848,MK,6.251325816485326,3.7921189747089854
RIN2,9.473598676999634,0.0862959020836946,0.0128275901409158,0.8227309731156809,0.3961954389197257,1.0,0.3632735238928906,Lymphoid,6.109539813853997,5.30091012829975
CST3,2.837340854559792,0.9935638192017082,0.0640077817861291,1.2794604498914517,0.022438079812600424,1.0,0.02722940434726895,MK,6.512454034200573,4.449879849857381
ID1,12.287638679295526,3.0401171644350167,0.0382331857893344,0.460464153380882,0.02497243999146336,1.0,0.028651438887531765,HSC/MPP,6.147566851180102,5.369053398584049
TPX2,6.765622696549956,6.6092425445555625,0.0764736198284925,0.9990711468871633,0.29351481661179046,1.0,0.2810588111356842,MK,6.2665403419969765,3.5949802529538823
SAMHD1,1.1656642959429346,2.6115084115690923,0.0763929482049046,1.1212494043733383,0.030496754853398287,1.0,0.029610896580039684,Lymphoid,6.134849229990258,6.018632449890313
PPP1R16B,9.002513837603711,0.2508688246339878,0.0382443151841243,0.7035577428543692,0.013074555777484573,1.0,0.05232332844117545,Lymphoid,5.901972140061765,4.253010308224291
UBE2C,8.947930456014298,3.4336196087800386,0.0489037180074558,0.8984855332172128,0.3330919089018984,1.0,0.29923489756411237,MK,6.218589797140826,4.3344162872588425
SULF2,11.97646819667002,1.4594129091381556,0.0588126655870791,3.283260024580728,0.3273738651514621,1.0,0.2620287299903775,Lymphoid,6.347438319572928,7.228510605395485
B4GALT5,7.217670800360623,2.6367510143625785,0.0422742177161198,1.0298564363637952,0.3312156502694855,1.0,0.2933407919346832,Myeloid,6.350204414514297,3.828857409567374
TUBB1,5.0954249865219206,0.9063888695243852,0.0865166303800163,1.6946632519891356,0.3089682254405219,1.0,0.2883503947216061,MK,6.247941487282784,3.8748015991004046
NRIP1,5.100964199264392,24.173934222261902,0.0651505840391316,0.6444332235006132,0.25596902859664505,1.0,0.21249857177855147,HSC/MPP,5.987236297720041,6.946204546255765
AJ009632.2,0.2059959043036712,21.717856533360862,0.0846424928637594,0.3968554351192964,0.26329766190562676,1.0,0.25184581604930983,HSC/MPP,6.335099327902667,4.769794432394941
MIR99AHG,5.626337163999441,0.1218378613185383,0.0191690748885155,0.8019190183369916,0.2630397344058834,1.0,0.2313504105733586,HSC/MPP,6.121597787543583,6.115954818930705
TIAM1,1.5337162897998944,0.675800584695414,0.0851682614173528,1.3895986160573883,0.014048454994122337,1.0,0.042317399837372795,Baso/Eo/Mast,6.615760470574352,3.5265896482045234
HLCS,7.00860163269313,0.1534192876828838,0.0477411133540887,0.9055348470148008,0.35278375171874443,1.0,0.3165712097632507,HSC/MPP,6.204583879352548,5.8122743308815705
BACE2,5.178239539279703,3.353058044881029,0.1186478016406088,1.29562342921575,0.22932239209594563,1.0,0.2208177131940214,Baso/Eo/Mast,6.382951490596413,4.312659394730071
ABCG1,0.20117931953439605,0.5431430650015392,0.0851327313276653,0.6398782642453419,0.37980049736059524,1.0,0.3346860188242353,HSC/MPP,6.150157805545673,6.22177090642659
PCBP3,1.029085070178529,0.2140166699965219,0.097835853388991,0.8414448956687245,0.24611680028463156,1.0,0.22395617319831793,Myeloid,6.310340640047234,3.6074685107753792
IL17RA,9.831016504420209,2.4747584716027844,0.0523829573003474,0.9767615287302116,0.19113959959847374,1.0,0.16592573840621513,Myeloid,6.211927819692875,3.320839846071433
IGLL1,5.398416755268193,35.722100795256104,0.0222411694747889,1.1426869731078135,0.40893463528836127,1.0,0.34940617193971574,Lymphoid,6.263207508836002,6.464206401001421
TTC28,3.58099821154871,0.5590481920068081,0.0915638145643843,0.8923201198808606,0.23563386810800366,1.0,0.1958038630186507,Erythroid,6.090735626330486,5.858659948346835
TIMP3,4.091097214338431,2.79314499664604,0.1712475014150467,0.5198990315642016,0.20364070122713526,1.0,0.20834857415537528,Erythroid,6.428896525265962,4.16060845124075
CSF2RB,6.534158172273155,5.420790432670646,0.1540714821120053,0.739040525560751,0.06680135374759065,1.0,0.06270084739382073,Baso/Eo/Mast,6.443227333210869,4.8345114715977955
GRAP2,10.459328865250223,1.9188406661643131,0.0297858651799299,1.2928245672057388,0.4103114455347766,1.0,0.3608649154697641,Baso/Eo/Mast,6.1376567514500096,5.452202677581049
SGSM3,12.55107872723958,0.1398837839420362,0.0324039483525903,0.8076571814418056,0.12070853424045788,1.0,0.13007357539852882,Lymphoid,6.018540127053502,4.995309768551419
ARHGAP6,2.6813370431184045,1.672319437287039,0.1602510134192001,1.329709326968964,0.08368181795560184,1.0,0.09022310100518191,MK,6.460497846567942,3.9982949419315927
CASK,3.374263055703932,0.4700419020016543,0.0701484772147636,0.8627147839235308,0.09570096603611704,1.0,0.06816278198130817,Lymphoid,6.2572975473967904,6.866839354259504
GPR34,0.8933847004045874,2.0957688996462203,0.0186861189413138,1.0894282955281245,0.19464479659652775,1.0,0.18947918140681963,Baso/Eo/Mast,6.407675124655618,4.309445795286392
AL050309.1,8.228084164258687,0.5752982328196593,0.0099033102264569,0.8494554020934698,0.09428440035093333,1.0,0.10994666308265846,HSC/MPP,6.374648387381005,4.106359227096862
AL034397.3,3.689530602159839,7.137015868366263,0.1388824668708899,0.794728816107241,0.4700046772436214,1.0,0.41830481108007134,Myeloid,6.480165698703241,4.318284005189485
TSC22D3,1.8675188006227765,7.791858324756075,0.0821451432544437,0.8204187751731586,0.08337540123004952,1.0,0.09126061860400608,Lymphoid,6.049924931634571,5.29002526834143
TMEM164,7.549200845025895,0.0290352983280623,0.0298304072532982,1.1280162644072236,0.20058581212120533,1.0,0.1519231122224239,Erythroid,5.900170240805365,6.35874539753018
AIFM1,9.072261229182986,0.3336665658121362,0.0186628094823815,0.7539091430812915,0.25374101150047784,1.0,0.19740908903359514,MK,6.273014833959596,5.844395009551439
FGF13,9.58372637964279,0.0529278256392171,0.0143316058929028,1.0576179230073952,0.20040898412493305,1.0,0.17119846264872382,HSC/MPP,6.056544438116793,6.372920605851795
AFF2,3.4859915356601094,1.1598468133611544,0.0543860809691488,1.074366928918849,0.090228206886769,1.0,0.06540889257446887,Baso/Eo/Mast,6.335242835839399,5.718252259879931
FLNA,10.33563168485076,24.458860676112312,0.0192927576408816,0.9945734012402054,0.4542318980065232,0.973573174,0.36411977105361554,MK,6.0948179562108535,4.0541515596856845
TTTY10,9.260142861685013,0.2503946079471999,0.0248470861655747,0.9094468832095072,0.17470854742838113,1.0,0.1400529909413678,HSC/MPP,5.9617947034095975,6.907666043319848
