gene,cs_lag_mean,cs_lag_median,alpha_c_mean_abs,velo_c_mean_abs,loss
DFFB,0.02197802197802197,0.0,0.4554189073173965,0.13021295734944954,0.1324808299541473
SLC2A5,0.12479474548440064,0.14285714285714285,0.5370014658291434,0.22877758983839713,0.1939933896064758
ID3,-0.13988095238095238,-0.09523809523809529,0.2728882938381022,0.052716788656331566,0.0763558894395828
CNR2,-0.03809523809523809,0.0,0.7427482892645579,0.30420740749162944,0.2408375442028045
RCAN3,-0.024691358024691353,0.0,0.45757894017506173,0.11612370293549826,0.1548059284687042
CLSPN,0.24509803921568624,0.23809523809523814,0.16185697306220861,0.04132319359287392,0.2111120969057083
HIVEP3,-0.0016420361247947396,0.0,0.6799573606591096,0.1521574449250813,0.1222960874438285
PATJ,0.10317460317460317,0.047619047619047644,0.5072792148843588,0.17902177419799103,0.1890977770090103
DNAJC6,-0.0836940836940837,-0.09523809523809512,0.5089872467652435,0.08692329763618116,0.129558652639389
PDE4B,-0.17898193760262723,-0.19047619047619047,0.4358173977191699,0.01697968276496587,0.1541690230369568
SGIP1,0.09831029185867896,0.04761904761904767,0.5484101893843131,0.06600789974799916,0.2434519231319427
SLC35D1,0.14603174603174598,0.14285714285714288,0.7094755981309991,0.18570239763897603,0.1117642372846603
IL12RB2,0.034920634920634915,0.04761904761904759,0.4818022200594204,0.06025485859704909,0.1349397748708725
PTGER3,0.023041474654377867,0.0,0.3318487334111893,0.06070834835098284,0.0692616701126098
NEGR1,0.12151067323481116,0.14285714285714285,0.5059687685419143,0.14199932166292023,0.1296597719192505
AL513166.1,-1.5860328923216522e-18,0.0,0.14716536780418682,0.027397254563344246,0.1268125474452972
IFI44L,0.03401360544217685,0.04761904761904756,0.5575004343166652,0.13551953486378124,0.2052997946739196
LINC01725,-0.18614718614718617,-0.14285714285714285,0.5293494356792211,0.17150711766490626,0.2053708583116531
TTLL7,-0.019400352733686073,0.0,0.7437455064503153,0.34055957982090546,0.1385203599929809
COL24A1,-0.19047619047619044,-0.19047619047619047,0.5275616093171223,0.15298507266651543,0.1302721351385116
LMO4,-0.10158730158730159,-0.09523809523809518,0.2306942843130085,0.02901299224492904,0.1215319484472274
TSPAN2,0.1367127496159754,0.1904761904761904,0.3941540314887101,0.13771731003923138,0.1871901899576187
SLC22A15,0.2797619047619047,0.3095238095238095,0.47583637538988943,0.07847545006113639,0.1309437155723571
LMNA,-0.06802721088435375,-0.047619047619047616,0.543348891625834,0.3466568492793437,0.1089281439781189
FCRL1,-0.17569786535303775,-0.19047619047619047,0.5580373637050918,0.0811724855343192,0.5056052207946777
SPTA1,-0.12789115646258503,-0.14285714285714285,0.34280156992732425,0.07117183325162574,0.2200597673654556
MNDA,-0.017687074829931985,0.0,0.43284149397248384,0.07252810339437266,0.2883702218532562
FCER1A,0.23953823953823952,0.23809523809523808,0.4260611655617515,0.13465423471338142,0.1573823690414428
SLAMF7,0.040178571428571425,0.047619047619047644,0.5402112955558095,0.08609309508499799,0.2643600404262543
FCER1G,0.04201680672268908,0.0,0.8014261823882438,0.20541726612481054,0.2025478631258011
PBX1,0.06563706563706564,0.047619047619047616,0.7133564461075053,0.29775344740216775,0.1316168010234832
SELP,0.13492063492063494,0.1190476190476191,0.4711905905384404,0.16923301633659235,0.3262926936149597
DNM3,-0.11986863711001643,-0.09523809523809523,0.27150265725569067,0.06995784727363882,0.1005893945693969
RASAL2,0.04365079365079363,0.0,0.7754144396407349,0.24629624393598362,0.1293908208608627
RALGPS2,0.016897081413210443,0.0,0.5317545548194534,0.18854905757400836,0.1020181477069854
ASPM,0.05582922824302134,0.047619047619047616,0.49235949739784257,0.1685541285854196,0.2252090871334076
BTG2,-0.16984126984126982,-0.16666666666666666,0.8367262025262822,0.36939049815536784,0.1787757873535156
SLC45A3,-0.05102040816326531,-0.0714285714285714,0.3743246385995064,0.09295702938833178,0.268241286277771
FCMR,-0.174055829228243,-0.19047619047619047,0.24683063821967272,0.05366187575747854,0.2496882975101471
CR1,-0.019305019305019325,0.0,0.25647310473169393,0.06175633815412553,0.1670251339673996
CR1L,0.1362433862433862,0.1190476190476191,0.46418926334628396,0.10199878043673677,0.1281189620494842
ATF3,-0.1768707482993197,-0.1428571428571429,0.5671704827516225,0.14378405149927548,0.1703965216875076
CENPF,0.040564373897707236,0.0,0.4996237655617515,0.09897427984767898,0.2076829820871353
LYST,0.01629072681704259,0.023809523809523808,0.3363693144249931,0.051112741423508766,0.1200683116912841
ID2,0.09115646258503401,0.04761904761904767,0.5012279195022397,0.11409779902946318,0.1108977124094963
RRM2,0.2897959183673469,0.33333333333333326,0.7249123282973763,0.20124091095148777,0.188013881444931
MIR3681HG,-0.13403880070546736,-0.1428571428571429,0.37544847130267855,0.08818973146710908,0.1544410437345504
FAM49A,-0.08823529411764706,-0.047619047619047644,0.23580518093015818,0.047425679245573775,0.1241694912314415
ALK,0.028911564625850348,0.0,0.3974317205855197,0.10981725701821499,0.1171931251883506
YPEL5,-0.22887864823348694,-0.23809523809523808,0.57040420011427,0.13979260575645314,0.1260668188333511
TTC27,0.07081807081807082,0.04761904761904767,0.5343379686104763,0.10151412379335434,0.1334102302789688
LTBP1,-0.03720238095238097,0.0,0.5506653444857847,0.12180310798745127,0.1033430621027946
RASGRP3,0.06593406593406592,0.04761904761904756,0.6219261888536429,0.14958193471608836,0.1652626693248748
CRIM1,-0.08862433862433863,-0.09523809523809529,0.6345054042828413,0.23114683917496234,0.1519759893417358
SOS1,0.2568542568542568,0.2857142857142857,0.49031430111801805,0.122745110156066,0.130441814661026
SLC8A1-AS1,-0.3115646258503401,-0.3333333333333333,0.33709056897888295,0.11470368598112442,0.1349767595529556
SLC8A1,0.14132104454685102,0.09523809523809523,0.3502642935675107,0.0979792350036436,0.1188589110970497
EML4,-0.1751152073732719,-0.19047619047619047,0.2796609719119663,0.0355499665860581,0.1107366234064102
LINC01122,-0.023809523809523787,-0.02380952380952378,0.5207278101522076,0.15156418612740524,0.1485148966312408
AC007381.1,-0.15343915343915343,-0.19047619047619047,0.20358085075509647,0.04441081890138808,0.0362842269241809
PELI1,-0.13333333333333333,-0.1190476190476191,0.5546289243925404,0.13894537569606127,0.1159152165055275
LGALSL,0.13888888888888892,0.1190476190476191,0.36165114139957943,0.04800171539227946,0.0346750728785991
MEIS1,-0.09206349206349206,-0.047619047619047644,0.520148578505805,0.1184783722837396,0.1140804216265678
CNRIP1,0.167989417989418,0.14285714285714288,0.5568978424394369,0.16810362867046416,0.2401101440191269
PLEK,-0.005952380952380959,0.0,0.5428501610979065,0.2057744810328277,0.1467653512954712
EXOC6B,-0.10476190476190475,-0.0952380952380952,0.22843889728311542,0.0488308348954625,0.1900424659252166
EIF2AK3,0.020952380952380955,0.0,0.17702254935597406,0.029859874477700263,0.107649989426136
AFF3,-0.2310924369747899,-0.2380952380952381,0.5480035677054576,0.13268227241077732,0.1165056601166725
RFX8,-0.09103641456582633,-0.07142857142857137,0.6804463293801993,0.25493748081781425,0.1545044928789138
IL1RL1,0.026113671274961586,0.047619047619047616,0.46464878362830236,0.09830101970306779,0.0442094877362251
IL18R1,0.03809523809523807,0.04761904761904759,0.4393351796338789,0.09153941775488011,0.1149093210697174
DPP10,0.22273425499231947,0.23809523809523808,0.31416954841073225,0.08943162848324805,0.2619804441928863
TMEM163,0.26551226551226553,0.2857142857142857,0.4987384148875583,0.11449704455266109,0.1495693922042846
CXCR4,-0.13333333333333333,-0.14285714285714285,0.5461700222392358,0.10883450807312624,0.1624986231327057
KYNU,-0.19642857142857145,-0.16666666666666666,0.5817646138394735,0.23196969848598095,0.1974088251590728
CACNB4,0.23809523809523808,0.23809523809523808,0.3618367589925953,0.0598551682110225,0.1883170306682586
CYTIP,-0.13741496598639458,-0.09523809523809534,0.43859128890209337,0.07335825651290866,0.1630951166152954
COBLL1,-0.1935483870967742,-0.19047619047619047,0.4130292223484779,0.08116019817411985,0.1351114958524704
SCN3A,-0.3442176870748299,-0.33333333333333337,0.5409062369700156,0.13269511729202607,0.3766685128211975
SCN1A-AS1,-0.22698412698412695,-0.2380952380952381,0.6422492239135205,0.1665286157685129,0.3688551783561706
SCN9A,-0.11011904761904763,-0.07142857142857145,0.5485005466235487,0.1291754274524872,0.1690885424613952
XIRP2,-0.07219662058371733,-0.04761904761904767,0.5434054183988482,0.06288713016731537,0.2379702180624008
DHRS9,-0.1956241956241956,-0.1904761904761904,0.2768023092037663,0.0359709585705219,0.0704992562532424
ITGA6,0.07792207792207792,0.09523809523809523,0.5888788045246367,0.26720375621982717,0.1296531707048416
OSBPL6,-0.03968253968253969,-0.047619047619047644,0.4690889230089588,0.11695998167132216,0.1175200194120407
PJVK,-0.1889880952380952,-0.21428571428571425,0.5022212881200292,0.13453845396256747,0.1159868165850639
LINC01934,0.167487684729064,0.19047619047619047,0.7250735119741292,0.20214983440766565,0.2578873634338379
PDE1A,-0.3183673469387755,-0.3333333333333333,0.24529334078297832,0.03652419782642828,0.2429572790861129
AC007319.1,-0.24851190476190477,-0.26190476190476186,0.547341328956486,0.09190157180662027,0.3655759692192077
CALCRL,-0.06547619047619047,-0.04761904761904767,0.4510866093468325,0.13839141675216282,0.1712349206209182
SLC40A1,0.17989417989417986,0.16666666666666666,0.1822804962121766,0.037344368256003416,0.1373176574707031
STAT4,0.08994708994708996,0.09523809523809512,0.3006290481401408,0.05375566763371265,0.1975740641355514
STK17B,-0.2049062049062049,-0.23809523809523803,0.1588450714036932,0.025948148599328272,0.0979177430272102
PLCL1,0.00501253132832077,0.0,0.5146942741315476,0.12319196558436617,0.1940049976110458
PARD3B,-0.06144393241167435,-0.04761904761904756,0.23134864075143982,0.056551688322268215,0.1879206299781799
PTH2R,-0.1020408163265306,-0.16666666666666666,0.5093784914219766,0.1536666163786993,0.2518668174743652
IKZF2,0.044334975369458136,0.0,0.5455848797344364,0.11557727722687257,0.1315911710262298
IGFBP2,0.13003663003663005,0.1428571428571429,0.18469041895008687,0.037031645814273866,0.1239376217126846
DIRC3,0.04931972789115647,0.0,0.1903526471505622,0.030514813177995297,0.1631017327308654
PTMA,-0.08482142857142858,-0.09523809523809523,0.4476367513488436,0.05779895749864594,0.0863662809133529
ARL4C,0.08818342151675483,0.04761904761904767,0.2997587721971844,0.041597722349845594,0.1174218207597732
AGAP1,0.20346320346320343,0.19047619047619047,0.5679583975061706,0.09728684369811619,0.2020450830459594
SNED1,-0.09523809523809526,-0.14285714285714285,0.5536522725774751,0.09323776507405546,0.1548401266336441
IL5RA,-0.13061224489795917,-0.14285714285714285,0.47435550760809947,0.13867274446010888,0.147169291973114
TMEM40,0.13227513227513224,0.1190476190476191,0.2048653458067465,0.039909317448915495,0.4449204206466675
SH3BP5,-0.028860028860028877,0.0,0.48545698094981254,0.07102058033988799,0.2436440885066986
ANKRD28,-0.23376623376623376,-0.23809523809523803,0.20929332540085932,0.04048387986050147,0.0883894115686416
ZNF385D,0.0015360983102918604,0.0,0.5779740650233112,0.17465877819125517,0.1535208374261856
UBE2E2,-0.2113095238095238,-0.23809523809523803,0.4039871078983454,0.06950003897357152,0.1489657312631607
THRB,-0.07680491551459293,-0.09523809523809518,0.6924967110535698,0.228589236559566,0.1873789280653
ARPP21,-0.2901785714285714,-0.30952380952380953,0.22013018756924763,0.03347425345729552,0.0372932069003582
DOCK3,-0.13244047619047616,-0.07142857142857145,0.6359357577795045,0.2213330176594466,0.1568482369184494
LRIG1,-0.1465201465201465,-0.19047619047619047,0.7369109139729408,0.3508884815843771,0.0991092398762703
MITF,0.037766830870279135,0.047619047619047616,0.7801982569288783,0.27817484475780097,0.1270825862884521
CADM2,-0.1075268817204301,-0.09523809523809523,0.5301915653368681,0.1861624824255225,0.2365714758634567
PROS1,0.18181818181818182,0.1428571428571429,0.2930557733892495,0.06288878531294902,0.2454958111047744
ABI3BP,-0.17460317460317457,-0.14285714285714288,0.8116469075038851,0.28165581521709476,0.3187487721443176
NFKBIZ,-0.130568356374808,-0.09523809523809534,0.6288612919585885,0.1800864666071821,0.1374678611755371
CD96,-0.049319727891156455,-0.023809523809523808,0.7166410810910503,0.26314021901327067,0.3253325819969177
PHLDB2,0.1412151067323481,0.14285714285714285,0.5283533929614225,0.15849127945258162,0.2053363919258117
AC092691.1,-0.1340388007054674,-0.19047619047619047,0.5216843641708565,0.1970907362422003,0.0958637818694114
POLQ,0.10138248847926269,0.09523809523809523,0.5397757717533596,0.17818573414277902,0.1765531003475189
CD86,-0.12380952380952383,-0.14285714285714285,0.48042438050553066,0.10746137389470045,0.0427369698882103
MYLK,-0.011544011544011544,0.0,0.26478890389752263,0.04098770034323127,0.1746875643730163
KALRN,0.019047619047619042,0.047619047619047616,0.3952792453062437,0.07864287975533436,0.0588100813329219
GATA2,0.05782312925170068,0.047619047619047644,0.40950059825441076,0.07132909253414856,0.1475947797298431
GP9,0.08771929824561403,0.09523809523809529,0.27402377948944145,0.030130970315333423,0.1412263512611389
TMCC1,0.07142857142857141,0.047619047619047644,0.27398606766797695,0.07861291343619124,0.11908570677042
EPHB1,0.24702380952380953,0.2380952380952381,0.4910811152811043,0.08992298119036808,0.122782364487648
SLC9A9,-0.02941176470588236,-0.02380952380952378,0.5675430040232197,0.13763762810416857,0.1669820696115493
CPA3,0.26898326898326896,0.2857142857142857,0.6978546865097358,0.240378278648472,0.1971928179264068
MED12L,0.06048906048906049,0.047619047619047616,0.7101651529198282,0.26162238265155385,0.1091346070170402
P2RY14,-0.14761904761904762,-0.14285714285714285,0.6440168479714782,0.2729023404306291,0.1748153269290924
MME,-0.16748768472906406,-0.19047619047619047,0.7295875657272145,0.34933106114764617,0.0819470062851905
MME-AS1,-0.16256157635467983,-0.19047619047619047,0.4015533134281013,0.1288117035587157,0.2985740900039673
MLF1,0.005714285714285714,0.0,0.515935843598135,0.18327284263175078,0.2311117798089981
IL12A-AS1,-0.07066052227342548,-0.09523809523809512,0.38914503221592467,0.05963781146323741,0.1176489070057869
PPM1L,-0.18095238095238095,-0.19047619047619044,0.1934861728672639,0.044569852818229554,0.1067891344428062
WDR49,-0.35185185185185186,-0.35714285714285715,0.43043911144117386,0.1396479078780656,0.2783487141132355
MECOM,0.02791461412151068,0.0,0.5346144386474999,0.1261480907692283,0.1357427835464477
PLD1,-0.1253968253968254,-0.11904761904761904,0.4365049418795136,0.0951438098677882,0.1747417002916336
FNDC3B,0.10793650793650794,0.09523809523809523,0.4641216589267757,0.13021268671906025,0.1186122447252273
NLGN1,0.14746543778801846,0.14285714285714285,0.1604306876972301,0.02723276531046666,0.1265107244253158
DGKG,0.07738095238095238,0.04761904761904767,0.5455800560243167,0.09930330983011361,0.1486467570066452
HES1,0.0625,0.09523809523809523,0.5375729741342901,0.14520237236567798,0.1381074041128158
TFRC,0.0819047619047619,0.09523809523809523,0.18163426946155956,0.034114316535140556,0.1113014295697212
CEP19,-0.017636684303350966,0.0,0.4948657949515495,0.15102572983844395,0.2358251959085464
SPON2,-0.08294930875576036,-0.04761904761904767,0.6151286647650608,0.18486995627906488,0.209823727607727
STK32B,-0.014005602240896342,0.0,0.5784989971880428,0.10346339995694336,0.1754001677036285
CLNK,-0.14126984126984124,-0.07142857142857145,0.29393164152984735,0.06696396916246534,0.1542695313692093
AC093898.1,-0.09347442680776014,-0.09523809523809523,0.3575707968987111,0.09214895218511518,0.3306025564670563
KLF3-AS1,-0.30476190476190473,-0.33333333333333326,0.17805746592055946,0.04153839611854749,0.1635540574789047
RHOH,-0.09863945578231292,-0.09523809523809523,0.5550800591201207,0.11359296638186384,0.1214110702276229
RBM47,-0.007722007722007752,0.0,0.5527351516806838,0.11228301220942906,0.1368432790040969
LIMCH1,-0.2897959183673469,-0.2857142857142858,0.39019477834034194,0.04820898102392618,0.2157150506973266
ATP10D,0.019969278033794148,0.0,0.7146130181712221,0.312718521392935,0.1286821812391281
KIT,0.03612479474548442,0.0,0.4177377688221044,0.10464243077646548,0.1194049939513206
UBA6-AS1,-0.042328042328042326,0.0,0.7128078634788372,0.2990271882439235,0.1081072017550468
AC111000.4,-0.06403940886699507,-0.04761904761904767,0.5312195634020478,0.09424426964645567,0.5810896158218384
SLC4A4,-0.004608294930875581,0.0,0.59498171921885,0.1907231886538507,0.1603594869375229
ADAMTS3,-0.11755952380952382,-0.14285714285714282,0.5942583892179358,0.1869400884150834,0.1830706894397735
RASSF6,-0.13852813852813853,-0.09523809523809534,0.628363725774751,0.1830601016820235,0.2600218951702118
CXCL8,-0.09659863945578233,-0.14285714285714285,0.5088003171743304,0.1624657660789201,0.1099401339888572
PF4,0.09035409035409038,0.09523809523809523,0.5950228722259805,0.15963772153302025,0.152004525065422
PPBP,0.02222222222222222,0.04761904761904759,0.7227738104584515,0.28534283019899237,0.1399069428443908
CXCL3,0.13624338624338625,0.1190476190476191,0.4594383927497943,0.07927467569851002,0.0790567100048065
EREG,-0.04931972789115647,-0.02380952380952378,0.29701200263461014,0.06575984691825972,0.1668117940425872
AREG,-0.09379509379509379,-0.04761904761904767,0.45549136156687087,0.07818982955937019,0.0927288308739662
PRKG2,-0.15763546798029557,-0.14285714285714285,0.3360323415673279,0.08151813627494955,0.1490083634853363
MMRN1,0.14829931972789115,0.14285714285714285,0.679754643049639,0.14457268007398483,0.1490742266178131
CCSER1,0.3055555555555556,0.33333333333333337,0.11777507712231464,0.017514448589060896,0.1238091811537742
HPGDS,0.09700176366843036,0.1428571428571428,0.5216160402015723,0.12480338426749167,0.1591467708349228
UNC5C,-0.283068783068783,-0.28571428571428575,0.5236214268274065,0.0819671599022051,0.1140039190649986
EMCN,-0.08818342151675486,-0.09523809523809523,0.39723708514900813,0.11487703230004394,0.3029553592205047
BANK1,0.0238095238095238,0.023809523809523808,0.5862876398656184,0.1647130426448587,0.0933175608515739
CENPE,0.06666666666666667,0.04761904761904756,0.2573414988353597,0.04087869641073842,0.1773980259895324
LEF1,-0.14991181657848324,-0.19047619047619047,0.5072784971574185,0.13048032313553568,0.0741036236286163
CAMK2D,-0.13553113553113552,-0.14285714285714285,0.549053541579212,0.11209700279276766,0.1062900200486183
USP53,0.0,0.0,0.4358676406271139,0.07924711855471314,0.113991655409336
AC097376.3,0.1173469387755102,0.11904761904761901,0.543526128814334,0.15165184172646234,0.1140202581882476
TBC1D9,-0.02777777777777779,0.0,0.4950977613049639,0.15110719706583878,0.049029279500246
RNF150,0.012987012987012995,0.0,0.19822347721363925,0.06760326245959955,0.2227588891983032
INPP4B,-0.04269293924466339,-0.047619047619047616,0.6457910504493098,0.1379318185202528,0.1294375956058502
GAB1,-0.32492997198879553,-0.33333333333333337,0.28441847721226804,0.0625154682851537,0.1066325157880783
AC107223.1,0.06190476190476191,0.0,0.46251256299707466,0.09060738702683724,0.1154626905918121
HHIP,-0.3822393822393822,-0.38095238095238093,0.25978862654401685,0.04041919056074338,0.0813105851411819
SLC10A7,-0.054673721340388004,-0.09523809523809523,0.5099693541635433,0.16872300774353508,0.1378874033689499
TTC29,-0.15167548500881833,-0.19047619047619047,0.31593315604031447,0.06820782352350338,0.0770299062132835
NR3C2,-0.04926108374384237,-0.047619047619047616,0.7307447600255964,0.24469994885422805,0.1909663826227188
LRBA,-0.1256613756613756,-0.09523809523809518,0.47064520244492186,0.06372845095786915,0.0923073664307594
TMEM154,0.08608058608058608,0.09523809523809523,0.490934844925953,0.05047505131934247,0.1464566141366958
RAPGEF2,0.021505376344086023,0.0,0.49240374195676023,0.0809073333383786,0.1162939369678497
MARCH1,-0.1216931216931217,-0.14285714285714285,0.5450184690926958,0.20548721152601895,0.1599625349044799
SPOCK3,-0.3305322128851541,-0.35714285714285715,0.25511067802541365,0.033005640028470166,0.2161359339952469
PALLD,-0.18894009216589863,-0.19047619047619047,0.4846061782516684,0.17162137278057613,0.1712563186883926
HPGD,0.1496598639455782,0.14285714285714288,0.43413819722140956,0.08625837999970155,0.1355293095111847
GPM6A,-0.017195767195767223,0.0,0.6554738347563762,0.12369982646058396,0.1631422936916351
STOX2,0.31932773109243695,0.33333333333333326,0.5315000845927416,0.14000731727221988,0.1657511293888092
ACSL1,-0.17460317460317462,-0.19047619047619047,0.1564725848746686,0.03293046044966176,0.1095896139740943
C5orf17,-0.05837173579109063,-0.04761904761904767,0.24038713941767983,0.05551688052082585,0.2323919683694839
CDH9,-0.27619047619047615,-0.2857142857142857,0.509141727519883,0.07616195173375244,0.287006676197052
PDZD2,-0.07142857142857141,-0.047619047619047644,0.5587888106261999,0.15144484627588506,0.1227198243141174
LINC02160,-0.1564625850340136,-0.19047619047619047,0.15338220964621993,0.030132119312498228,0.3673080503940582
FYB1,0.12698412698412698,0.09523809523809523,0.5209289895031538,0.11789368375297046,0.1657755970954895
FBXO4,-0.12857142857142856,-0.14285714285714285,0.6332808367711857,0.2624489905881112,0.1034598276019096
PARP8,0.11494252873563217,0.09523809523809523,0.43143839308117743,0.06883849333389543,0.1234306842088699
FST,-0.06302521008403363,-0.047619047619047644,0.4945167201389524,0.16654468138753425,0.0139516415074467
ARL15,0.1484593837535014,0.14285714285714288,0.4729407901001006,0.13081905163843532,0.1432203352451324
PLPP1,0.1360544217687075,0.09523809523809523,0.23008166157326995,0.03852257394830683,0.1332511156797409
PDE4D,-0.3137254901960784,-0.30952380952380953,0.20624694715833258,0.03093073070384296,0.1323139816522598
ADAMTS6,-0.1673469387755102,-0.1428571428571429,0.49633612999680043,0.08761385260030127,0.2161571681499481
CCNB1,0.10673234811165845,0.09523809523809523,0.5544253540497304,0.09695032017259282,0.2915772795677185
S100Z,0.1496598639455782,0.14285714285714288,0.539430518432215,0.18508461419835798,0.1391160190105438
CRHBP,-0.11904761904761904,-0.09523809523809523,0.5439226938970656,0.1512224659758793,0.18242047727108
SERINC5,-0.042328042328042326,-0.04761904761904767,0.7361481988029072,0.5319857809091769,0.1212925165891647
VCAN,0.03422619047619046,0.02380952380952378,0.6016907362162903,0.214096786782843,0.1133683249354362
KIAA0825,0.06605222734254992,0.04761904761904756,0.43662777111710394,0.1298063330244704,0.1627476960420608
ELL2,-0.12797619047619047,-0.09523809523809526,0.6850960342179359,0.17298368002928755,0.1097752824425697
PRR16,0.023041474654377874,0.0,0.5782845325518785,0.2000437820760696,0.1737289875745773
AC008568.1,0.11367127496159754,0.09523809523809523,0.6465175890319041,0.1621448850138911,0.287496268749237
C5orf56,-0.23109243697478993,-0.2380952380952381,0.3110254748203675,0.0440723207385628,0.1469269543886184
SLC25A48,0.14285714285714285,0.19047619047619047,0.31004151751119846,0.051965016078752674,0.2603382468223572
TGFBI,-0.09663865546218486,-0.09523809523809523,0.5401094589944236,0.0680863364470548,0.0266850404441356
EGR1,-0.10374149659863943,-0.09523809523809534,0.4797642025651338,0.09909954955090192,0.184456929564476
MZB1,-0.21726190476190477,-0.23809523809523805,0.3430206277520797,0.12249078781607699,0.3135722279548645
PPP2R2B,0.11367127496159754,0.09523809523809523,0.5192330943578024,0.143525236002721,0.2438224703073501
DPYSL3,-0.25806451612903225,-0.2857142857142858,0.7179223941420606,0.24727456063195996,0.1970522552728653
CSF1R,-0.13061224489795917,-0.14285714285714285,0.4560397206865344,0.13224719597201004,0.1312893182039261
AC113414.1,-0.03401360544217687,-0.047619047619047616,0.5054828986406437,0.08871283276951485,0.1136587187647819
HMMR,0.2647058823529412,0.28571428571428575,0.38010173217021664,0.05978558982176496,0.2649210393428802
RANBP17,-0.034482758620689655,0.0,0.6118295534610111,0.1416488316346545,0.1504183858633041
DUSP1,-0.23041474654377878,-0.28571428571428564,0.56525328043834,0.08009518647219759,0.2186267077922821
COL23A1,0.27871148459383754,0.2857142857142857,0.3021755716939391,0.0741173262239752,0.1508914828300476
LTC4S,0.18759018759018756,0.19047619047619047,0.4413279023109974,0.06834413247442542,0.1842658072710037
F13A1,0.12433862433862429,0.09523809523809523,0.2874283660755096,0.06623383728214363,0.1246938779950141
LY86,-0.19327731092436973,-0.19047619047619047,0.16909744781744218,0.035104479809545994,0.1862441003322601
BMP6,-0.08058608058608058,-0.09523809523809523,0.32066902970838285,0.0629754896085714,0.2297459840774536
GCNT2,-0.07142857142857141,-0.047619047619047644,0.6032545457322425,0.08370934244632672,0.2055937051773071
NEDD9,0.09013605442176871,0.09523809523809523,0.7645737931447116,0.2838380203584842,0.1261609196662902
CD83,-0.08538587848932677,-0.09523809523809523,0.7146362652632782,0.22634188137508676,0.110726848244667
GMPR,0.2689075630252101,0.2857142857142857,0.4765196199926867,0.10148707835165742,0.1395642459392547
CASC15,0.30115830115830117,0.2857142857142858,0.412640510051193,0.06676336115718087,0.1126371175050735
CARMIL1,0.11394557823129252,0.11904761904761904,0.6016167548048268,0.21878308283998116,0.126637190580368
HIST1H2BC,-0.10073260073260075,-0.09523809523809523,0.6673811348496206,0.3459041521764245,0.1568274796009063
HIST1H2AC,-0.1935483870967742,-0.1904761904761904,0.58613364356294,0.1819960259401674,0.1225458234548568
HIST1H2BD,-0.25396825396825395,-0.2857142857142857,0.5300451250059421,0.07493006903875415,0.1336428076028823
HIST1H2BJ,-0.024691358024691353,0.0,0.5265922955823201,0.12283783171178063,0.1185344383120536
HLA-DQA1,-0.18181818181818182,-0.1428571428571429,0.46423662126382664,0.11404150553060974,0.1854290664196014
PACSIN1,-0.31932773109243695,-0.33333333333333337,0.5204005075852455,0.09228885304905354,0.0394883528351783
TREML1,0.09788359788359785,0.0714285714285714,0.33809483107688093,0.09285669372941821,0.3191843926906585
TRERF1,0.13464696223316913,0.14285714285714285,0.7142752008227443,0.19733267830496615,0.1188682839274406
RUNX2,-0.21428571428571427,-0.19047619047619047,0.1949621036913795,0.024028316776965944,0.1604334115982055
KHDRBS2,-0.21645021645021645,-0.19047619047619047,0.49058676598546486,0.09369593240798606,0.1810943782329559
KCNQ5,0.2884353741496598,0.2857142857142857,0.5210522186228175,0.09762207021478177,0.1160214096307754
TENT5A,-0.07389162561576354,-0.047619047619047616,0.5037011547902002,0.10029161231510841,0.1193887814879417
BACH2,-0.32072829131652664,-0.33333333333333337,0.5216008725157693,0.08318229019837546,0.1093561053276062
CD24,-0.27380952380952384,-0.30952380952380953,0.4924144989066642,0.14164348263159937,0.0347789227962493
KPNA5,-0.08994708994708993,-0.09523809523809523,0.546356020917817,0.16343462509034912,0.1622299402952194
MAN1A1,0.1,0.09523809523809523,0.45934027633513114,0.048149477975988536,0.1269391328096389
NKAIN2,-0.2965986394557823,-0.2857142857142858,0.33228222836045335,0.07890149834402697,0.1234195455908775
ARHGAP18,0.0029761904761904656,0.02380952380952378,0.40171989951412385,0.05350637940419906,0.1224301531910896
ENPP3,-0.03174603174603176,-0.047619047619047644,0.6318164906010605,0.18979752131721592,0.1153010204434394
LINC01013,-0.33753501400560226,-0.35714285714285715,0.6774884665942956,0.21771583028307515,0.0188952982425689
PDE7B,0.09235209235209234,0.04761904761904767,0.5524973855873481,0.08529716495983625,0.1799915581941604
NHSL1,-0.08823529411764704,-0.07142857142857142,0.5715344292471889,0.0848468041586038,0.1576403379440307
ADGRG6,-0.23958333333333331,-0.2619047619047619,0.6365539723580764,0.13039488753988346,0.1640318930149078
AIG1,-0.12265512265512266,-0.09523809523809523,0.5578323964091781,0.07132755079831471,0.1138204634189605
STXBP5,0.04365079365079364,0.047619047619047616,0.6086398977379103,0.24176563039865634,0.154028981924057
UST,-0.1377551020408163,-0.14285714285714285,0.5120908315444739,0.12233130477661196,0.2010846585035324
PLEKHG1,-0.13839285714285715,-0.09523809523809529,0.5929051696050828,0.15624105787362558,0.2651863396167755
MTHFD1L,0.01587301587301587,0.0,0.23508474033092602,0.05249134383451503,0.1148413494229316
AKAP12,-0.33333333333333337,-0.35714285714285715,0.5874111076195265,0.08733257911534155,0.0507209561765193
ESR1,0.09365079365079364,0.047619047619047644,0.473542503284121,0.055059391506750884,0.1482898592948913
SYNE1,-0.058823529411764705,0.0,0.13985074678023585,0.02696350903102999,0.1367023587226867
ZDHHC14,-0.17708333333333334,-0.14285714285714288,0.3868084061628119,0.08123805164693168,0.1217926144599914
SYTL3,-0.01806239737274221,0.0,0.5659393022863151,0.16197620954049358,0.1691983789205551
PRKN,-0.18639455782312925,-0.19047619047619047,0.787863396407807,0.2938207900613064,0.1095238178968429
PACRG,0.03720238095238096,0.0,0.6585469549588627,0.2930689779261738,0.2348906695842743
RPS6KA2,0.007936507936507929,0.0,0.47080100547902004,0.13077930993814693,0.135871410369873
COX19,-0.1199294532627866,-0.09523809523809523,0.23835384381661942,0.053179276905981565,0.1157686784863472
CARD11,-0.1414141414141414,-0.09523809523809534,0.6236416825701617,0.1848816139108116,0.2015513479709625
THSD7A,0.015873015873015865,0.0,0.5265434859818083,0.1710163986530673,0.1867198199033737
CRPPA,-0.2712842712842713,-0.28571428571428564,0.5116639657784076,0.1213830761381478,0.120993360877037
HDAC9,0.00317460317460318,0.0,0.7474790683014899,0.3428792218808702,0.1380472779273986
ITGB8,-0.1477832512315271,-0.19047619047619047,0.20036984403327546,0.04022474431459563,0.189164325594902
RAPGEF5,-0.19523809523809527,-0.23809523809523808,0.5906937340401317,0.16685006153063564,0.1318093836307525
OSBPL3,-0.1707717569786535,-0.1904761904761904,0.7398470257953195,0.21357565485809768,0.1104834973812103
JAZF1,0.18894009216589863,0.19047619047619047,0.52529955030213,0.16832776226084134,0.1812381595373153
CREB5,0.024577572964669735,0.0,0.5105313499849162,0.1432130356882369,0.2443700581789016
PDE1C,0.2787114845938375,0.2857142857142858,0.5347276973333943,0.14355911473316615,0.2039364278316497
BBS9,-0.16305916305916307,-0.1904761904761904,0.7243290883343998,0.2788633158867598,0.0997074842453002
AOAH,0.11674347158218125,0.14285714285714285,0.629061731904196,0.16854655002580995,0.1407726109027862
ABCA13,-0.11640211640211641,-0.1428571428571429,0.19148214839747693,0.028474807283875442,0.361368864774704
CALN1,0.02453102453102454,0.0,0.3093648833078892,0.06883700421480117,0.1118132844567298
HIP1,0.1198686371100164,0.14285714285714285,0.439376301066368,0.06937077627440703,0.0860399976372718
FGL2,0.0025062656641603688,0.0,0.49368307354282837,0.0608112692921899,0.158075749874115
MAGI2,-0.13174603174603172,-0.09523809523809523,0.493274541841576,0.12854341165247649,0.1789651811122894
CD36,0.15625,0.0952380952380952,0.5298022219613311,0.11193575505351233,0.3129512369632721
SEMA3C,-0.08374384236453203,-0.04761904761904767,0.502369876328275,0.08342334652405037,0.1376691609621048
HGF,-0.05952380952380952,-0.02380952380952378,0.5219010456316848,0.08720010265098861,0.1985753029584884
PCLO,-0.03333333333333333,0.0,0.19828302828000732,0.03553546182750895,0.2084831744432449
ABCB1,-0.24242424242424243,-0.23809523809523808,0.7114259930560382,0.25466223915567154,0.1400129646062851
ZNF804B,-0.07583774250440917,-0.04761904761904767,0.47167074390437885,0.15363351377436654,0.2627491950988769
AC002454.1,-0.2453102453102453,-0.2857142857142857,0.5042646563182192,0.1198142285376598,0.0833519399166107
PPP1R9A,-0.09821428571428571,-0.04761904761904759,0.7222307481895055,0.19851312664744328,0.218759998679161
NPTX2,-0.15435139573070608,-0.14285714285714285,0.21974300160298013,0.05500253938800587,0.0712864696979522
TFR2,0.2571428571428571,0.23809523809523814,0.7164495650822744,0.21043079885035149,0.2248261272907257
SERPINE1,-0.1659863945578231,-0.14285714285714285,0.7986461178608648,0.23394045361373023,0.086707204580307
NAMPT,0.058035714285714274,0.04761904761904759,0.5489301155452966,0.11179578378830975,0.1116943359375
PRKAR2B,0.12870012870012867,0.14285714285714285,0.7816001791626291,0.2776987172157784,0.1060778200626373
CTTNBP2,0.20077220077220073,0.19047619047619047,0.4728251537156047,0.13815657639814297,0.1682595312595367
CPED1,0.12479474548440064,0.14285714285714285,0.5326392273471067,0.08200988314354007,0.1752465218305587
MEST,0.0682110682110682,0.04761904761904756,0.5507905967551879,0.10294534606858269,0.1211142688989639
PLXNA4,-0.013392857142857158,0.0,0.6729628456746504,0.26933937678312386,0.1222191527485847
PRSS2,-0.3123249299719888,-0.33333333333333337,0.8095196001160982,0.2971128323866633,0.2005021870136261
TPK1,-0.28125,-0.30952380952380953,0.4004667196649602,0.07294957232078687,0.1106196418404579
CNTNAP2,0.29323308270676696,0.30952380952380953,0.5303103686964074,0.09591330598528913,0.1218105927109718
DLGAP2,-0.2323232323232323,-0.19047619047619047,0.5217886904063442,0.13842094129233554,0.2515290379524231
DLC1,0.09909909909909909,0.09523809523809523,0.543461997616327,0.2019530010254605,0.1801855564117431
SGCZ,0.16305916305916304,0.14285714285714285,0.5044316816432033,0.17356281774360324,0.4429872930049896
PSD3,-0.3544973544973544,-0.3571428571428571,0.5576541141713136,0.22054906337096575,0.1066394373774528
CSGALNACT1,-0.3465608465608465,-0.35714285714285715,0.5596810997997989,0.10194513748300622,0.296820193529129
TNFRSF10D,-0.07060755336617405,-0.04761904761904767,0.31374292275573634,0.08289431798130464,0.1620138436555862
RBPMS,-0.2568542568542568,-0.23809523809523808,0.4915938452655635,0.0734077255869984,0.1369141638278961
RAB11FIP1,-0.05555555555555555,-0.047619047619047644,0.5589098300383948,0.0864844868749042,0.1023948639631271
ANK1,-0.03333333333333335,0.0,0.13959565048139683,0.022462324864007344,0.221552699804306
CYP7B1,0.28711484593837533,0.2857142857142857,0.2745436884760947,0.04848465078319156,0.1458467543125152
AC104232.1,0.11721611721611722,0.16666666666666663,0.6476532049606911,0.10813330159430931,0.2718422710895538
PREX2,0.008928571428571437,0.0,0.191045841710394,0.028929602180116087,0.1983867436647415
SLCO5A1,-0.32407407407407407,-0.33333333333333337,0.6867250100150837,0.20329343892506718,0.2183932662010193
IL7,0.22366522366522365,0.19047619047619047,0.6341983857738367,0.1813883616880288,0.1592473685741424
ZNF704,0.09852216748768475,0.09523809523809523,0.6595393690323613,0.21934672953476808,0.1136442571878433
PAG1,-0.1847041847041847,-0.1428571428571429,0.3212622249401225,0.067729537850765,0.1115501672029495
RUNX1T1,-0.17366946778711484,-0.14285714285714288,0.6601626068996251,0.276237774406725,0.0386950224637985
NCALD,0.11904761904761904,0.09523809523809523,0.46903916172364934,0.07272074220084523,0.1546149402856826
BAALC,-0.26551226551226553,-0.2857142857142858,0.6035242188189048,0.21654760426654687,0.1377166658639907
BAALC-AS1,0.09216589861751151,0.04761904761904756,0.499544381533504,0.11659244586133061,0.1508603990077972
ZFPM2,0.06837606837606836,0.04761904761904767,0.476455094851449,0.09134634332370141,0.261139839887619
PKHD1L1,0.09523809523809522,0.0714285714285714,0.44561198739007224,0.11709655670655303,0.3663166761398315
EXT1,-0.14991181657848324,-0.19047619047619047,0.4688377169627023,0.13222776461806052,0.1200372651219368
SAMD12,-0.10906298003072196,-0.09523809523809523,0.27673490195813144,0.05173505596388524,0.2031983882188797
AC068413.1,-0.0755336617405583,0.0,0.19272458184587257,0.02886037045569856,0.2394674718379974
ZHX2,-0.11986863711001643,-0.04761904761904767,0.5906846443134656,0.12110661439108823,0.1592538654804229
TBC1D31,0.06349206349206349,0.04761904761904767,0.43186319923164823,0.1144380957526895,0.133893996477127
MTSS1,0.2015873015873016,0.21428571428571427,0.43695906734207884,0.06212280032133005,0.1335414797067642
CCDC26,0.15599343185550082,0.1428571428571429,0.4437913682164732,0.07858922131076736,0.1550718992948532
PTK2,0.1607142857142857,0.19047619047619047,0.5064366736415578,0.07434872297089429,0.12125064432621
PTPRD,-0.15343915343915343,-0.19047619047619047,0.2468209286881799,0.0454732333902832,0.1898091286420822
FREM1,-0.04473304473304474,-0.047619047619047616,0.38592878033686806,0.0719132953856439,0.235002115368843
PLIN2,0.29795918367346935,0.23809523809523814,0.1974643287233751,0.04001669093926845,0.1504012048244476
PAX5,-0.3179271708683474,-0.33333333333333337,0.6612027778626932,0.1873843649643226,0.01851512119174
MAMDC2-AS1,-0.29795918367346935,-0.2857142857142858,0.42543347464713405,0.07527434802158874,0.3251715004444122
MAMDC2,-0.18571428571428578,-0.19047619047619047,0.4103108959648963,0.11358916820421963,0.1694307029247284
TLE1,-0.28571428571428575,-0.30952380952380953,0.49855079262592555,0.14868106528354105,0.0865400582551956
FRMD3,0.23511904761904762,0.19047619047619047,0.47303261456485973,0.14832996222269887,0.1864121258258819
CENPP,0.010582010582010581,0.0,0.4521937266998811,0.08883392463660353,0.0890162661671638
ABCA1,-0.24423963133640553,-0.2857142857142858,0.5461206932059604,0.09376034071965166,0.1996899843215942
SLC44A1,0.0694980694980695,0.04761904761904756,0.5834163704168571,0.1324082761969626,0.1171918734908104
PALM2-AKAP2,0.09031198686371099,0.09523809523809523,0.5123640246201664,0.10576662035278098,0.1458439081907272
LCN6,-0.16156462585034012,-0.19047619047619047,0.5286016011820094,0.13715915200441348,0.0289040766656398
ADARB2,-0.20982142857142855,-0.16666666666666669,0.5913320704835908,0.24294212368519197,0.2408940345048904
KLF6,-0.053221288515406175,0.0,0.7703365086251028,0.45061955860735897,0.1325621753931045
SFMBT2,-0.09251700680272111,-0.09523809523809523,0.47269025731282566,0.13726342686564968,0.1367733776569366
CAMK1D,0.16017316017316016,0.19047619047619047,0.6048465318571168,0.2698912351820727,0.1209150105714798
FAM107B,-0.21875,-0.19047619047619047,0.5295584596229088,0.15231360075623462,0.1401379555463791
FAM171A1,-0.04217687074829933,-0.047619047619047616,0.5431255053789195,0.06904499519925655,0.1648307740688324
ITGA8,0.032258064516129024,0.047619047619047616,0.2987403651663772,0.07464999092087306,0.1541865319013595
VIM,-0.10405643738977072,-0.1428571428571428,0.6977661847879149,0.3375944481630951,0.1315457820892334
MRC1,-0.07703081232492999,-0.07142857142857142,0.7591861182640095,0.3443768293128822,0.1434135735034942
CACNB2,0.07738095238095238,0.047619047619047644,0.5945348853830332,0.2370599850150829,0.1560413837432861
AL157895.1,-0.1461412151067324,-0.1428571428571429,0.7241170426894599,0.3420945078108592,0.2148078083992004
PLXDC2,0.13756613756613756,0.1190476190476191,0.3135177108711948,0.050290514161179654,0.1190612241625785
MPP7,0.050125313283207996,0.02380952380952378,0.5077483335711674,0.15836528385660115,0.1660466492176056
SVIL,-0.2338935574229692,-0.26190476190476186,0.2513891578384679,0.04041756553000811,0.1114365682005882
ZNF438,-0.25541125541125537,-0.23809523809523814,0.4380279370180089,0.1611484950305108,0.137524738907814
PARD3,0.18303571428571427,0.14285714285714285,0.5686058478709205,0.16548574010560835,0.1351756602525711
ALOX5,0.06802721088435373,0.04761904761904767,0.4666116471999268,0.09205051661759152,0.1357297599315643
PRKG1,-0.19913419913419914,-0.23809523809523803,0.5345495381561385,0.1344292536526844,0.1595043540000915
LNCAROD,-0.1370851370851371,-0.1428571428571428,0.4880465510362007,0.09376888248445381,0.1426859945058822
ANK3,-0.036124794745484405,0.0,0.2925950682905202,0.08634756952845846,0.2312244474887848
ARID5B,-0.026272577996715923,0.0,0.5765879881328275,0.17545301219674103,0.1345734447240829
LINC01515,0.2647058823529412,0.23809523809523805,0.49602793666742845,0.08501880246917676,0.1304109245538711
SRGN,0.25595238095238093,0.26190476190476186,0.4228953325075418,0.07946775182633838,0.1505434066057205
LRMDA,-0.06878306878306877,-0.047619047619047616,0.3152225930057592,0.05898394008692131,0.1098834127187728
PPIF,0.19642857142857142,0.1428571428571429,0.38317729136712675,0.0574588867951555,0.3899700939655304
RNLS,0.07881773399014778,0.047619047619047616,0.42790172262546844,0.06489063879732872,0.1317952126264572
BLNK,-0.18062397372742198,-0.19047619047619047,0.5389888112921656,0.13152746621839773,0.2447439283132553
SLC18A2,0.088023088023088,0.1428571428571428,0.7542529851243258,0.23692484682915727,0.1722386330366134
FGFR2,-0.04017857142857144,-0.047619047619047616,0.24539280608510833,0.03863890602534943,0.0838610678911209
CHST15,-0.015444015444015476,0.0,0.5299569597216381,0.10177837591316871,0.0207835659384727
ADAM12,0.20923520923520925,0.19047619047619047,0.3627811239747692,0.08776974880881995,0.0940575823187828
DOCK1,6.938893903907228e-18,0.0,0.5949762455818629,0.19534325182676596,0.1378742456436157
PTPRE,0.10291858678955454,0.09523809523809523,0.5199782062185757,0.09355227027575078,0.1287637501955032
MKI67,0.0746031746031746,0.023809523809523808,0.3885162592513027,0.12509330110747324,0.2247657775878906
KCNQ1,0.05442176870748299,0.047619047619047616,0.5561349983348569,0.09781525439418433,0.1354271024465561
HBD,0.10344827586206896,0.09523809523809523,0.34812739751302685,0.05037651430298446,0.1328672915697097
MRVI1,-0.00280112044817927,0.023809523809523808,0.4520136437901088,0.07163954220727942,0.1300923526287078
GALNT18,0.07792207792207792,0.0,0.6562983582251577,0.1339443718511991,0.0588871799409389
MICAL2,-0.05050505050505051,-0.047619047619047616,0.5203111978549227,0.11080916483800278,0.1363019943237304
SPON1,-0.14285714285714288,-0.19047619047619047,0.7543591426140415,0.27775493242996346,0.0683549344539642
PDE3B,0.046082949308755776,0.047619047619047616,0.4075276673685895,0.05663566004275114,0.2112547755241394
ANO5,0.28851540616246496,0.26190476190476186,0.5094358062587988,0.09452029620723798,0.2685190141201019
MPPED2,-0.22172619047619047,-0.21428571428571425,0.6680784080372977,0.21934408764086982,0.1910372078418731
ABTB2,-0.16129032258064516,-0.14285714285714285,0.5135508053588079,0.10735436873066126,0.2173598259687423
LDLRAD3,0.036124794745484405,0.047619047619047616,0.19582360753542372,0.05061191956665751,0.2032839953899383
MDK,-0.1937602627257799,-0.23809523809523803,0.5129900068022671,0.11606696391928278,0.1697499752044677
PTPRJ,0.09035409035409038,0.09523809523809523,0.6671332099547491,0.19369387756954753,0.1679551303386688
MS4A6A,0.004761904761904756,0.0,0.515163231419691,0.17358099178126746,0.2034093737602234
MS4A4E,-0.26190476190476186,-0.2857142857142857,0.43069449988161623,0.1008966887287203,0.1333124637603759
CSKMT,-0.16517857142857142,-0.19047619047619047,0.5026413758136027,0.08065654482827159,0.1623911261558532
NEAT1,-0.06084656084656085,-0.047619047619047644,0.33428619790520153,0.08878524160184437,0.1311266422271728
ACY3,-0.16129032258064513,-0.14285714285714285,0.8081950952710485,0.2744434136080907,0.1128585413098335
P2RY6,0.232947232947233,0.23809523809523808,0.4324294988659841,0.0758386927437456,0.0215187799185514
PGM2L1,0.028571428571428567,0.0,0.3843707610800805,0.03943618082645477,0.1035766452550888
GAB2,0.007326007326007323,0.0,0.42487865514398027,0.06445975810463943,0.1301688253879547
DLG2,-0.03081232492997197,-0.02380952380952378,0.5196495861623549,0.1337270121534188,0.3497388660907745
DISC1FP1,0.0016420361247947435,-0.04761904761904756,0.5411143053894323,0.16551099665274047,0.3345016241073608
MAML2,-0.0015360983102918567,0.0,0.7118683998313374,0.23065596088128798,0.1258683204650879
TRPC6,-0.04621848739495799,-0.07142857142857142,0.5934009010238597,0.21224679049417008,0.2694152295589447
PDGFD,0.09876543209876544,0.09523809523809523,0.42347611936922935,0.11462812452285928,0.1472316831350326
JAML,-0.09788359788359788,-0.14285714285714285,0.6300768795077246,0.16523198202141148,0.1613352596759796
UBASH3B,0.0462962962962963,0.047619047619047644,0.4110080616468599,0.10801124374340422,0.1186877861618995
VWA5A,0.13464696223316913,0.1428571428571428,0.28084808521391347,0.06504438458519764,0.2337412387132644
NRGN,0.11507936507936506,0.09523809523809523,0.5544999591489167,0.06621562260545437,0.2947114109992981
WNT5B,0.16849816849816845,0.1428571428571429,0.5038519381584239,0.11648249449938694,0.15251125395298
CACNA1C,0.07142857142857142,0.02380952380952378,0.3034710013259896,0.07392875537315112,0.1732669025659561
VWF,0.06349206349206347,0.04761904761904756,0.3948148798743029,0.07101390488242254,0.2049174308776855
CD9,0.0695970695970696,0.04761904761904767,0.4703047655969468,0.14938724626028038,0.261559247970581
GAPDH,0.2324929971988795,0.21428571428571427,0.45059828720586886,0.06810706705300815,0.1442868858575821
SLC2A3,-0.0030721966205837243,0.0,0.7413860889980803,0.25974130205067836,0.1243857517838478
CD69,-0.19467787114845936,-0.19047619047619047,0.4642068527507085,0.06494755864195301,0.1606902629137039
CLEC12A,0.15625,0.14285714285714285,0.4999345697979706,0.1507930003966475,0.1934623569250106
APOLD1,0.14449917898193765,0.1904761904761904,0.26326312810860225,0.06145846512210944,0.112022116780281
PDE3A,-0.02020202020202021,0.0,0.5672017656449401,0.06999252895851801,0.1030070185661315
RASSF8,0.02063492063492064,0.0,0.760379220324984,0.4726938445122076,0.2153931111097335
FAR2,0.18181818181818182,0.1428571428571429,0.5344265558008044,0.16020942495580012,0.215934932231903
AC009318.1,0.09103641456582634,0.023809523809523808,0.3089264867538166,0.06841489390912163,0.1515609920024871
LRRK2,-0.11375661375661375,-0.1190476190476191,0.5711741914585428,0.14807931237419916,0.0569163002073764
PDZRN4,-0.1297208538587849,-0.1428571428571428,0.521868714464302,0.1710399172400454,0.2645189762115478
TMEM117,-0.0017636684303350928,0.0,0.42248538945653163,0.095411521834944,0.1300407499074936
AC008014.1,-0.14900153609831027,-0.14285714285714285,0.5777659303556084,0.12199392477472437,0.1665970981121063
PCED1B,-0.03650793650793652,-0.047619047619047644,0.49482359447984275,0.14850399066574255,0.1903253495693206
ADCY6,0.08521303258145362,0.04761904761904767,0.27148595611390436,0.057138143715823916,0.2340054959058761
KRT1,0.1116584564860427,0.14285714285714285,0.6288938161102477,0.21930708267170232,0.1839209794998169
LRP1,-0.09387755102040818,-0.04761904761904767,0.30536331774888015,0.04944409533434065,0.0428615845739841
TAFA2,-0.10180623973727419,-0.1428571428571428,0.4901956454461102,0.11733204864717918,0.1359888464212417
LINC02384,-0.20032840722495898,-0.23809523809523808,0.7016465114717981,0.24469223853275188,0.1912740767002105
MDM2,-0.3637566137566137,-0.38095238095238093,0.5872286768552885,0.08608873488041095,0.1240184605121612
LYZ,0.20430107526881722,0.19047619047619047,0.5516512822945424,0.07960756714752518,0.1017492786049842
CAPS2,0.12946428571428573,0.09523809523809534,0.4594611284788372,0.15772655943647967,0.1207315251231193
SYT1,0.046082949308755755,0.0,0.3166600496823293,0.08244485248712295,0.2907841503620147
TMTC2,0.020634920634920628,0.02380952380952378,0.5092721161353871,0.16278111676078091,0.1290328353643417
CRADD,-0.1935483870967742,-0.1428571428571429,0.27208720704817624,0.07670950117774161,0.1216842904686927
CRY1,0.13671274961597546,0.09523809523809523,0.5507248629266843,0.14059691758652784,0.0899908915162086
WSCD2,-0.001763668430335095,0.0,0.3641061180126154,0.0857942935895457,0.0262649301439523
ALOX5AP,0.21111111111111108,0.23809523809523805,0.31293777582960053,0.0514433573714147,0.1617520749568939
RFC3,0.07993197278911565,0.07142857142857145,0.24136370318173508,0.050420567846530095,0.1260575205087661
LHFPL6,0.1123321123321123,0.09523809523809523,0.21701677937562847,0.038553541315955515,0.1396928131580352
FOXO1,-0.319327731092437,-0.33333333333333337,0.5436406368772284,0.07747563055217278,0.119240678846836
EPSTI1,-0.1349206349206349,-0.11904761904761907,0.5623997212706828,0.09611185553127187,0.16403529047966
RUBCNL,-0.33333333333333337,-0.35714285714285715,0.35754942609653534,0.05579330975351139,0.0236843470484018
DIAPH3,0.07060755336617405,0.04761904761904767,0.3380416555256422,0.07140510320757373,0.1434927284717559
PCDH9,-0.10374149659863943,-0.09523809523809523,0.6291272318114087,0.2596179010339569,0.1276724934577942
DACH1,0.1517857142857143,0.1428571428571428,0.574313744663589,0.2114632236050585,0.1012801527976989
NDFIP2,0.11243386243386243,0.09523809523809523,0.5298699287252034,0.08879281957726518,0.067551851272583
AL162493.1,0.12698412698412698,0.09523809523809523,0.6450498093614591,0.22799379408255438,0.1633263975381851
GPC5,-0.07692307692307693,-0.047619047619047616,0.483808693615047,0.15342215132258338,0.1504426747560501
GPC6,0.12479474548440064,0.09523809523809534,0.30644090115961237,0.05456659637444807,0.276317149400711
ABCC4,0.16161616161616157,0.09523809523809523,0.4760328635533413,0.052595909269528,0.1564769297838211
RNASE2,0.16666666666666666,0.19047619047619047,0.48842103425221683,0.1264837934911511,0.1752369552850723
AC244502.1,-0.04,-0.04761904761904756,0.5171663139080355,0.10916323402298987,0.1698091030120849
MDP1,-0.16883116883116883,-0.19047619047619047,0.5775174821235944,0.1701275107849088,0.1228607073426246
CTSG,0.13403880070546736,0.1904761904761904,0.2060043597792303,0.03596298247264173,0.2017387151718139
STXBP6,-0.11986863711001643,-0.19047619047619047,0.2689939807084743,0.035400102245293476,0.0878944620490074
NFKBIA,-0.20057720057720058,-0.19047619047619052,0.49461586125331386,0.1453513388966342,0.1292438507080078
FBXO33,-0.053763440860215055,-0.04761904761904767,0.47345907692293626,0.12373446099563302,0.0891253277659416
MDGA2,-0.16589861751152066,-0.1428571428571428,0.44466805046987834,0.09792207192356403,0.1769763678312301
GNG2,0.03533026113671276,0.0,0.394527604287412,0.07087532490400882,0.1095996350049972
FERMT2,0.115995115995116,0.09523809523809534,0.22613184867538166,0.03138830442188167,0.0435254909098148
AL365295.1,-0.1228878648233487,-0.09523809523809523,0.6083977829362829,0.1997165165474328,0.140507310628891
SAMD4A,-0.11904761904761904,-0.07142857142857145,0.32494248807477827,0.052986403600020826,0.2558478713035583
GCH1,0.054834054834054825,0.047619047619047616,0.4265993565705275,0.0757963985552437,0.1667979955673217
LINC02284,0.0695970695970696,0.04761904761904767,0.534153030918274,0.23018038278553457,0.2542935907840729
DAAM1,-0.017316017316017323,0.0,0.494720382040863,0.1258014477990813,0.0930614173412323
PRKCH,-0.06912442396313365,0.0,0.5933984785492274,0.20214540906044007,0.1050498783588409
SYNE2,-0.03703703703703706,0.0,0.16903179083874212,0.029788302424846133,0.078524611890316
SLC8A3,-0.08412698412698412,-0.07142857142857137,0.5162501706655087,0.08491319694517255,0.1330706179141998
SIPA1L1,-0.2196620583717358,-0.23809523809523814,0.20945055175747326,0.0332537081536327,0.153571680188179
RGS6,0.01339285714285714,0.023809523809523808,0.2666990137878234,0.034177843598322134,0.0937766283750534
FOS,-0.21875,-0.2380952380952381,0.4843792674444648,0.10321173278226155,0.227354347705841
LINC02328,0.045855379188712526,0.0,0.6269955818402049,0.21989393601612717,0.1272855848073959
CRIP1,0.029761904761904746,0.0,0.1319172226236859,0.020304711424607148,0.3171241879463196
ATP10A,0.12222222222222222,0.14285714285714285,0.48878432211765244,0.12889138036098344,0.2090962380170822
RYR3,-0.036124794745484405,0.0,0.6085528254895329,0.15677440193229789,0.1770231425762176
DPH6,-0.1857142857142857,-0.19047619047619047,0.1752076431492824,0.02980516527974346,0.1312686800956726
MEIS2,-0.06403940886699507,-0.09523809523809523,0.37894997573224243,0.10033593368851769,0.0709906592965126
THBS1,-0.023088023088023088,0.0,0.5565576617775847,0.13014997011130644,0.0562930442392826
STARD9,-0.09668109668109669,-0.04761904761904767,0.24792381984185027,0.05979477945276165,0.1009251102805137
LINC00926,-0.1484593837535014,-0.09523809523809529,0.42814603332525825,0.053148312292165656,0.1907261610031128
RORA,0.1173469387755102,0.1428571428571428,0.3746856621734162,0.06447767561521091,0.1654850095510482
PAQR5,0.14285714285714285,0.19047619047619047,0.7273742938422159,0.24401450741289468,0.0505588538944721
NRG4,0.30952380952380953,0.28571428571428575,0.7772076170660025,0.2815063850429747,0.2398113757371902
ADAMTS7,0.13127413127413123,0.09523809523809523,0.4602710914909955,0.1185147985031161,0.0280221551656723
CTSH,-0.025297619047619048,-0.047619047619047644,0.37451915660206603,0.1241097326438372,0.0945844799280166
SH3GL3,0.2759103641456582,0.28571428571428575,0.2639114156517963,0.04767652662928887,0.1114685758948326
LINC00923,0.046176046176046176,0.04761904761904756,0.36959241638723833,0.0884654154792014,0.1724190711975097
PCSK6,0.1750700280112045,0.14285714285714288,0.24208925076652343,0.052480851384541304,0.0567727610468864
TPSB2,-0.0343915343915344,-0.02380952380952378,0.4436876340204773,0.10974894198040006,0.331439733505249
TPSAB1,0.15178571428571425,0.14285714285714285,0.5054975584614682,0.08534828886079328,0.1509576141834259
BMERB1,-0.16436251920122888,-0.19047619047619047,0.5870654518722003,0.300289500044949,0.1798155754804611
ACSM3,0.1142857142857143,0.09523809523809523,0.1864471516272054,0.03757385678232532,0.1335860788822174
ACSM1,-0.012605042016806737,0.0,0.38056281676432946,0.09636386924436495,0.2238731980323791
CDR2,0.1139455782312925,0.07142857142857145,0.569692556425633,0.2324117052951299,0.1635696440935135
LAT,0.08465608465608465,0.04761904761904767,0.4967184672547765,0.13530713887079152,0.147396057844162
ITGAL,-0.16666666666666669,-0.19047619047619044,0.5082201058986197,0.08433090002114453,0.1395692974328994
ITGAM,-0.07777777777777778,-0.023809523809523808,0.5460815154461102,0.1601385336821413,0.0951084271073341
MT2A,0.13793103448275862,0.1428571428571428,0.3298667486493281,0.10684615265252673,0.1063680201768875
WWOX,-0.054187192118226604,-0.047619047619047616,0.3425339717579304,0.0571723149636076,0.090560458600521
C16orf74,0.3835263835263835,0.42857142857142855,0.4920747531597952,0.16858151637243332,0.244378000497818
IRF8,0.14574314574314576,0.14285714285714285,0.4956916580080446,0.17814018713297008,0.1065387353301048
GP1BA,0.08365508365508367,0.09523809523809523,0.556676816647774,0.1138107265012913,0.1156301349401474
NLRP1,-0.3621553884711779,-0.3571428571428571,0.4800561246160526,0.11702261192119459,0.1983787268400192
CLEC10A,0.14705882352941177,0.19047619047619047,0.6614469263369596,0.17092749400643853,0.1323025226593017
GAS7,0.1857142857142857,0.21428571428571427,0.5587729574197825,0.156539980287967,0.1148950234055519
ABHD15-AS1,-0.01587301587301588,0.0,0.5295532372844867,0.11825214071524509,0.1681650876998901
UTP6,0.14005602240896362,0.1428571428571429,0.18486714956120304,0.03505740344430682,0.1043480858206749
MYO1D,-0.03776683087027915,0.0,0.7679989399876589,0.429577258046858,0.1270336061716079
SLFN5,-0.03720238095238096,0.0,0.3814855014800255,0.07429450679886487,0.0803128108382225
TOP2A,0.10119047619047619,0.09523809523809529,0.3685902155224427,0.11113475335059968,0.2074203193187713
IGFBP4,0.18170426065162903,0.16666666666666669,0.5123777620490904,0.154580235445356,0.0783086642622947
CCR7,-0.16666666666666666,-0.19047619047619047,0.5592631493518604,0.10416329370188304,0.0550343543291091
VAT1,0.025510204081632654,0.0,0.5445053337233751,0.12519016883672762,0.1251199543476104
LINC00910,0.1020408163265306,0.09523809523809523,0.554116299994972,0.12101074233625007,0.133649542927742
ITGA2B,0.0864661654135338,0.04761904761904767,0.5276322141420605,0.12732654563906,0.1483310908079147
AC008105.3,-0.12749615975422424,-0.09523809523809523,0.39670047434317574,0.12024383422106391,0.182426318526268
ITGB3,0.0380952380952381,0.047619047619047644,0.32673825436328735,0.05942111806254743,0.0732177123427391
SKAP1,-0.20386904761904762,-0.21428571428571427,0.23276123613081634,0.03130325906036518,0.1695879399776458
ABCC3,0.1251700680272109,0.09523809523809523,0.5182296148564768,0.09341890150044317,0.0582101009786129
HLF,-0.2285714285714286,-0.2380952380952381,0.4862215003665783,0.11311681048522473,0.1942449957132339
MSI2,-0.19206349206349202,-0.19047619047619047,0.7618450410937929,0.27217858922149973,0.0924663171172142
MPO,0.14102564102564102,0.19047619047619044,0.5288755876976872,0.16633617075930754,0.1777203381061554
TSPOAP1,-0.07142857142857144,-0.047619047619047644,0.6199896689788829,0.2302583619167494,0.1908819675445556
PRR11,0.07389162561576353,0.047619047619047616,0.37918894730185576,0.08463330136269756,0.0970190614461898
BRIP1,0.11011904761904762,0.09523809523809523,0.50262036910458,0.1915070362311139,0.1274488568305969
ERN1,-0.1067821067821068,-0.09523809523809523,0.485275963768169,0.11749561225944888,0.1216395124793052
CEP112,-0.0015873015873015797,0.0,0.5767042820152666,0.1801996874962981,0.2166230976581573
PRKCA,-0.10634920634920636,-0.11904761904761907,0.3501641665901819,0.0792628122601173,0.1825638562440872
SDK2,0.3108465608465608,0.2619047619047619,0.4751395790026511,0.11675138187939468,0.1328703761100769
H3F3B,-0.01843317972350231,0.0,0.6616352319873846,0.2801725352758241,0.2390809655189514
CYTH1,-0.08123249299719891,-0.047619047619047616,0.3453694041192065,0.08407808327536566,0.1114667877554893
P4HB,0.13736263736263735,0.19047619047619047,0.7142153362318311,0.25378830846561284,0.1178560703992843
ADCYAP1,-0.07219662058371736,-0.04761904761904767,0.44446408307523544,0.14425791029915144,0.1029065996408462
PTPRM,0.06547619047619048,0.07142857142857142,0.3485449689007222,0.11779734880912496,0.1444781124591827
RAB31,0.1597542242703533,0.14285714285714285,0.42130218718164364,0.07592417124444108,0.1575040966272354
PIEZO2,0.13517665130568354,0.1428571428571429,0.23026722610019196,0.031085482793726575,0.2227228432893753
CABLES1,-0.04212454212454213,-0.023809523809523808,0.46176311681643656,0.14954973356154652,0.112222820520401
RNF125,-0.020146520146520144,0.0,0.5467650269375629,0.1290244940554324,0.0962153524160385
DTNA,0.18154761904761904,0.1904761904761905,0.17360951892403328,0.03735887523436027,0.0747313275933265
KIAA1328,0.20583717357910902,0.23809523809523808,0.4220105726108419,0.11485596903598548,0.1452555209398269
MIR924HG,0.1619047619047619,0.19047619047619047,0.35898964298427644,0.07119939528892609,0.2171111106872558
SETBP1,-0.32212885154061627,-0.33333333333333337,0.6717036559740378,0.2315481178485637,0.1952605843544006
SLC14A1,-0.24074074074074067,-0.2380952380952381,0.6545594810343723,0.23146636844785043,0.2014786005020141
RAB27B,0.08646616541353383,0.07142857142857145,0.2216674922931712,0.04167079959261491,0.1468112766742706
TCF4,-0.1904761904761905,-0.21428571428571427,0.22937298013392451,0.04825427370670315,0.1181697994470596
ATP8B1,0.009523809523809526,0.02380952380952378,0.6544681446955846,0.1986752247249863,0.1380594968795776
BCL2,-0.02627257799671593,-0.04761904761904756,0.44876654938614136,0.09816889012020345,0.1209392845630645
CDH7,0.010101010101010109,0.0,0.5750615259818083,0.1744597511225131,0.1637703478336334
CD226,0.09035409035409038,0.09523809523809523,0.46526054015403606,0.08793099503398277,0.2616209089756012
PLPPR3,0.17405582922824298,0.19047619047619047,0.5185904924842307,0.09676235760746903,0.142227903008461
AZU1,0.3291316526610644,0.33333333333333326,0.7371884962926227,0.21913894301287415,0.2084107398986816
PRTN3,0.15384615384615385,0.19047619047619047,0.5718230334331291,0.09186539213167612,0.1650594174861908
ELANE,0.3123249299719888,0.33333333333333326,0.49197042640277905,0.05674115908911077,0.202447235584259
CFD,-0.07619047619047618,-0.09523809523809523,0.14527145283572537,0.0397701150953429,0.1877732872962951
RFX2,-0.23958333333333331,-0.23809523809523805,0.4802973943006673,0.0696410759739634,0.1105205342173576
CALR,0.16825396825396824,0.19047619047619047,0.7068859229490813,0.253493993965236,0.1146875992417335
IER2,-0.17857142857142858,-0.19047619047619047,0.7620687170344638,0.23058168945094018,0.4539503753185272
ADGRE5,-0.14285714285714285,-0.14285714285714285,0.20123038979568517,0.042987338991932314,0.1256747543811798
KLF2,-0.2063492063492064,-0.21428571428571427,0.3598117889212908,0.10466486027121977,0.0742783769965171
NIBAN3,-0.3145363408521302,-0.33333333333333337,0.6289741697088399,0.08676536186021597,0.0580407902598381
CHST8,0.0365079365079365,0.047619047619047616,0.40205558371240524,0.09589515147058843,0.0560316778719425
CD22,-0.23520923520923517,-0.19047619047619047,0.5636763629947893,0.1257514303821576,0.0578424558043479
CLC,0.09706959706959707,0.09523809523809523,0.51244058639638,0.0846762789018607,0.2634636759757995
CD79A,-0.36111111111111105,-0.38095238095238093,0.5334780723411646,0.09514973811726983,0.2010285854339599
POU2F2,0.060606060606060594,0.04761904761904767,0.47549195036063624,0.12702559325485663,0.1772599518299102
APOC1,-0.006349206349206364,0.0,0.2261310492252491,0.04856527442280006,0.1621649116277694
FOSB,-0.1834733893557423,-0.19047619047619047,0.5442413675121126,0.10920515680482237,0.1045474484562873
SPIB,-0.12653061224489798,-0.1428571428571428,0.6770139253327544,0.42087308241860644,0.0785702541470527
SIGLEC6,-3.581364595565021e-18,0.0,0.4914625583741659,0.0695682283798947,0.0745763704180717
MACROD2,-0.32492997198879553,-0.33333333333333337,0.4615556905983179,0.11084083450699535,0.2072421610355377
SLC24A3,0.044334975369458116,0.047619047619047616,0.45841426090410464,0.09244616929158707,0.1259821653366089
RIN2,0.06493506493506492,0.04761904761904767,0.5379163414567145,0.0758666449505426,0.2732367515563965
CST3,0.12925170068027209,0.14285714285714288,0.608669646413749,0.12248939644460191,0.1126697361469268
ID1,-0.06239737274220033,-0.047619047619047616,0.645247588289149,0.18091185586297398,0.2172810435295105
TPX2,0.1105990783410138,0.09523809523809523,0.27603290937425723,0.05016109304022392,0.2266765385866165
SAMHD1,0.008210180623973728,0.0,0.7447832915531584,0.40695856461011526,0.1605205237865448
BPI,-0.02585034013605443,0.0,0.19586850546485055,0.029843087394888435,0.0199340265244245
PPP1R16B,-0.20057720057720058,-0.19047619047619047,0.6919415964626566,0.3699605501107162,0.1592430025339126
UBE2C,0.2946428571428571,0.28571428571428575,0.6482337619142517,0.109508973795358,0.1042087972164154
SULF2,0.05376344086021504,0.047619047619047616,0.3045617527264832,0.062143034291409334,0.1113455072045326
B4GALT5,0.05102040816326531,0.0,0.28510601367858124,0.043833647890149145,0.1171486303210258
TUBB1,0.09035409035409038,0.09523809523809523,0.4553846361070482,0.0781528151761578,0.2096053659915924
MIR646HG,0.17708333333333334,0.19047619047619047,0.14315045580583236,0.027772927428736154,0.2285652160644531
NRIP1,-0.10052910052910054,-0.09523809523809523,0.7967685972566048,0.2131641697866335,0.1420793384313583
AJ009632.2,-0.3179271708683474,-0.33333333333333337,0.4757841730811775,0.10718588517764104,0.1818815916776657
MIR99AHG,-0.2611832611832612,-0.23809523809523814,0.22709287330697506,0.04957106173324567,0.1254403591156005
TIAM1,-0.09523809523809522,-0.0714285714285714,0.7172211372561477,0.34041728404735416,0.1419886350631714
HLCS,0.14732142857142858,0.09523809523809523,0.5516595730738642,0.06224550158466647,0.1226513907313346
BACE2,-0.012698412698412702,0.0,0.5151397700964438,0.09771380167406021,0.1196382120251655
ABCG1,-0.22655122655122653,-0.19047619047619047,0.5542542855311271,0.11505839997813248,0.2161627858877182
PCBP3,0.06122448979591836,0.047619047619047616,0.2823550759424993,0.0562523982034236,0.1122200116515159
IL17RA,0.1875,0.19047619047619047,0.6648879603569796,0.21807375120745673,0.1333710849285125
IGLL1,-0.11394557823129249,-0.09523809523809523,0.37390557254959317,0.08257078771966324,0.2431705296039581
TTC28,0.09523809523809525,0.09523809523809523,0.5013231974810312,0.15060268313665542,0.1605126559734344
LIF,0.029185867895545305,0.047619047619047616,0.54293497288509,0.10196179320660306,0.0379473641514778
TIMP3,0.14028314028314026,0.09523809523809523,0.4711619589976232,0.08493050931592874,0.1709568500518798
CSF2RB,-0.07717569786535304,-0.09523809523809523,0.6774085956682512,0.312635731037062,0.215115949511528
GRAP2,-0.023088023088023102,0.0,0.4031315431945333,0.054647214296489194,0.1513852924108505
SGSM3,-0.039115646258503396,-0.04761904761904756,0.5164222346357071,0.15747149845040886,0.149848461151123
ARHGAP6,0.004608294930875571,0.0,0.5952168623539628,0.23370620894401434,0.1485694050788879
CASK,-0.07653061224489795,-0.04761904761904759,0.39667363688271323,0.1170217633480717,0.1600956469774246
GPR34,-0.01785714285714286,-0.02380952380952378,0.4604260444373343,0.1311144646942841,0.2819350063800812
AL050309.1,0.047619047619047616,0.0,0.8013706507496114,0.30424144085507815,0.1593262106180191
AL034397.3,0.17936507936507937,0.19047619047619047,0.2533925349579486,0.0317387122183352,0.1372467279434204
TSC22D3,-0.18614718614718614,-0.19047619047619047,0.4736272826634062,0.09664113458970368,0.2813390493392944
TMEM164,0.2801120448179272,0.2619047619047619,0.34312475587393726,0.09198229629155882,0.1230433732271194
XACT,0.23065476190476192,0.23809523809523803,0.4454921388111345,0.07338144810417616,0.2449966818094253
DANT2,0.33719433719433717,0.3333333333333333,0.21055997260809944,0.03513756487320333,0.1434145867824554
AIFM1,-0.013824884792626729,0.0,0.5011647314932809,0.13359990238636185,0.1105454713106155
FGF13,-0.07619047619047617,-0.047619047619047616,0.3526571162752536,0.09924928550961669,0.1878983378410339
AFF2,-0.02882205513784461,0.0,0.275454455940671,0.04099386234068727,0.1876404732465744
FLNA,0.13957307060755336,0.14285714285714285,0.5686491837361733,0.06742548582268823,0.1189454272389411
AC010737.1,-0.3508771929824561,-0.3333333333333333,0.1456753113831703,0.02243223503228317,0.1945309787988662
TTTY10,-0.34877734877734873,-0.33333333333333337,0.4948630622072402,0.15866915339677895,0.1763188242912292
