gene,cs_lag_mean,cs_lag_median,err
Rgs20,,,tuple index out of range
Sntg1,,,tuple index out of range
Mybl1,,,tuple index out of range
Eya1,,,tuple index out of range
Gm28756,,,tuple index out of range
Kcnq5,,,tuple index out of range
Col19a1,,,tuple index out of range
Adgrb3,,,tuple index out of range
Col5a2,,,tuple index out of range
Slc40a1,,,tuple index out of range
Hecw2,,,tuple index out of range
Rftn2,,,tuple index out of range
Satb2,,,tuple index out of range
Erbb4,,,tuple index out of range
Ikzf2,,,tuple index out of range
Fn1,,,tuple index out of range
Igfbp5,,,tuple index out of range
Tns1,,,tuple index out of range
Serpine2,,,tuple index out of range
Dock10,,,tuple index out of range
Sphkap,,,tuple index out of range
Pid1,,,tuple index out of range
Bcl2,,,tuple index out of range
Gli2,,,tuple index out of range
Dbi,,,tuple index out of range
Dpp10,,,tuple index out of range
Tmem163,,,tuple index out of range
Zranb3,,,tuple index out of range
Mcm6,,,tuple index out of range
Btg2,,,tuple index out of range
Nek7,,,tuple index out of range
Hmcn1,,,tuple index out of range
Fam163a,,,tuple index out of range
Brinp2,,,tuple index out of range
Prrx1,,,tuple index out of range
Atp1b1,,,tuple index out of range
Ddr2,,,tuple index out of range
Atp1a2,,,tuple index out of range
Tgfb2,,,tuple index out of range
Cenpf,,,tuple index out of range
Prox1,,,tuple index out of range
Dtl,,,tuple index out of range
St18,,,tuple index out of range
Prex2,,,tuple index out of range
A830018L16Rik,,,tuple index out of range
Sulf1,,,tuple index out of range
Tfap2d,,,tuple index out of range
Npas2,,,tuple index out of range
Gulp1,,,tuple index out of range
Tmeff2,,,tuple index out of range
Plcl1,,,tuple index out of range
Spats2l,,,tuple index out of range
Sgo2a,,,tuple index out of range
Pard3b,,,tuple index out of range
Nrp2,,,tuple index out of range
Vwc2l,,,tuple index out of range
Ackr3,,,tuple index out of range
Sned1,,,tuple index out of range
Cntnap5b,,,tuple index out of range
Cdh20,,,tuple index out of range
Cdh7,,,tuple index out of range
Cntnap5a,,,tuple index out of range
Thsd7b,,,tuple index out of range
Gm16083,,,tuple index out of range
Kif14,,,tuple index out of range
Aspm,,,tuple index out of range
Kcnt2,,,tuple index out of range
Brinp3,,,tuple index out of range
Rgs8,,,tuple index out of range
Tnr,,,tuple index out of range
Ildr2,,,tuple index out of range
Rxrg,,,tuple index out of range
Rgs5,,,tuple index out of range
F11r,,,tuple index out of range
Kcnj10,,,tuple index out of range
Tagln2,,,tuple index out of range
Aim2,,,tuple index out of range
Kif26b,,,tuple index out of range
Dusp10,,,tuple index out of range
Esrrg,,,tuple index out of range
Prox1os,,,tuple index out of range
Kcnh1,,,tuple index out of range
Syne1,,,tuple index out of range
Ust,,,tuple index out of range
Sash1,,,tuple index out of range
Samd5,,,tuple index out of range
Grm1,,,tuple index out of range
Utrn,,,tuple index out of range
Phactr2,,,tuple index out of range
Pde7b,,,tuple index out of range
Eya4,,,tuple index out of range
Lama2,,,tuple index out of range
Rspo3,,,tuple index out of range
Nr2e1,,,tuple index out of range
Lin28b,,,tuple index out of range
Grik2,,,tuple index out of range
Man1a,,,tuple index out of range
Unc5b,,,tuple index out of range
Lrrtm3,,,tuple index out of range
Arid5b,,,tuple index out of range
Cdk1,,,tuple index out of range
Bicc1,,,tuple index out of range
Col18a1,,,tuple index out of range
Ascl1,,,tuple index out of range
Parpbp,,,tuple index out of range
Gas2l3,,,tuple index out of range
Rmst,,,tuple index out of range
Cfap54,,,tuple index out of range
Elk3,,,tuple index out of range
Tmtc2,,,tuple index out of range
Trhde,,,tuple index out of range
Lgr5,,,tuple index out of range
Hmga2,,,tuple index out of range
Msrb3,,,tuple index out of range
Rassf3,,,tuple index out of range
Ppp1r14c,,,tuple index out of range
Plekhg1,,,tuple index out of range
Mthfd1l,,,tuple index out of range
Akap12,,,tuple index out of range
Plagl1,,,tuple index out of range
Moxd1,,,tuple index out of range
Epb41l2,,,tuple index out of range
Arhgap18,,,tuple index out of range
Hs3st5,,,tuple index out of range
Lama4,,,tuple index out of range
Ostm1,,,tuple index out of range
Scml4,,,tuple index out of range
Dcbld1,,,tuple index out of range
Gja1,,,tuple index out of range
Fabp7,,,tuple index out of range
Spock2,,,tuple index out of range
Rtkn2,,,tuple index out of range
Pcdh15,,,tuple index out of range
Cnn2,,,tuple index out of range
Arhgap45,,,tuple index out of range
Rfx4,,,tuple index out of range
Btbd11,,,tuple index out of range
Igf1,,,tuple index out of range
Ntn4,,,tuple index out of range
Fgd6,,,tuple index out of range
Tmcc3,,,tuple index out of range
Kitl,,,tuple index out of range
Mgat4c,,,tuple index out of range
Rassf9,,,tuple index out of range
Lin7a,,,tuple index out of range
Phlda1,,,tuple index out of range
Kcnc2,,,tuple index out of range
Ptprr,,,tuple index out of range
Ptprb,,,tuple index out of range
Grip1,,,tuple index out of range
Ppm1h,,,tuple index out of range
Tafa2,,,tuple index out of range
Smtn,,,tuple index out of range
Emid1,,,tuple index out of range
Znrf3,,,tuple index out of range
Igfbp3,,,tuple index out of range
Tns3,,,tuple index out of range
Grb10,,,tuple index out of range
Plek,,,tuple index out of range
Meis1,,,tuple index out of range
Ccdc85a,,,tuple index out of range
Acyp2,,,tuple index out of range
Kcnip1,,,tuple index out of range
Hmmr,,,tuple index out of range
Sgcd,,,tuple index out of range
Sparc,,,tuple index out of range
Hs3st3b1,,,tuple index out of range
Dnah9,,,tuple index out of range
Shisa6,,,tuple index out of range
Ntn1,,,tuple index out of range
Nxn,,,tuple index out of range
Asic2,,,tuple index out of range
Rffl,,,tuple index out of range
Brip1,,,tuple index out of range
Stac2,,,tuple index out of range
Top2a,,,tuple index out of range
Stat5b,,,tuple index out of range
Stat3,,,tuple index out of range
Brca1,,,tuple index out of range
Etv4,,,tuple index out of range
Slc16a6,,,tuple index out of range
Abca8a,,,tuple index out of range
Abca9,,,tuple index out of range
BC006965,,,tuple index out of range
Sdk2,,,tuple index out of range
Btbd17,,,tuple index out of range
Aebp1,,,tuple index out of range
Adcy1,,,tuple index out of range
Vwc2,,,tuple index out of range
Ikzf1,,,tuple index out of range
Vstm2a,,,tuple index out of range
Egfr,,,tuple index out of range
Slit3,,,tuple index out of range
Ebf1,,,tuple index out of range
Adamts2,,,tuple index out of range
Col23a1,,,tuple index out of range
Fstl4,,,tuple index out of range
Gria1,,,tuple index out of range
Mfap4,,,tuple index out of range
Specc1,,,tuple index out of range
Pmp22,,,tuple index out of range
Gas7,,,tuple index out of range
Spag5,,,tuple index out of range
Rhbdl3,,,tuple index out of range
Lhx1os,,,tuple index out of range
Sept4,,,tuple index out of range
Car10,,,tuple index out of range
Igfbp4,,,tuple index out of range
Grn,,,tuple index out of range
Cep112,,,tuple index out of range
Sox9,,,tuple index out of range
Sstr2,,,tuple index out of range
Ttyh2,,,tuple index out of range
Birc5,,,tuple index out of range
Rnf213,,,tuple index out of range
Sntg2,,,tuple index out of range
Hdac9,,,tuple index out of range
Stxbp6,,,tuple index out of range
Nova1,,,tuple index out of range
Prkd1,,,tuple index out of range
Egln3,,,tuple index out of range
Mis18bp1,,,tuple index out of range
Mdga2,,,tuple index out of range
Nin,,,tuple index out of range
Kcnh5,,,tuple index out of range
Zfp36l1,,,tuple index out of range
Slc8a3,,,tuple index out of range
Dpf3,,,tuple index out of range
Cep128,,,tuple index out of range
Ston2,,,tuple index out of range
Lgmn,,,tuple index out of range
Rrm2,,,tuple index out of range
Lamb1,,,tuple index out of range
Dgkb,,,tuple index out of range
Etv1,,,tuple index out of range
Immp2l,,,tuple index out of range
Npas3,,,tuple index out of range
Frmd6,,,tuple index out of range
Prkch,,,tuple index out of range
Rhoj,,,tuple index out of range
Mpp5,,,tuple index out of range
Rad51b,,,tuple index out of range
Smoc1,,,tuple index out of range
Rgs6,,,tuple index out of range
Fos,,,tuple index out of range
Flvcr2,,,tuple index out of range
Tshr,,,tuple index out of range
Flrt2,,,tuple index out of range
Dlk1,,,tuple index out of range
Rapgef5,,,tuple index out of range
Cdca7l,,,tuple index out of range
Chrm3,,,tuple index out of range
Ryr2,,,tuple index out of range
Edaradd,,,tuple index out of range
Carmil1,,,tuple index out of range
Nrn1,,,tuple index out of range
Cenpp,,,tuple index out of range
Shc3,,,tuple index out of range
Ror2,,,tuple index out of range
Trpc7,,,tuple index out of range
Spock1,,,tuple index out of range
Zfp367,,,tuple index out of range
Ctsl,,,tuple index out of range
Cntnap3,,,tuple index out of range
Adcy2,,,tuple index out of range
Gm38604,,,tuple index out of range
Adgrv1,,,tuple index out of range
Rasgrf2,,,tuple index out of range
Pde8b,,,tuple index out of range
Iqgap2,,,tuple index out of range
Sv2c,,,tuple index out of range
Hexb,,,tuple index out of range
Arhgef28,,,tuple index out of range
Cenph,,,tuple index out of range
Ccnb1,,,tuple index out of range
Pik3r1,,,tuple index out of range
Mast4,,,tuple index out of range
Rgs7bp,,,tuple index out of range
Map3k1,,,tuple index out of range
Fst,,,tuple index out of range
Itga1,,,tuple index out of range
Isl1,,,tuple index out of range
Nim1k,,,tuple index out of range
Adarb2,,,tuple index out of range
Gli3,,,tuple index out of range
Inhba,,,tuple index out of range
Elmo1,,,tuple index out of range
Ripor2,,,tuple index out of range
Rreb1,,,tuple index out of range
Bmp6,,,tuple index out of range
Mylip,,,tuple index out of range
Rbm24,,,tuple index out of range
Id4,,,tuple index out of range
Cks2,,,tuple index out of range
Gadd45g,,,tuple index out of range
Syk,,,tuple index out of range
Mctp1,,,tuple index out of range
Dhfr,,,tuple index out of range
Lhfpl2,,,tuple index out of range
Adamts6,,,tuple index out of range
Depdc1b,,,tuple index out of range
Hcn1,,,tuple index out of range
Fhit,,,tuple index out of range
Rarb,,,tuple index out of range
Zfp503,,,tuple index out of range
Zcchc24,,,tuple index out of range
Cacna2d3,,,tuple index out of range
Stab1,,,tuple index out of range
Shld2,,,tuple index out of range
Dlgap5,,,tuple index out of range
Slc35f4,,,tuple index out of range
Tnfrsf19,,,tuple index out of range
Pnoc,,,tuple index out of range
Esco2,,,tuple index out of range
Cdca2,,,tuple index out of range
Dock5,,,tuple index out of range
Rgcc,,,tuple index out of range
Diaph3,,,tuple index out of range
Klhl1,,,tuple index out of range
Dach1,,,tuple index out of range
Tbc1d4,,,tuple index out of range
Ednrb,,,tuple index out of range
Spry2,,,tuple index out of range
Dct,,,tuple index out of range
Abcc4,,,tuple index out of range
Gm5089,,,tuple index out of range
Nalcn,,,tuple index out of range
Ptprg,,,tuple index out of range
Synpr,,,tuple index out of range
Thrb,,,tuple index out of range
Nid2,,,tuple index out of range
Vcl,,,tuple index out of range
Il17rd,,,tuple index out of range
Wnt5a,,,tuple index out of range
Grid1,,,tuple index out of range
Samd4,,,tuple index out of range
Peli2,,,tuple index out of range
Spata13,,,tuple index out of range
Ctsb,,,tuple index out of range
Pbk,,,tuple index out of range
Clu,,,tuple index out of range
Nefl,,,tuple index out of range
Siah3,,,tuple index out of range
Pcdh17,,,tuple index out of range
Bora,,,tuple index out of range
Lmo7,,,tuple index out of range
Gpc5,,,tuple index out of range
Gpc6,,,tuple index out of range
Hs6st3,,,tuple index out of range
Clybl,,,tuple index out of range
Zic2,,,tuple index out of range
Itgbl1,,,tuple index out of range
Ghr,,,tuple index out of range
Egflam,,,tuple index out of range
Slc1a3,,,tuple index out of range
Cdh6,,,tuple index out of range
Fbxl7,,,tuple index out of range
Otulinl,,,tuple index out of range
Snhg18,,,tuple index out of range
Ncald,,,tuple index out of range
Klf10,,,tuple index out of range
Angpt1,,,tuple index out of range
Rspo2,,,tuple index out of range
Sybu,,,tuple index out of range
Csmd3,,,tuple index out of range
Trps1,,,tuple index out of range
Enpp2,,,tuple index out of range
Has2,,,tuple index out of range
Atad2,,,tuple index out of range
Adcy8,,,tuple index out of range
Kcnq3,,,tuple index out of range
St3gal1,,,tuple index out of range
Fam135b,,,tuple index out of range
Col22a1,,,tuple index out of range
Sox10,,,tuple index out of range
Pdgfb,,,tuple index out of range
Scube1,,,tuple index out of range
Celsr1,,,tuple index out of range
Mlc1,,,tuple index out of range
Cpne8,,,tuple index out of range
Abcd2,,,tuple index out of range
Slc2a13,,,tuple index out of range
Prickle1,,,tuple index out of range
Racgap1,,,tuple index out of range
Lima1,,,tuple index out of range
Selenop,,,tuple index out of range
Plcxd3,,,tuple index out of range
Dab2,,,tuple index out of range
Ranbp3l,,,tuple index out of range
Cdh9,,,tuple index out of range
Cdh10,,,tuple index out of range
Cdh12,,,tuple index out of range
Cdh18,,,tuple index out of range
Myo10,,,tuple index out of range
Sema5a,,,tuple index out of range
Sdc2,,,tuple index out of range
Cpq,,,tuple index out of range
Fzd6,,,tuple index out of range
Cthrc1,,,tuple index out of range
Zfpm2,,,tuple index out of range
Oxr1,,,tuple index out of range
Trhr,,,tuple index out of range
Zhx2,,,tuple index out of range
Pvt1,,,tuple index out of range
Parvb,,,tuple index out of range
Pdzrn4,,,tuple index out of range
Tuba1c,,,tuple index out of range
Gm17057,,,tuple index out of range
Grin2a,,,tuple index out of range
Spidr,,,tuple index out of range
Dgkg,,,tuple index out of range
Sst,,,tuple index out of range
Bcl6,,,tuple index out of range
Fgf12,,,tuple index out of range
Slc15a2,,,tuple index out of range
Stxbp5l,,,tuple index out of range
Arhgap31,,,tuple index out of range
Gramd1c,,,tuple index out of range
Sidt1,,,tuple index out of range
Boc,,,tuple index out of range
Phldb2,,,tuple index out of range
Alcam,,,tuple index out of range
St3gal6,,,tuple index out of range
Epha6,,,tuple index out of range
Htr1f,,,tuple index out of range
Gm49678,,,tuple index out of range
Nrip1,,,tuple index out of range
Adamts1,,,tuple index out of range
Grik1,,,tuple index out of range
Runx1,,,tuple index out of range
Abat,,,tuple index out of range
Shisa9,,,tuple index out of range
Nde1,,,tuple index out of range
Il1rap,,,tuple index out of range
Heg1,,,tuple index out of range
Itgb5,,,tuple index out of range
Sema5b,,,tuple index out of range
Polq,,,tuple index out of range
Fstl1,,,tuple index out of range
Gpr156,,,tuple index out of range
Igsf11,,,tuple index out of range
Zbtb20,,,tuple index out of range
Ccdc80,,,tuple index out of range
Dcbld2,,,tuple index out of range
Robo1,,,tuple index out of range
Ncam2,,,tuple index out of range
Jam2,,,tuple index out of range
Eva1c,,,tuple index out of range
Olig2,,,tuple index out of range
Pcp4,,,tuple index out of range
Ezr,,,tuple index out of range
Fndc1,,,tuple index out of range
Qk,,,tuple index out of range
Pacrg,,,tuple index out of range
Sox8,,,tuple index out of range
Mdga1,,,tuple index out of range
Notch3,,,tuple index out of range
Kifc1,,,tuple index out of range
Foxp4,,,tuple index out of range
Daam2,,,tuple index out of range
Rftn1,,,tuple index out of range
Satb1,,,tuple index out of range
Sgo1,,,tuple index out of range
Efna5,,,tuple index out of range
Ptprm,,,tuple index out of range
Ndc80,,,tuple index out of range
Alk,,,tuple index out of range
Galnt14,,,tuple index out of range
Six3os1,,,tuple index out of range
Zdhhc14,,,tuple index out of range
Kifc5b,,,tuple index out of range
Fgd2,,,tuple index out of range
Ptchd4,,,tuple index out of range
Pla2g7,,,tuple index out of range
Rcan2,,,tuple index out of range
Lrfn2,,,tuple index out of range
Kcnh8,,,tuple index out of range
Uhrf1,,,tuple index out of range
Adgre1,,,tuple index out of range
Cntnap5c,,,tuple index out of range
Man2a1,,,tuple index out of range
Lama1,,,tuple index out of range
L3mbtl4,,,tuple index out of range
Dlgap1,,,tuple index out of range
Ltbp1,,,tuple index out of range
Rasgrp3,,,tuple index out of range
Crim1,,,tuple index out of range
Vit,,,tuple index out of range
Plekhh2,,,tuple index out of range
Six3,,,tuple index out of range
Epas1,,,tuple index out of range
Rhoq,,,tuple index out of range
Mkx,,,tuple index out of range
Zfp521,,,tuple index out of range
Garem1,,,tuple index out of range
Rit2,,,tuple index out of range
Syt4,,,tuple index out of range
Epb41l4a,,,tuple index out of range
Cdc25c,,,tuple index out of range
Nr3c1,,,tuple index out of range
Mcc,,,tuple index out of range
A330093E20Rik,,,tuple index out of range
Sema6a,,,tuple index out of range
C030005K06Rik,,,tuple index out of range
Piezo2,,,tuple index out of range
Atp8b1,,,tuple index out of range
Ccbe1,,,tuple index out of range
Rab27b,,,tuple index out of range
Lipg,,,tuple index out of range
Slc14a2,,,tuple index out of range
Sall3,,,tuple index out of range
Tshz1,,,tuple index out of range
Svil,,,tuple index out of range
Zeb1,,,tuple index out of range
Colec12,,,tuple index out of range
Greb1l,,,tuple index out of range
Dtna,,,tuple index out of range
Camk4,,,tuple index out of range
Egr1,,,tuple index out of range
9630014M24Rik,,,tuple index out of range
Kctd16,,,tuple index out of range
Tnfaip8,,,tuple index out of range
Prr16,,,tuple index out of range
Prdm6,,,tuple index out of range
Gramd3,,,tuple index out of range
Megf10,,,tuple index out of range
Adamts19,,,tuple index out of range
Chsy3,,,tuple index out of range
Pdgfrb,,,tuple index out of range
Apcdd1,,,tuple index out of range
Myo5b,,,tuple index out of range
Gm27239,,,tuple index out of range
Neto1,,,tuple index out of range
Cbln2,,,tuple index out of range
Asrgl1,,,tuple index out of range
Incenp,,,tuple index out of range
Tle4,,,tuple index out of range
Pcsk5,,,tuple index out of range
Rorb,,,tuple index out of range
Pip5k1b,,,tuple index out of range
Glis3,,,tuple index out of range
Prkg1,,,tuple index out of range
Slit1,,,tuple index out of range
Sorcs1,,,tuple index out of range
Afap1l2,,,tuple index out of range
Gfra1,,,tuple index out of range
Unc93b1,,,tuple index out of range
Pcx,,,tuple index out of range
Gna14,,,tuple index out of range
Prune2,,,tuple index out of range
Trpm3,,,tuple index out of range
Klf9,,,tuple index out of range
Kif20b,,,tuple index out of range
Pcgf5,,,tuple index out of range
Hectd2,,,tuple index out of range
Kif11,,,tuple index out of range
Cep55,,,tuple index out of range
Lgi1,,,tuple index out of range
Plce1,,,tuple index out of range
Hells,,,tuple index out of range
Entpd1,,,tuple index out of range
Wnt8b,,,tuple index out of range
Sorcs3,,,tuple index out of range
Tcf7l2,,,tuple index out of range
Slc18a2,,,tuple index out of range
E330013P04Rik,,,tuple index out of range
C1ql3,,,tuple index out of range
Nebl,,,tuple index out of range
Ptgds,,,tuple index out of range
Notch1,,,tuple index out of range
Ntng2,,,tuple index out of range
Pbx3,,,tuple index out of range
Lhx6,,,tuple index out of range
Lrp1b,,,tuple index out of range
Rnd3,,,tuple index out of range
Nr4a2,,,tuple index out of range
Ly75,,,tuple index out of range
Rbms1,,,tuple index out of range
Fign,,,tuple index out of range
Cobll1,,,tuple index out of range
Dlx1as,,,tuple index out of range
Dlx2,,,tuple index out of range
Wipf1,,,tuple index out of range
Pde11a,,,tuple index out of range
Ccdc141,,,tuple index out of range
Zfp385b,,,tuple index out of range
Pde1a,,,tuple index out of range
Calcrl,,,tuple index out of range
Mdk,,,tuple index out of range
Tspan18,,,tuple index out of range
Ryr3,,,tuple index out of range
Arhgap11a,,,tuple index out of range
3110099E03Rik,,,tuple index out of range
Gm13986,,,tuple index out of range
Gpr176,,,tuple index out of range
Ehd4,,,tuple index out of range
Bub1,,,tuple index out of range
Ckap2l,,,tuple index out of range
Jag1,,,tuple index out of range
Cst3,,,tuple index out of range
Acss1,,,tuple index out of range
E2f1,,,tuple index out of range
Rbl1,,,tuple index out of range
Gm14204,,,tuple index out of range
Ptprt,,,tuple index out of range
Sulf2,,,tuple index out of range
Prex1,,,tuple index out of range
Bmp7,,,tuple index out of range
Itih5,,,tuple index out of range
Pter,,,tuple index out of range
Vim,,,tuple index out of range
Cacnb2,,,tuple index out of range
Plxdc2,,,tuple index out of range
Etl4,,,tuple index out of range
Gpr158,,,tuple index out of range
Gad2,,,tuple index out of range
Apbb1ip,,,tuple index out of range
Nxph2,,,tuple index out of range
Egfl7,,,tuple index out of range
Eng,,,tuple index out of range
Lypd6b,,,tuple index out of range
Lypd6,,,tuple index out of range
Tnfaip6,,,tuple index out of range
Galnt13,,,tuple index out of range
Tanc1,,,tuple index out of range
Slc4a10,,,tuple index out of range
Gad1,,,tuple index out of range
Cybrd1,,,tuple index out of range
Dlx1,,,tuple index out of range
Map3k20,,,tuple index out of range
Cdca7,,,tuple index out of range
2600014E21Rik,,,tuple index out of range
Itga4,,,tuple index out of range
Zfp804a,,,tuple index out of range
Itgav,,,tuple index out of range
Lrp4,,,tuple index out of range
Lrrc4c,,,tuple index out of range
Slc1a2,,,tuple index out of range
Abtb2,,,tuple index out of range
Pax6,,,tuple index out of range
Mpped2,,,tuple index out of range
Kif18a,,,tuple index out of range
Fmn1,,,tuple index out of range
Bub1b,,,tuple index out of range
Knl1,,,tuple index out of range
Nusap1,,,tuple index out of range
B2m,,,tuple index out of range
Sema6d,,,tuple index out of range
Mertk,,,tuple index out of range
Sirpa,,,tuple index out of range
Pcsk2,,,tuple index out of range
Slc24a3,,,tuple index out of range
Syndig1,,,tuple index out of range
Tpx2,,,tuple index out of range
Snhg11,,,tuple index out of range
Tox2,,,tuple index out of range
Eya2,,,tuple index out of range
Tshz2,,,tuple index out of range
Tfap2c,,,tuple index out of range
Cdh4,,,tuple index out of range
2700069I18Rik,,,tuple index out of range
Cyp7b1,,,tuple index out of range
Ect2,,,tuple index out of range
Fndc3b,,,tuple index out of range
Mecom,,,tuple index out of range
Pex5l,,,tuple index out of range
Trpc3,,,tuple index out of range
2610316D01Rik,,,tuple index out of range
Maml3,,,tuple index out of range
Frem2,,,tuple index out of range
Wwtr1,,,tuple index out of range
P2ry12,,,tuple index out of range
Gpr149,,,tuple index out of range
Plch1,,,tuple index out of range
Veph1,,,tuple index out of range
Gucy1b1,,,tuple index out of range
Gucy1a1,,,tuple index out of range
Bcan,,,tuple index out of range
Pde4dip,,,tuple index out of range
Phgdh,,,tuple index out of range
5330417C22Rik,,,tuple index out of range
Ntng1,,,tuple index out of range
S1pr1,,,tuple index out of range
Vcam1,,,tuple index out of range
Cdc14a,,,tuple index out of range
6530403H02Rik,,,tuple index out of range
Ndst3,,,tuple index out of range
Dapp1,,,tuple index out of range
Bmpr1b,,,tuple index out of range
Pdlim5,,,tuple index out of range
Ccn1,,,tuple index out of range
Spata1,,,tuple index out of range
Gm30382,,,tuple index out of range
Ak5,,,tuple index out of range
St6galnac5,,,tuple index out of range
1110015O18Rik,,,tuple index out of range
Zfhx4,,,tuple index out of range
Ralyl,,,tuple index out of range
Pld1,,,tuple index out of range
Egfem1,,,tuple index out of range
Cldn11,,,tuple index out of range
Kcnmb2,,,tuple index out of range
Sox2ot,,,tuple index out of range
Intu,,,tuple index out of range
Pcdh10,,,tuple index out of range
Foxo1,,,tuple index out of range
Lhfp,,,tuple index out of range
Trpc4,,,tuple index out of range
Med12l,,,tuple index out of range
Mme,,,tuple index out of range
Kcnab1,,,tuple index out of range
Ptx3,,,tuple index out of range
Schip1,,,tuple index out of range
Smc4,,,tuple index out of range
Gm20754,,,tuple index out of range
Fstl5,,,tuple index out of range
Pdgfc,,,tuple index out of range
Dchs2,,,tuple index out of range
Sh3d19,,,tuple index out of range
Pbxip1,,,tuple index out of range
Notch2,,,tuple index out of range
Nhlh2,,,tuple index out of range
Syt6,,,tuple index out of range
Kcnd3,,,tuple index out of range
Inka2,,,tuple index out of range
Vav3,,,tuple index out of range
Col11a1,,,tuple index out of range
Olfm3,,,tuple index out of range
Plppr5,,,tuple index out of range
Dpyd,,,tuple index out of range
Arhgap29,,,tuple index out of range
Bcar3,,,tuple index out of range
Pde5a,,,tuple index out of range
Ndst4,,,tuple index out of range
Camk2d,,,tuple index out of range
Zgrf1,,,tuple index out of range
Col25a1,,,tuple index out of range
Lef1,,,tuple index out of range
Dkk2,,,tuple index out of range
Cenpe,,,tuple index out of range
Slc39a8,,,tuple index out of range
Unc5c,,,tuple index out of range
Ddah1,,,tuple index out of range
Slc44a5,,,tuple index out of range
Negr1,,,tuple index out of range
Depdc1a,,,tuple index out of range
Wls,,,tuple index out of range
Tox,,,tuple index out of range
Slc26a7,,,tuple index out of range
Necab1,,,tuple index out of range
Nkain3,,,tuple index out of range
Mob3b,,,tuple index out of range
Lingo2,,,tuple index out of range
Kif24,,,tuple index out of range
Grin3a,,,tuple index out of range
Abca1,,,tuple index out of range
Lpar1,,,tuple index out of range
Tnc,,,tuple index out of range
Astn2,,,tuple index out of range
Brinp1,,,tuple index out of range
Slc24a2,,,tuple index out of range
E130114P18Rik,,,tuple index out of range
Kif2c,,,tuple index out of range
Cdc20,,,tuple index out of range
Mfsd2a,,,tuple index out of range
Gm2164,,,tuple index out of range
Cdca8,,,tuple index out of range
Man1c1,,,tuple index out of range
Clic4,,,tuple index out of range
Pdpn,,,tuple index out of range
Ajap1,,,tuple index out of range
Trp73,,,tuple index out of range
Prdm16,,,tuple index out of range
Lyn,,,tuple index out of range
Chd7,,,tuple index out of range
Rad54b,,,tuple index out of range
Calb1,,,tuple index out of range
Mms22l,,,tuple index out of range
Epha7,,,tuple index out of range
Melk,,,tuple index out of range
Smc2,,,tuple index out of range
Pakap,,,tuple index out of range
Pappa,,,tuple index out of range
Lurap1l,,,tuple index out of range
Gm11266,,,tuple index out of range
Cntln,,,tuple index out of range
Adamtsl1,,,tuple index out of range
Ror1,,,tuple index out of range
Cachd1,,,tuple index out of range
Pde4b,,,tuple index out of range
Plpp3,,,tuple index out of range
Agbl4,,,tuple index out of range
Spata6,,,tuple index out of range
Stil,,,tuple index out of range
Tesk2,,,tuple index out of range
Slc2a1,,,tuple index out of range
Grik3,,,tuple index out of range
Clspn,,,tuple index out of range
Id3,,,tuple index out of range
Casz1,,,tuple index out of range
Zfp804b,,,tuple index out of range
Grm3,,,tuple index out of range
Reln,,,tuple index out of range
Htra3,,,tuple index out of range
Sorcs2,,,tuple index out of range
Ldb2,,,tuple index out of range
Kcnip4,,,tuple index out of range
Arap2,,,tuple index out of range
Kctd8,,,tuple index out of range
Gabra2,,,tuple index out of range
Gabra4,,,tuple index out of range
Kdr,,,tuple index out of range
Hopx,,,tuple index out of range
Igfbp7,,,tuple index out of range
Adamts3,,,tuple index out of range
Antxr2,,,tuple index out of range
Rasgef1b,,,tuple index out of range
Sparcl1,,,tuple index out of range
Tgfbr3,,,tuple index out of range
Rph3a,,,tuple index out of range
Tmem132d,,,tuple index out of range
Rimbp2,,,tuple index out of range
Flt1,,,tuple index out of range
Slc7a1,,,tuple index out of range
Stard13,,,tuple index out of range
Cdk6,,,tuple index out of range
Sema3d,,,tuple index out of range
Sema3a,,,tuple index out of range
Sema3e,,,tuple index out of range
Hgf,,,tuple index out of range
Sema3c,,,tuple index out of range
Gsap,,,tuple index out of range
Lhfpl3,,,tuple index out of range
Actr3b,,,tuple index out of range
Dpp6,,,tuple index out of range
Cenpa,,,tuple index out of range
Slit2,,,tuple index out of range
Pcdh7,,,tuple index out of range
Nwd2,,,tuple index out of range
Gabrb1,,,tuple index out of range
Pdgfra,,,tuple index out of range
Adgrl3,,,tuple index out of range
Slc4a4,,,tuple index out of range
Parm1,,,tuple index out of range
Shroom3,,,tuple index out of range
Fras1,,,tuple index out of range
Ptpn13,,,tuple index out of range
Ccdc18,,,tuple index out of range
Pole,,,tuple index out of range
Chek2,,,tuple index out of range
Crybb1,,,tuple index out of range
Fam222a,,,tuple index out of range
Cit,,,tuple index out of range
Tesc,,,tuple index out of range
Lhx5,,,tuple index out of range
Kntc1,,,tuple index out of range
Tmem132b,,,tuple index out of range
Tmem132c,,,tuple index out of range
Caln1,,,tuple index out of range
Elfn1,,,tuple index out of range
Sdk1,,,tuple index out of range
Nptx2,,,tuple index out of range
Mtus2,,,tuple index out of range
Slc25a13,,,tuple index out of range
Dlx6os1,,,tuple index out of range
Dlx5,,,tuple index out of range
Thsd7a,,,tuple index out of range
Cadps2,,,tuple index out of range
Grm8,,,tuple index out of range
Mkln1os,,,tuple index out of range
Creb3l2,,,tuple index out of range
Skap2,,,tuple index out of range
Pde1c,,,tuple index out of range
Fam13a,,,tuple index out of range
Gprin3,,,tuple index out of range
Snca,,,tuple index out of range
Tcf7l1,,,tuple index out of range
Hk2,,,tuple index out of range
Sfxn5,,,tuple index out of range
Antxr1,,,tuple index out of range
Iqsec1,,,tuple index out of range
Prickle2,,,tuple index out of range
Adamts9,,,tuple index out of range
Lrig1,,,tuple index out of range
Foxp1,,,tuple index out of range
Pdzrn3,,,tuple index out of range
Wnt5b,,,tuple index out of range
Cd9,,,tuple index out of range
Ntf3,,,tuple index out of range
Ccnd2,,,tuple index out of range
Rerg,,,tuple index out of range
Lmo3,,,tuple index out of range
Abcc9,,,tuple index out of range
Sox5,,,tuple index out of range
Itpr2,,,tuple index out of range
Tmtc1,,,tuple index out of range
Dlx6,,,tuple index out of range
Nxph1,,,tuple index out of range
Foxp2,,,tuple index out of range
Met,,,tuple index out of range
Kcnd2,,,tuple index out of range
Cped1,,,tuple index out of range
Mest,,,tuple index out of range
Cald1,,,tuple index out of range
Chrm2,,,tuple index out of range
Cntnap2,,,tuple index out of range
Npy,,,tuple index out of range
Nfe2l3,,,tuple index out of range
Creb5,,,tuple index out of range
Fkbp9,,,tuple index out of range
Grid2,,,tuple index out of range
Ndnf,,,tuple index out of range
Prdm5,,,tuple index out of range
Gng12,,,tuple index out of range
Lrrtm4,,,tuple index out of range
Mgll,,,tuple index out of range
Aldh1l1,,,tuple index out of range
Fbln2,,,tuple index out of range
Fgd5,,,tuple index out of range
Tafa1,,,tuple index out of range
Mitf,,,tuple index out of range
Cntn6,,,tuple index out of range
Cntn4,,,tuple index out of range
Grm7,,,tuple index out of range
Slc6a11,,,tuple index out of range
Slc6a1,,,tuple index out of range
Syn2,,,tuple index out of range
Lockd,,,tuple index out of range
Apold1,,,tuple index out of range
Pde3a,,,tuple index out of range
Slco1c1,,,tuple index out of range
Rassf8,,,tuple index out of range
Ppfibp1,,,tuple index out of range
Npas1,,,tuple index out of range
Gm26802,,,tuple index out of range
Apoe,,,tuple index out of range
Zfp536,,,tuple index out of range
Gabrg3,,,tuple index out of range
A230006K03Rik,,,tuple index out of range
Chrna7,,,tuple index out of range
Fam189a1,,,tuple index out of range
Aldh1a3,,,tuple index out of range
Nr2f2,,,tuple index out of range
Slco3a1,,,tuple index out of range
Sv2b,,,tuple index out of range
Mfge8,,,tuple index out of range
Cemip,,,tuple index out of range
Slco2b1,,,tuple index out of range
Stk33,,,tuple index out of range
St5,,,tuple index out of range
Galnt18,,,tuple index out of range
Sox6,,,tuple index out of range
Plekha7,,,tuple index out of range
Gsg1l,,,tuple index out of range
Kif22,,,tuple index out of range
Rgs10,,,tuple index out of range
Fgfr2,,,tuple index out of range
Fam53b,,,tuple index out of range
Adam12,,,tuple index out of range
Mki67,,,tuple index out of range
Ebf3,,,tuple index out of range
Tcerg1l,,,tuple index out of range
Igf2,,,tuple index out of range
Cdkn1c,,,tuple index out of range
Ano1,,,tuple index out of range
Ttyh1,,,tuple index out of range
Tgfb1,,,tuple index out of range
Tshz3,,,tuple index out of range
Nell1,,,tuple index out of range
Slc17a6,,,tuple index out of range
Luzp2,,,tuple index out of range
Otud7a,,,tuple index out of range
Adamts17,,,tuple index out of range
Ttc23,,,tuple index out of range
B130024G19Rik,,,tuple index out of range
Akap13,,,tuple index out of range
Ticrr,,,tuple index out of range
Prc1,,,tuple index out of range
Pde8a,,,tuple index out of range
Adamtsl3,,,tuple index out of range
Nox4,,,tuple index out of range
Grm5,,,tuple index out of range
Ctsc,,,tuple index out of range
Gm32647,,,tuple index out of range
Wee1,,,tuple index out of range
Parva,,,tuple index out of range
Spon1,,,tuple index out of range
Xylt1,,,tuple index out of range
Hs3st2,,,tuple index out of range
Prkcb,,,tuple index out of range
Cacng3,,,tuple index out of range
Hs3st4,,,tuple index out of range
Htra1,,,tuple index out of range
Dock1,,,tuple index out of range
Shcbp1,,,tuple index out of range
Col4a1,,,tuple index out of range
Csmd1,,,tuple index out of range
Ckap2,,,tuple index out of range
Unc5d,,,tuple index out of range
Rbpms,,,tuple index out of range
Dlc1,,,tuple index out of range
Sgcz,,,tuple index out of range
Tenm3,,,tuple index out of range
C130073E24Rik,,,tuple index out of range
Neil3,,,tuple index out of range
Galntl6,,,tuple index out of range
Palld,,,tuple index out of range
Csgalnact1,,,tuple index out of range
Ednra,,,tuple index out of range
Gab1,,,tuple index out of range
Adgre5,,,tuple index out of range
Junb,,,tuple index out of range
Sall1,,,tuple index out of range
Tox3,,,tuple index out of range
Cdh8,,,tuple index out of range
Cdh11,,,tuple index out of range
Adamts18,,,tuple index out of range
Maf,,,tuple index out of range
Slc7a5,,,tuple index out of range
Cbfa2t3,,,tuple index out of range
Myo16,,,tuple index out of range
Col4a2,,,tuple index out of range
Sox1ot,,,tuple index out of range
Dlgap2,,,tuple index out of range
Thsd1,,,tuple index out of range
Plat,,,tuple index out of range
Sfrp1,,,tuple index out of range
Prag1,,,tuple index out of range
Slc7a2,,,tuple index out of range
Vegfc,,,tuple index out of range
Scrg1,,,tuple index out of range
Hmgb2,,,tuple index out of range
Spock3,,,tuple index out of range
Nwd1,,,tuple index out of range
Nr3c2,,,tuple index out of range
Inpp4b,,,tuple index out of range
Mt3,,,tuple index out of range
Mt2,,,tuple index out of range
A330008L17Rik,,,tuple index out of range
Zfhx3,,,tuple index out of range
Cntnap4,,,tuple index out of range
Vat1l,,,tuple index out of range
Wwox,,,tuple index out of range
Cdh13,,,tuple index out of range
Gm42047,,,tuple index out of range
Slc35f3,,,tuple index out of range
Gria4,,,tuple index out of range
Yap1,,,tuple index out of range
Cntn5,,,tuple index out of range
Spc24,,,tuple index out of range
Dock6,,,tuple index out of range
Anln,,,tuple index out of range
Ntm,,,tuple index out of range
Fli1,,,tuple index out of range
Ubash3b,,,tuple index out of range
Gm35835,,,tuple index out of range
Grik4,,,tuple index out of range
Zbtb16,,,tuple index out of range
Htr3a,,,tuple index out of range
Zc3h12c,,,tuple index out of range
Acsbg1,,,tuple index out of range
Loxl1,,,tuple index out of range
Thsd4,,,tuple index out of range
Kif23,,,tuple index out of range
Zwilch,,,tuple index out of range
Ccnb2,,,tuple index out of range
Cgnl1,,,tuple index out of range
Unc13c,,,tuple index out of range
Hcrtr2,,,tuple index out of range
Lrrc1,,,tuple index out of range
Col12a1,,,tuple index out of range
Tbx18,,,tuple index out of range
Zic1,,,tuple index out of range
Dipk2a,,,tuple index out of range
Gm29521,,,tuple index out of range
Ephb1,,,tuple index out of range
Slc38a3,,,tuple index out of range
Stac,,,tuple index out of range
Tgfbr2,,,tuple index out of range
Rbms3,,,tuple index out of range
Cck,,,tuple index out of range
Slc6a20a,,,tuple index out of range
Maml2,,,tuple index out of range
Ldlr,,,tuple index out of range
Bmper,,,tuple index out of range
Eepd1,,,tuple index out of range
Ets1,,,tuple index out of range
Gm27166,,,tuple index out of range
Kirrel3,,,tuple index out of range
Cdon,,,tuple index out of range
Hepacam,,,tuple index out of range
Esam,,,tuple index out of range
Mcam,,,tuple index out of range
Drd2,,,tuple index out of range
Gm16124,,,tuple index out of range
Cspg4,,,tuple index out of range
Uaca,,,tuple index out of range
Megf11,,,tuple index out of range
Pif1,,,tuple index out of range
Pclaf,,,tuple index out of range
Rora,,,tuple index out of range
Anxa2,,,tuple index out of range
Myo1e,,,tuple index out of range
Mns1,,,tuple index out of range
Prtg,,,tuple index out of range
Myo6,,,tuple index out of range
Ttk,,,tuple index out of range
Zic4,,,tuple index out of range
Slc9a9,,,tuple index out of range
Cpne4,,,tuple index out of range
Cacna2d2,,,tuple index out of range
Traip,,,tuple index out of range
Eomes,,,tuple index out of range
Itga9,,,tuple index out of range
9530059O14Rik,,,tuple index out of range
Kif15,,,tuple index out of range
Klhl13,,,tuple index out of range
Enox2,,,tuple index out of range
Mbnl3,,,tuple index out of range
Hs6st2,,,tuple index out of range
Gpc4,,,tuple index out of range
C430049B03Rik,,,tuple index out of range
Pls3,,,tuple index out of range
Prrg1,,,tuple index out of range
Il1rapl1,,,tuple index out of range
Pola1,,,tuple index out of range
Itm2a,,,tuple index out of range
Gm44593,,,tuple index out of range
Pcdh19,,,tuple index out of range
Trpc5,,,tuple index out of range
Nhs,,,tuple index out of range
Glra2,,,tuple index out of range
Frmpd4,,,tuple index out of range
Shroom4,,,tuple index out of range
Gria3,,,tuple index out of range
Tmem47,,,tuple index out of range
Arx,,,tuple index out of range
Msn,,,tuple index out of range
Stard8,,,tuple index out of range
Eda,,,tuple index out of range
Kif4,,,tuple index out of range
Dach2,,,tuple index out of range
Pcdh11x,,,tuple index out of range
Diaph2,,,tuple index out of range
Il1rapl2,,,tuple index out of range
Col4a5,,,tuple index out of range
Tmem164,,,tuple index out of range
Rtl4,,,tuple index out of range
Htr2c,,,tuple index out of range
Mid1,,,tuple index out of range
