gene,cs_lag_mean,cs_lag_median
Xkr4,0.3193277310924369,0.33333333333333326
Rp1,0.3603603603603603,0.33333333333333337
1700034P13Rik,0.19047619047619047,0.14285714285714285
Sgk3,0.26636904761904756,0.28571428571428564
Cpa6,0.21356421356421357,0.23809523809523808
Prex2,0.1587301587301587,0.1428571428571428
A830018L16Rik,0.2195767195767196,0.19047619047619047
Eya1,0.21269841269841266,0.23809523809523805
Kcnb2,0.1222222222222222,0.09523809523809529
Crispld1,-0.037037037037037056,0.0
Gm28153,-0.02513227513227514,-0.023809523809523808
Tfap2b,0.30244530244530243,0.2857142857142858
Kcnq5,-0.07238095238095238,-0.09523809523809512
Col9a1,0.26190476190476186,0.26190476190476186
Col19a1,0.09841269841269838,0.14285714285714282
Adgrb3,-0.1981566820276498,-0.19047619047619047
Khdrbs2,-0.15773809523809526,-0.19047619047619047
Rab23,-0.3531746031746031,-0.38095238095238093
Cfc1,-0.0030721966205837317,0.0
Npas2,0.14732142857142855,0.09523809523809529
Col3a1,0.11344537815126049,0.11904761904761904
Col5a2,0.08730158730158731,0.09523809523809529
Hecw2,0.14862914862914858,0.14285714285714285
Plcl1,-0.1465201465201465,-0.19047619047619047
Satb2,-0.030721966205837167,-0.04761904761904756
Pard3b,0.17301587301587296,0.16666666666666669
Nrp2,0.22470238095238096,0.21428571428571427
Adam23,0.23015873015873017,0.21428571428571427
Pth2r,0.11330049261083744,0.1904761904761904
Map2,0.27170868347338933,0.23809523809523805
Myl1,-0.27777777777777773,-0.28571428571428575
Erbb4,-0.1949404761904762,-0.1428571428571429
Ikzf2,0.3267195767195767,0.30952380952380953
Igfbp2,-0.03751803751803752,0.0
Igfbp5,-0.2554112554112554,-0.2857142857142857
Wnt6,0.13756613756613756,0.19047619047619047
Cfap65,0.14109347442680772,0.19047619047619047
Des,-0.27210884353741494,-0.2857142857142857
Epha4,0.12222222222222223,0.1190476190476191
Pax3,0.19327731092436973,0.19047619047619047
Sgpp2,0.022927689594356253,0.047619047619047616
Ap1s3,0.12454212454212454,0.19047619047619044
Daw1,-0.08946608946608947,-0.047619047619047616
Sphkap,-0.08503401360544216,-0.1190476190476191
Pid1,0.25974025974025966,0.2857142857142857
2810459M11Rik,0.29411764705882354,0.28571428571428564
Inpp5d,0.028571428571428564,0.04761904761904759
Spp2,0.15384615384615385,0.19047619047619047
Ackr3,0.14746543778801843,0.14285714285714285
Twist2,0.1531531531531531,0.1428571428571428
Slco4c1,0.3693693693693693,0.38095238095238093
Cdh20,0.20463320463320459,0.19047619047619047
Cdh19,0.10245310245310241,0.14285714285714285
Cntnap5a,0.0836940836940837,0.09523809523809523
Tmem37,0.2352941176470588,0.21428571428571425
En1,0.09013605442176871,0.1428571428571428
2610027F03Rik,0.24470899470899474,0.2380952380952381
Nckap5,0.16743471582181257,0.1428571428571429
Tmem163,-0.32539682539682535,-0.33333333333333337
Rassf5,-0.1569664902998236,-0.19047619047619047
Plekha6,-0.040564373897707236,0.0
Tnni1,-0.2605820105820106,-0.28571428571428575
Tnnt2,-0.2738095238095238,-0.28571428571428575
Nr5a2,0.10405643738977072,0.1428571428571428
Hmcn1,0.3011204481792717,0.30952380952380953
Fam129a,-0.038095238095238085,0.0
Lamc1,0.1336996336996337,0.16666666666666666
Npl,0.2597402597402597,0.23809523809523814
Prrx1,-0.1224489795918367,-0.14285714285714285
Atp1b1,-0.28431372549019607,-0.2857142857142857
Rcsd1,-0.019969278033794172,0.0
Ildr2,0.07553366174055827,0.09523809523809523
Lmx1a,0.0105820105820106,0.0
Ddr2,0.01930501930501928,0.0
Apoa2,-0.10989010989010989,-0.14285714285714288
Fcer1g,-0.17027417027417027,-0.19047619047619047
Atp1a2,0.308843537414966,0.2857142857142857
Spta1,0.15406162464985992,0.19047619047619047
Fmn2,0.05990783410138251,0.04761904761904767
Grem2,0.21789321789321786,0.23809523809523808
Kif26b,-0.07219662058371736,-0.09523809523809512
Kif28,0.20476190476190467,0.23809523809523805
Lefty2,-0.22767857142857145,-0.23809523809523805
Slc30a10,0.20868347338935572,0.19047619047619047
Tgfb2,-0.03720238095238095,0.0
Esrrg,-0.14761904761904762,-0.19047619047619047
Plxna2,-0.23529411764705882,-0.26190476190476186
Cd34,0.19924812030075187,0.19047619047619047
Bend7,0.0,0.0
Sfmbt2,0.3277310924369748,0.3571428571428571
Itga8,0.08658008658008656,0.09523809523809523
Gm13270,0.1465201465201465,0.19047619047619047
Cubn,0.3277310924369748,0.33333333333333326
Vim,-0.3095238095238095,-0.3095238095238095
Mrc1,0.21553884711779456,0.21428571428571427
Cacnb2,-0.28299319727891153,-0.2857142857142858
Nebl,-0.10758377425044093,-0.14285714285714285
Pax8,0.08045977011494251,0.1428571428571428
Notch1,0.24929971988795518,0.21428571428571427
Ak8,0.31932773109243695,0.33333333333333326
Cfap77,0.3306878306878307,0.30952380952380953
Eng,0.05376344086021503,0.09523809523809523
Sh2d3c,0.08513708513708514,0.09523809523809523
Lmx1b,0.08163265306122448,0.09523809523809523
Lhx2,0.1058201058201058,0.09523809523809523
Lypd6b,0.345578231292517,0.38095238095238093
Lypd6,-0.12053571428571429,-0.09523809523809523
Cacnb4,0.2072072072072072,0.19047619047619047
Kcnj3,0.3025210084033613,0.30952380952380953
Dpp4,0.14109347442680775,0.19047619047619047
Fap,0.13492063492063489,0.1190476190476191
Kcnh7,-0.05837173579109063,-0.04761904761904756
Cobll1,-0.16507936507936508,-0.1190476190476191
B3galt1,0.26938775510204077,0.2857142857142857
Lrp2,0.3544973544973545,0.3571428571428571
Klhl23,-0.2972972972972972,-0.3333333333333333
Erich2,0.3361344537815126,0.3571428571428571
Itga6,-0.13865546218487393,-0.1190476190476191
Rapgef4,-0.07563025210084036,-0.07142857142857142
Pde11a,0.028571428571428574,0.023809523809523808
Osbpl6,0.3375350140056022,0.3571428571428571
Ttn,-0.28439153439153436,-0.2857142857142857
Ccdc141,-0.25350140056022413,-0.23809523809523808
Zfp385b,0.33053221288515405,0.33333333333333326
Itga4,0.042328042328042305,0.02380952380952378
Pde1a,0.1944444444444444,0.14285714285714282
Frzb,0.2619047619047619,0.26190476190476186
Calcrl,0.13256113256113258,0.14285714285714285
Mybpc3,-0.26455026455026454,-0.28571428571428575
Creb3l1,0.09391534391534392,0.07142857142857145
Tspan18,-0.20684523809523808,-0.16666666666666669
Lrrc4c,0.20849420849420847,0.19047619047619047
Abtb2,-0.32492997198879553,-0.33333333333333337
Lmo2,0.12108843537414969,0.09523809523809534
Them7,0.13628899835796388,0.09523809523809523
Pax6,0.13690476190476186,0.16666666666666666
Mpped2,-0.266955266955267,-0.23809523809523803
Ano3,-0.21577380952380953,-0.26190476190476186
Ryr3,0.10256410256410256,0.11904761904761904
Fmn1,0.11344537815126049,0.11904761904761901
Grem1,-0.11204481792717086,-0.1190476190476191
A530058N18Rik,-0.11746031746031746,-0.19047619047619047
Actc1,-0.26122448979591834,-0.23809523809523814
Thbs1,0.1199294532627866,0.1428571428571428
Dll4,0.14705882352941177,0.16666666666666666
Frmd5,-0.2666666666666666,-0.2857142857142857
Sema6d,0.23665223665223664,0.23809523809523808
Morrbid,0.15830115830115826,0.1428571428571429
Lrrn4,0.09226190476190477,0.09523809523809523
Bmp2,0.07373271889400922,0.04761904761904767
Plcb1,-0.14705882352941177,-0.14285714285714285
Jag1,-0.1346469622331691,-0.14285714285714285
Ism1,0.04489795918367346,0.04761904761904767
Pcsk2,0.33994708994708994,0.33333333333333337
Cfap61,-0.1659451659451659,-0.1428571428571428
9030622O22Rik,0.33053221288515405,0.33333333333333326
Tcf15,-0.010416666666666675,0.0
Dnmt3b,0.23665223665223664,0.23809523809523803
Procr,0.277992277992278,0.2857142857142857
Myl9,-0.29115646258503397,-0.2857142857142858
Nnat,-0.1609195402298851,-0.14285714285714285
Ptprt,-0.0030721966205837135,0.0
Jph2,-0.07389162561576355,-0.09523809523809534
Wfdc2,0.07936507936507935,0.0952380952380952
Eya2,0.23958333333333331,0.2857142857142857
Ripor3,-0.07215007215007216,-0.09523809523809523
Tshz2,-0.2411674347158218,-0.23809523809523808
Tfap2c,0.05803571428571429,0.023809523809523808
Pmepa1,0.27619047619047615,0.2857142857142857
Ctsz,0.1391941391941392,0.19047619047619047
Cdh4,0.22354497354497355,0.21428571428571425
Stmn3,0.02469135802469136,0.0
Zfhx4,0.28431372549019607,0.3095238095238095
Stmn2,0.2965986394557823,0.2857142857142857
Car1,0.2063492063492063,0.19047619047619047
Car3,0.0746031746031746,0.0
Car2,0.28431372549019607,0.2857142857142857
Trim55,-0.06896551724137931,-0.09523809523809523
Gyg,-0.27777777777777773,-0.28571428571428575
Naaladl2,-0.08503401360544219,-0.09523809523809518
Nlgn1,-0.11156462585034015,-0.14285714285714285
Tnik,0.11309523809523808,0.14285714285714285
Slc2a2,0.29166666666666663,0.3095238095238095
Egfem1,0.09788359788359785,0.0714285714285714
Mecom,-0.25578231292517006,-0.19047619047619047
Pex5l,0.288515406162465,0.28571428571428575
Sox2ot,-0.101010101010101,-0.09523809523809523
Fat4,-0.15826330532212887,-0.19047619047619047
Lhfp,0.19433719433719432,0.19047619047619047
Frem2,0.35521235521235517,0.33333333333333337
Postn,-0.015873015873015886,0.0
Mme,-0.19365079365079368,-0.19047619047619047
Plch1,-0.1111111111111111,-0.09523809523809523
Kcnab1,-0.26839826839826836,-0.2857142857142858
Zbbx,0.2969187675070028,0.30952380952380953
Pdgfc,-0.12698412698412698,-0.09523809523809523
Tdo2,-0.023809523809523836,0.0
Fgg,0.3025210084033613,0.30952380952380953
Fgb,0.3235294117647059,0.33333333333333326
S100a6,0.3333333333333333,0.38095238095238093
Gm37245,0.3179271708683474,0.30952380952380953
Pde4dip,0.07886904761904762,0.047619047619047616
Kcnd3,-0.03221288515406164,0.0
Vav3,0.025510204081632647,0.02380952380952378
Ntng1,0.07843137254901959,0.07142857142857145
Col11a1,-0.022927689594356253,0.0
Vcam1,0.04473304473304471,0.0
Lrrc39,-0.23669467787114845,-0.21428571428571427
Frrs1,0.28299319727891153,0.23809523809523814
Plppr5,-0.3137254901960785,-0.30952380952380953
Dpyd,0.3333333333333333,0.3571428571428571
Tlcd4,-0.3539253539253539,-0.33333333333333337
F3,0.33333333333333326,0.33333333333333337
Arhgap29,0.019969278033794165,0.0
Synpo2,-0.26118326118326124,-0.2857142857142857
D030025E07Rik,-0.18279569892473116,-0.19047619047619047
Col25a1,-0.08909370199692777,-0.04761904761904767
Lef1,0.01269841269841269,0.0
Dkk2,0.04761904761904761,0.0
Npnt,0.32957393483709274,0.33333333333333337
Manba,0.3375350140056022,0.3571428571428571
Emcn,0.19948519948519944,0.19047619047619047
Mttp,0.3431372549019608,0.3571428571428571
Unc5c,-0.12121212121212122,-0.09523809523809534
Bmpr1b,-0.003072196620583703,0.0
Pdlim5,-0.30392156862745096,-0.30952380952380953
Ccn1,-0.23511904761904762,-0.23809523809523805
Adgrl4,0.167989417989418,0.16666666666666666
Nexn,-0.12972085385878487,-0.19047619047619047
St6galnac3,0.09347442680776014,0.09523809523809523
Slc44a5,-0.039682539682539694,0.0
Negr1,0.08253968253968251,0.047619047619047616
Lrrc7,0.19327731092436976,0.19047619047619047
Tox,0.3642213642213642,0.38095238095238093
Runx1t1,-0.23214285714285715,-0.2619047619047619
Mmp16,-0.1346469622331691,-0.09523809523809523
Nkain3,0.047619047619047616,0.0
Klhl32,0.30812324929971985,0.30952380952380953
Fut9,0.06239737274220032,0.047619047619047616
Epha7,-0.15927750410509026,-0.19047619047619047
Cfap206,0.12454212454212454,0.1190476190476191
Aqp3,0.38610038610038605,0.38095238095238093
Pax5,0.14574314574314573,0.09523809523809523
Igfbpl1,-0.11020408163265308,-0.1428571428571429
Tmod1,-0.16282642089093702,-0.19047619047619047
Tbc1d2,0.13364055299539165,0.09523809523809523
Gabbr2,0.11607142857142856,0.14285714285714282
Col15a1,0.20175438596491227,0.19047619047619047
Nr4a3,0.3003663003663004,0.2857142857142858
Plppr1,0.11399711399711399,0.1428571428571428
Klf4,0.032312925170068015,0.0
Svep1,0.13492063492063489,0.11904761904761904
Tnc,0.01785714285714285,0.0
Pappa,-0.2661064425770308,-0.23809523809523808
Rasef,0.13003663003663005,0.19047619047619044
Ptprd,-0.2568542568542568,-0.23809523809523814
Nfib,0.22549019607843135,0.21428571428571427
Frem1,-0.0857142857142857,-0.047619047619047616
Bnc2,0.05683563748079876,0.04761904761904756
Adamtsl1,-0.24675324675324672,-0.2857142857142857
Slc24a2,-0.3387755102040816,-0.38095238095238093
Tek,-0.25770308123249297,-0.21428571428571425
Nfia,0.057823129251700696,0.047619047619047616
Kank4,0.2193362193362193,0.19047619047619047
Ror1,0.19047619047619047,0.19047619047619047
Pde4b,-0.2582972582972583,-0.23809523809523814
Dab1,0.18730158730158727,0.19047619047619047
Pcsk9,0.2913165266106442,0.28571428571428575
Glis1,0.10714285714285714,0.047619047619047616
Agbl4,0.3067226890756302,0.30952380952380953
Trabd2b,-0.24423963133640553,-0.23809523809523814
9130410C08Rik,-0.08494208494208492,-0.09523809523809523
Foxd2os,-0.04761904761904763,-0.02380952380952378
Tal1,0.0981240981240981,0.1428571428571428
Eif2b3,0.06462585034013604,0.0
Rnf220,0.2647058823529412,0.21428571428571427
Tie1,0.010204081632653041,0.07142857142857137
Ermap,0.18650793650793648,0.19047619047619047
Grik3,0.31746031746031744,0.2857142857142857
Csf3r,0.10612244897959182,0.14285714285714285
Gjb3,0.06075533661740558,0.04761904761904767
C77080,0.32653061224489793,0.3333333333333333
Fabp3,0.28700128700128696,0.2857142857142857
Rhd,0.06701940035273368,0.09523809523809523
Asap3,0.09693877551020409,0.09523809523809523
Wnt4,0.10445468509984639,0.14285714285714285
Hspg2,0.0982142857142857,0.0714285714285714
Rap1gap,0.2886002886002886,0.33333333333333326
Ece1,-0.26934523809523814,-0.2857142857142857
Pla2g5,-0.07563025210084036,-0.047619047619047644
Tmco4,0.25070028011204476,0.21428571428571425
Epha2,-0.01333333333333333,0.0
6330411D24Rik,0.14991181657848324,0.19047619047619047
Pdpn,0.13756613756613753,0.1428571428571429
Lrrc38,0.19868637110016418,0.23809523809523808
Nppb,0.06746031746031746,0.09523809523809523
Nppa,-0.2897959183673469,-0.2857142857142858
Casz1,-0.0634920634920635,-0.09523809523809529
Cfap69,0.19047619047619044,0.19047619047619047
Grm3,0.11822660098522168,0.14285714285714285
Sema3d,-0.049062049062049064,-0.047619047619047616
Sema3a,0.16369047619047616,0.16666666666666669
Sema3e,0.17405582922824298,0.19047619047619047
Cacna2d1,0.11224489795918366,0.09523809523809523
Sema3c,-0.24470899470899463,-0.2380952380952381
Cd36,-0.12244897959183672,-0.11904761904761901
Magi2,0.30392156862745096,0.30952380952380953
Ccdc146,-0.3025210084033613,-0.30952380952380953
Reln,0.1781874039938556,0.19047619047619047
Lhfpl3,-0.09523809523809525,-0.09523809523809523
Nos3,0.07060755336617405,0.09523809523809523
Smarcd3,-0.27210884353741494,-0.2857142857142858
Dpp6,0.1297208538587849,0.14285714285714285
Shh,0.37065637065637064,0.38095238095238093
Lrpap1,0.11904761904761904,0.14285714285714282
Hs3st1,0.3045112781954888,0.30952380952380953
Cpeb2,-0.10052910052910054,-0.14285714285714285
Ldb2,0.28711484593837533,0.30952380952380953
Slit2,0.15053763440860216,0.14285714285714285
Pcdh7,-0.1598639455782313,-0.19047619047619047
Limch1,0.25396825396825395,0.2857142857142857
Atp8a1,0.11564625850340136,0.1428571428571428
Kctd8,0.08673469387755103,0.09523809523809523
Gabrg1,0.09677419354838707,0.1428571428571428
Corin,-0.25108225108225113,-0.2857142857142857
Ociad2,-0.10989010989010987,-0.14285714285714282
Lnx1,0.33877551020408164,0.38095238095238093
Pdgfra,4.11193712824132e-18,0.0
Kdr,0.033333333333333326,0.047619047619047644
Adgrl3,-0.03422619047619048,-0.04761904761904756
Tecrl,-0.18730158730158736,-0.19047619047619047
Epha5,0.05418719211822658,0.04761904761904767
Adamts3,-0.041474654377880185,-0.047619047619047616
Afp,0.33893557422969184,0.3571428571428571
Gm43449,0.345578231292517,0.38095238095238093
Parm1,0.011204481792717068,0.0
Fras1,0.19354838709677413,0.19047619047619047
Fgf5,0.32633053221288516,0.33333333333333326
Cfap299,0.15136054421768705,0.19047619047619047
Rasgef1b,-0.2552910052910053,-0.2619047619047619
Nkx6-1,0.07671957671957669,0.04761904761904759
Arhgap24,-0.1523809523809524,-0.19047619047619047
Mapk10,-0.284313725490196,-0.2857142857142857
Sparcl1,0.09821428571428568,0.11904761904761901
Tgfbr3,0.08946608946608947,0.04761904761904767
Gm17655,0.0691244239631336,0.04761904761904756
Myo18b,-0.11538461538461539,-0.14285714285714288
Hnf1aos1,-0.25148809523809523,-0.28571428571428564
Srrm4,0.18452380952380953,0.1428571428571429
Tbx3,-0.20476190476190476,-0.19047619047619047
Tbx5,-0.01843317972350231,0.0
Myl2,-0.27777777777777773,-0.28571428571428575
Wdr66,0.08253968253968252,0.09523809523809523
Tmem132c,0.09243697478991596,0.04761904761904767
Tmem132d,0.1876750700280112,0.19047619047619047
Rimbp2,0.07066052227342548,0.09523809523809523
Caln1,0.33333333333333326,0.33333333333333337
Fkbp6,0.2174603174603174,0.21428571428571425
Hspb1,0.0507936507936508,0.047619047619047616
Col26a1,0.034226190476190466,0.02380952380952378
Pdgfa,0.10622710622710622,0.11904761904761904
Nudt1,0.23065476190476186,0.23809523809523808
Lfng,0.16526610644257703,0.14285714285714288
Sdk1,0.0682110682110682,0.04761904761904767
Radil,-0.1313131313131313,-0.09523809523809523
Flt1,0.05555555555555553,0.07142857142857142
Fry,-0.2745098039215686,-0.2619047619047619
Col1a2,0.03968253968253968,0.047619047619047644
Thsd7a,0.16666666666666669,0.14285714285714288
Foxp2,-0.056022408963585436,-0.047619047619047644
Wnt2,-0.17410714285714285,-0.16666666666666666
Cped1,0.029601029601029574,0.0
Ptprz1,0.13469387755102044,0.09523809523809534
Aass,-0.05050505050505049,0.0
Fezf1,0.272108843537415,0.2857142857142857
Cadps2,0.33893557422969184,0.3571428571428571
Iqub,0.1666666666666666,0.19047619047619047
Grm8,-0.16282642089093702,-0.1428571428571429
Mest,-0.18125960061443924,-0.14285714285714285
Lncpint,0.09852216748768472,0.047619047619047616
Plxna4,-0.3179271708683473,-0.38095238095238093
Slc13a4,0.33053221288515405,0.33333333333333326
Chrm2,0.06926406926406926,0.047619047619047616
Ptn,0.2592592592592593,0.2619047619047619
Dgki,0.03571428571428571,0.0
Svopl,-0.03571428571428572,-0.0714285714285714
Kel,0.11976911976911976,0.09523809523809523
Gimap6,0.08045977011494251,0.1428571428571428
Hoxaas3,0.25,0.2619047619047619
Hoxa7,0.0394088669950739,0.047619047619047616
Hoxa9,0.18231292517006803,0.19047619047619047
Jazf1,0.09235209235209235,0.047619047619047616
Creb5,0.019047619047619046,0.0
Pde1c,0.07692307692307691,0.09523809523809523
Snca,0.09956709956709954,0.09523809523809512
Ccser1,0.10291858678955454,0.04761904761904767
Grid2,-0.021346469622331696,0.0
Ndnf,0.04329004329004328,0.047619047619047616
Smyd1,-0.19940476190476192,-0.19047619047619047
Ctnna2,0.16071428571428573,0.21428571428571425
Lrrtm4,-0.18253968253968253,-0.16666666666666669
Dqx1,-0.09831029185867898,-0.04761904761904767
Stambp,-0.29551820728291317,-0.2857142857142857
Dysf,0.02998236331569664,0.09523809523809518
Cyp26b1,0.226890756302521,0.23809523809523808
2310040G24Rik,-0.0529100529100529,-0.04761904761904756
Gata2,0.21106821106821108,0.19047619047619047
Wnt7a,0.2671957671957672,0.2619047619047619
Fgd5,0.18295739348370924,0.16666666666666669
Prickle2,0.3174603174603174,0.3333333333333333
Adamts9,-0.13003663003663002,-0.14285714285714285
Lrig1,0.34788359788359785,0.33333333333333337
Tafa1,-0.06144393241167435,-0.04761904761904767
Frmd4b,-0.27310924369747897,-0.2380952380952381
Pdzrn3,0.07215007215007213,0.09523809523809523
Cntn3,0.18207282913165268,0.19047619047619047
Chl1,-0.09523809523809525,-0.07142857142857145
Grm7,0.15782312925170067,0.1428571428571429
Plxnd1,0.15126050420168066,0.16666666666666666
Cxcl12,0.3025210084033613,0.30952380952380953
Cacna1c,0.029185867895545305,0.047619047619047616
Wnt5b,0.22321428571428573,0.23809523809523808
B4galnt3,0.13919413919413917,0.19047619047619047
Nanog,0.3067226890756302,0.30952380952380953
Slc2a3,0.34877734877734873,0.33333333333333337
Scnn1a,0.007215007215007223,0.0
Cd9,0.30812324929971985,0.30952380952380953
Vwf,0.11721611721611722,0.14285714285714282
Clec1b,0.14417989417989416,0.14285714285714288
Rerg,0.2661064425770308,0.23809523809523805
Eps8,0.3207282913165266,0.33333333333333326
Lmo3,0.08289241622574955,0.09523809523809512
Pde3a,-0.26750700280112044,-0.2380952380952381
Sox5,0.04761904761904759,0.04761904761904756
AU018091,0.14434523809523808,0.14285714285714285
Tnni3,-0.22908622908622905,-0.23809523809523808
Mypop,0.09970238095238096,0.09523809523809529
Fosb,0.006802721088435372,0.0
Exoc3l2,0.19298245614035084,0.19047619047619047
Apoe,0.3361344537815126,0.3571428571428571
Bcam,-0.04105090311986865,-0.047619047619047616
Kcnn4,0.1075268817204301,0.09523809523809534
Plaur,0.13275613275613277,0.09523809523809523
Tgfb1,-0.03968253968253968,-0.02380952380952378
Blvrb,0.17113095238095238,0.19047619047619047
Dll3,0.17216117216117213,0.19047619047619047
Ryr1,-0.14285714285714282,-0.14285714285714285
Zfp382,0.017460317460317457,0.02380952380952378
Etv2,-0.13492063492063489,-0.1428571428571428
Zfp536,0.07066052227342551,0.09523809523809518
Vstm2b,0.00595238095238094,0.0
Gm2381,0.33053221288515405,0.33333333333333326
5430431A17Rik,-0.12585034013605442,-0.14285714285714285
Bcat2,0.05683563748079877,0.047619047619047616
Rasip1,-0.006802721088435374,0.0
Csrp3,-0.31972789115646255,-0.3333333333333333
Nell1,-0.18903318903318903,-0.1904761904761904
Luzp2,0.2450980392156863,0.2619047619047619
A230057D06Rik,0.1326530612244898,0.1428571428571429
Gm32061,0.1177248677248677,0.07142857142857137
Adamts17,-0.14285714285714288,-0.09523809523809529
Nr2f2,0.10863095238095237,0.09523809523809523
Rgma,0.13580246913580243,0.1904761904761904
St8sia2,-0.25630252100840334,-0.3095238095238095
Mesp1,0.05254515599343187,0.04761904761904767
Homer2,-0.2969187675070028,-0.26190476190476186
Cemip,0.2777777777777778,0.2857142857142857
Ctsc,0.3193277310924369,0.33333333333333326
Dlg2,0.3137254901960784,0.33333333333333326
Gm32647,0.2072072072072072,0.19047619047619047
Tenm4,-0.25873015873015875,-0.3095238095238095
Gab2,-0.0541871921182266,-0.047619047619047616
Serpinh1,0.08513708513708514,0.09523809523809523
Folr2,0.29411764705882354,0.26190476190476186
Folr1,0.22331691297208534,0.2857142857142856
Hbb-bt,0.0714285714285714,0.09523809523809518
Hbb-bs,0.20952380952380956,0.19047619047619047
Hbb-bh1,0.08294930875576036,0.04761904761904767
Hbb-y,0.23015873015873012,0.21428571428571425
Nrip3,0.1544011544011544,0.14285714285714285
Scube2,0.25578231292517006,0.23809523809523814
Adm,-0.16517857142857142,-0.16666666666666663
Lyve1,0.22779922779922784,0.23809523809523808
Galnt18,0.21658986175115205,0.19047619047619047
Spon1,0.0213464696223317,0.0
Calca,0.003174603174603182,0.04761904761904756
Sox6,-0.09523809523809522,-0.09523809523809523
Vwa3a,0.02627257799671593,0.047619047619047616
Aqp8,-0.06845238095238093,-0.02380952380952378
Tbx6,-0.10582010582010584,-0.09523809523809523
Htra1,0.13553113553113552,0.16666666666666663
Chst15,0.007215007215007223,0.0
Adam12,-0.07843137254901959,-0.07142857142857142
Ptpre,-0.20158730158730165,-0.21428571428571425
Ebf3,0.06862745098039215,0.07142857142857145
Ifitm1,0.09682539682539684,0.09523809523809518
Sct,0.0965986394557823,0.047619047619047616
Gm45889,-0.130568356374808,-0.14285714285714285
Cdkn1c,0.08412698412698412,0.0952380952380952
Phlda2,0.04920634920634919,0.0
Ano1,0.18555008210180618,0.19047619047619047
Fgf3,0.1228878648233487,0.09523809523809523
Fgf15,0.1220238095238095,0.09523809523809523
Fam155a,0.10084033613445377,0.07142857142857145
Col4a1,0.23660714285714285,0.26190476190476186
Col4a2,0.196078431372549,0.21428571428571427
Gas6,-0.029761904761904767,-0.02380952380952378
Dlgap2,0.2563025210084033,0.2857142857142857
Thsd1,0.19548872180451124,0.19047619047619047
Plat,-0.25829725829725825,-0.23809523809523808
Ank1,0.23941798941798945,0.2380952380952381
Sfrp1,-0.10634920634920636,-0.09523809523809526
Unc5d,0.20890937019969277,0.19047619047619047
Nrg1,-0.021505376344086013,0.0
Dlc1,-0.30068027210884346,-0.2857142857142857
Mtus1,0.2198879551820728,0.19047619047619047
Triml2,0.35052910052910047,0.3571428571428571
Sorbs2,-0.27248677248677244,-0.28571428571428575
C130073E24Rik,-0.1800595238095238,-0.19047619047619047
Vegfc,-0.16666666666666669,-0.1428571428571429
Galntl6,0.1054421768707483,0.1190476190476191
Palld,-0.29387755102040813,-0.2857142857142858
Spock3,0.1476190476190476,0.0952380952380952
Tll1,0.19047619047619047,0.19047619047619047
Csgalnact1,0.07987711213517665,0.1428571428571428
Ifi30,0.3431372549019608,0.3571428571428571
Plvap,0.06666666666666667,0.11904761904761901
Nr3c2,0.07539682539682539,0.09523809523809523
Hhip,-0.09370199692780339,-0.04761904761904767
Gypa,-0.09523809523809522,-0.09523809523809512
Inpp4b,0.1531531531531532,0.14285714285714285
Mylk3,-0.30952380952380953,-0.30952380952380953
Tox3,-0.17972350230414746,-0.19047619047619047
Slc6a2,0.3075933075933076,0.3333333333333333
Mt2,0.3616473616473616,0.38095238095238093
Cdh11,-0.15873015873015875,-0.16666666666666666
Cdh5,0.08333333333333333,0.09523809523809523
Car7,0.14638447971781302,0.19047619047619047
Hsd11b2,-0.14121510673234813,-0.09523809523809523
Gfod2,-0.05820105820105819,-0.047619047619047616
Cdh3,0.13775510204081634,0.14285714285714282
Cdh1,0.34362934362934355,0.3333333333333333
Hydin,0.31092436974789917,0.30952380952380953
Tmem231,-0.038402457757296476,0.0
Cntnap4,0.04761904761904762,0.047619047619047616
Adamts18,0.11156462585034012,0.09523809523809518
Dynlrb2,0.3319327731092437,0.33333333333333326
Cdh13,0.04910714285714286,0.047619047619047644
Fendrr,0.03361344537815124,0.0
Foxf1,0.0669642857142857,0.07142857142857145
Fbxo31,-0.01689708141321043,0.0
Cbfa2t3,-0.19682539682539685,-0.19047619047619047
Cpne7,0.13932980599647266,0.19047619047619047
Acta1,-0.27777777777777773,-0.28571428571428575
Abcb10,-0.14557823129251699,-0.09523809523809523
Nrp1,-0.05714285714285714,-0.04761904761904767
Gria4,0.21966205837173575,0.19047619047619047
Trpc6,0.06896551724137928,0.09523809523809523
Maml2,-0.07359307359307357,-0.04761904761904767
Fat3,0.11746031746031746,0.14285714285714282
Angptl6,-0.058035714285714295,-0.047619047619047616
Epor,0.0998463901689708,0.09523809523809523
Cnn1,-0.27777777777777773,-0.28571428571428575
Acp5,0.26041666666666663,0.33333333333333326
Bmper,-0.2745098039215686,-0.2619047619047619
Tbx20,-0.25829725829725825,-0.2857142857142857
Opcml,0.008210180623973724,0.0
Ntm,-0.15151515151515152,-0.19047619047619047
Fli1,0.21904761904761902,0.19047619047619047
Ets1,0.10245310245310243,0.14285714285714285
Kirrel3,0.31481481481481477,0.2857142857142857
Cdon,0.09523809523809523,0.1428571428571428
Esam,0.21106821106821103,0.19047619047619047
Gramd1b,0.17050691244239627,0.14285714285714285
Ubash3b,0.19576719576719576,0.16666666666666666
Gm26737,0.3006802721088435,0.2857142857142858
Tagln,-0.2579365079365079,-0.2619047619047619
Apoa1,0.30952380952380953,0.30952380952380953
Apoa4,0.3137254901960785,0.33333333333333326
Nxpe2,-0.0032840722495894982,0.0
Ncam1,-0.25108225108225113,-0.23809523809523803
Plet1,0.3431372549019608,0.35714285714285715
Cryab,-0.1199294532627866,-0.1428571428571429
Gm16124,0.10119047619047619,0.04761904761904767
Elmod1,0.35392535392535385,0.3333333333333333
Crabp1,0.031249999999999993,0.0
Loxl1,0.039455782312925174,0.047619047619047616
Rec114,-0.13364055299539168,-0.1428571428571428
Hcn4,-0.2698412698412698,-0.2857142857142857
Gramd2,-0.008210180623973728,0.0
Gm20275,-0.03896103896103896,0.0
Thsd4,-0.3179271708683473,-0.30952380952380953
Fbxl22,-0.24074074074074067,-0.2380952380952381
Tpm1,-0.27777777777777773,-0.28571428571428575
Anxa2,0.23809523809523805,0.2857142857142857
Foxb1,0.22619047619047616,0.21428571428571425
B230323A14Rik,0.2408163265306122,0.23809523809523803
Mindy2,0.010582010582010581,0.0
Aldh1a2,-0.01843317972350231,0.0
Myzap,-0.1116584564860427,-0.14285714285714285
Unc13c,-0.17517006802721088,-0.19047619047619047
Bmp5,-0.1523809523809523,-0.19047619047619047
Cd109,0.16216216216216212,0.1428571428571429
Filip1,-0.2751322751322751,-0.28571428571428575
Myo6,0.3375350140056022,0.3571428571428571
Ripply2,0.22969187675070024,0.2380952380952381
Tbx18,-0.1857142857142857,-0.21428571428571425
Ctsh,0.33893557422969184,0.3571428571428571
Zic1,0.18181818181818182,0.19047619047619047
Clstn2,0.16106442577030813,0.14285714285714288
Mras,0.33053221288515405,0.33333333333333326
Ephb1,-0.2756132756132756,-0.2857142857142858
Trf,0.33473389355742295,0.3571428571428571
Tmem108,-0.1349206349206349,-0.14285714285714282
Acpp,0.30812324929971985,0.30952380952380953
Cpne4,0.196078431372549,0.19047619047619047
Dock3,0.1717171717171717,0.19047619047619047
Cacna2d2,-0.174055829228243,-0.19047619047619047
Pfkfb4,-0.1768707482993197,-0.1428571428571428
Pth1r,0.11544011544011544,0.09523809523809523
Myl3,-0.10884353741496598,-0.14285714285714288
Tdgf1,0.06442577030812326,0.047619047619047616
Tgfbr2,0.11156462585034012,0.09523809523809523
Rbms3,-0.13541666666666663,-0.14285714285714285
Eomes,0.34149659863945575,0.3333333333333333
Itga9,-0.20779220779220778,-0.23809523809523808
Ttc21a,0.26041666666666663,0.2857142857142857
Ppp1r14c,-0.3291316526610644,-0.33333333333333337
Plekhg1,0.12479474548440064,0.09523809523809523
Syne1,-0.33053221288515405,-0.38095238095238093
Ulbp1,0.21235521235521232,0.19047619047619047
Samd5,0.16897081413210444,0.19047619047619047
Adgb,0.3361344537815126,0.3571428571428571
Plagl1,-0.06075533661740559,-0.04761904761904767
Pde7b,0.13025210084033612,0.14285714285714288
Eya4,0.03641456582633053,0.0
Ccn2,0.06896551724137931,0.0
Enpp1,-0.00980392156862746,0.0
Samd3,0.3256113256113256,0.2857142857142858
Arhgap18,0.3221288515406162,0.33333333333333326
Lama2,0.0251322751322751,0.0
Soga3,0.09523809523809522,0.09523809523809523
Rspo3,0.21235521235521237,0.23809523809523803
Trdn,-0.27777777777777773,-0.28571428571428575
Lama4,0.06582633053221289,0.07142857142857142
Slc16a10,0.3386243386243386,0.33333333333333326
Ppil6,0.2589285714285714,0.23809523809523814
Ostm1,-0.34788359788359785,-0.3571428571428571
Prdm1,-0.05916305916305915,-0.09523809523809512
Bves,-0.2319508448540707,-0.19047619047619047
Grik2,0.29004329004329,0.2857142857142857
Sim1,0.14543114543114544,0.14285714285714285
Rfx6,0.3333333333333333,0.33333333333333326
Nepn,0.33893557422969184,0.3571428571428571
Slc35f1,0.19319727891156466,0.19047619047619047
Sh3rf3,-0.2639455782312925,-0.23809523809523814
Oit3,0.062499999999999986,0.09523809523809523
Spock2,0.25595238095238093,0.3095238095238095
Srgn,0.10405643738977072,0.14285714285714285
Stox1,0.28431372549019607,0.2857142857142857
Ctnna3,-0.26898326898326896,-0.2857142857142857
Lrrtm3,0.06732348111658455,0.047619047619047616
Arid5b,0.015360983102918587,0.0
Ank3,-0.3053221288515406,-0.30952380952380953
Bicc1,0.3221288515406162,0.33333333333333326
Pcdh15,0.21031746031746032,0.19047619047619047
Mmp11,0.1322751322751323,0.14285714285714285
Cnn2,-0.25170068027210885,-0.2857142857142857
Rfx4,-0.07526881720430106,-0.09523809523809523
Btbd11,-0.24929971988795513,-0.2380952380952381
Timp3,-0.3425925925925925,-0.33333333333333326
Stab2,0.1360544217687075,0.09523809523809523
Igf1,0.06507936507936504,0.09523809523809518
Mybpc1,0.07142857142857141,0.09523809523809518
Rmst,0.09523809523809525,0.1428571428571428
Cfap54,0.12925170068027209,0.19047619047619044
Elk3,0.015360983102918582,0.0
Dcn,0.24702380952380953,0.2380952380952381
Lum,0.01785714285714285,0.04761904761904759
Kitl,-0.14942528735632185,-0.14285714285714285
Gm35533,-0.005102040816326532,-0.04761904761904756
Alx1,0.06605222734254992,0.04761904761904767
Lrriq1,0.13003663003663005,0.19047619047619044
Tmtc2,0.25630252100840334,0.23809523809523805
Syt1,0.1282051282051282,0.19047619047619044
Nav3,0.32072829131652664,0.33333333333333326
Csrp2,-0.14109347442680775,-0.19047619047619047
Kcnc2,-0.2897959183673469,-0.2857142857142858
Lgr5,0.19201228878648233,0.19047619047619047
Ptprb,0.06507936507936504,0.09523809523809523
Cpm,0.20833333333333331,0.19047619047619047
Srgap1,-0.1876750700280112,-0.14285714285714282
Tafa2,-0.1494252873563218,-0.09523809523809534
Tac2,0.1330532212885154,0.1190476190476191
Stat2,-0.04056437389770723,-0.04761904761904756
Slc39a5,0.14835164835164832,0.19047619047619047
4930556J24Rik,0.19467787114845936,0.16666666666666669
Pgam2,-0.29115646258503397,-0.2857142857142858
Myl7,-0.26190476190476186,-0.2857142857142857
Igfbp3,0.24819624819624816,0.23809523809523814
Pkd1l1,0.13932980599647263,0.19047619047619047
Ikzf1,0.22779922779922784,0.23809523809523808
Cobl,0.12108843537414964,0.09523809523809523
Meis1,0.016369047619047613,0.0
Otx1,0.2871148459383754,0.28571428571428575
Bcl11a,0.3025210084033613,0.30952380952380953
Ccdc85a,0.3531746031746031,0.3571428571428571
Hba-x,0.24603174603174605,0.2380952380952381
Hba-a1,0.26122448979591834,0.23809523809523814
Slit3,-0.2015873015873015,-0.21428571428571427
Tenm2,-0.04017857142857144,0.0
Ebf1,0.03703703703703702,0.02380952380952378
Sgcd,0.21148459383753498,0.19047619047619047
Flt4,0.17418546365914786,0.16666666666666669
Gm26542,0.028218694885361557,0.04761904761904756
Adamts2,-0.027417027417027427,-0.047619047619047616
Col23a1,0.08597883597883597,0.07142857142857145
Fstl4,-0.2351190476190476,-0.2857142857142857
P4ha2,0.21008403361344535,0.21428571428571427
Sparc,0.11458333333333331,0.16666666666666663
Glra1,-0.08802308802308803,-0.1428571428571428
Wnt3a,0.22040816326530613,0.19047619047619047
1700007J10Rik,-0.07993197278911565,-0.047619047619047644
Drc3,0.13186813186813187,0.19047619047619044
Zfp287,0.21726190476190477,0.26190476190476186
Pmp22,0.14421768707482993,0.14285714285714285
Hs3st3b1,0.10952380952380952,0.09523809523809523
Myocd,-0.26118326118326124,-0.23809523809523814
Gm12295,-0.28571428571428575,-0.28571428571428575
Dnah9,0.14285714285714285,0.19047619047619047
Shisa6,-0.10016420361247949,-0.09523809523809523
Gas7,-0.08482142857142858,-0.09523809523809523
Cfap52,0.3616473616473616,0.38095238095238093
Ntn1,-0.01636904761904761,-0.02380952380952378
Hes7,0.20077220077220073,0.19047619047619047
Tmem88,0.007215007215007199,0.0
Dnah2,-0.0054421768707483146,0.0
Cldn7,0.3037323037323037,0.2857142857142858
Rap1gap2,0.22619047619047616,0.21428571428571425
Scarf1,0.10256410256410256,0.11904761904761904
Rhbdl3,0.2232142857142857,0.23809523809523805
Asic2,-0.03968253968253968,-0.047619047619047616
Unc45b,-0.3403361344537815,-0.35714285714285715
Hnf1b,0.14835164835164832,0.19047619047619047
Lhx1,-0.09370199692780339,-0.09523809523809523
Car4,0.3291316526610644,0.3571428571428571
Tbx4,0.1737451737451737,0.19047619047619047
Gdpd1,-0.20728291316526606,-0.19047619047619047
Tex14,0.18759018759018756,0.1428571428571429
Rnf43,0.3469387755102041,0.3333333333333333
Mir142hg,0.20849420849420847,0.19047619047619047
Coil,-0.16507936507936502,-0.16666666666666669
Hlf,-0.01820728291316529,0.0
Car10,0.06462585034013604,0.0952380952380952
Col1a1,-0.034226190476190486,-0.02380952380952378
Itga3,0.33590733590733585,0.3333333333333333
Ngfr,-0.024630541871921183,0.0
B4galnt2,0.1111111111111111,0.14285714285714285
Hoxb9,0.16190476190476188,0.14285714285714285
Hoxb8,0.2433862433862434,0.2619047619047619
Hoxb5os,0.06732348111658455,0.09523809523809523
Skap1,0.010752688172043005,0.0
Copz2,-0.19791666666666666,-0.21428571428571425
Igfbp4,0.12637362637362637,0.14285714285714285
Krt19,0.2925170068027211,0.2857142857142857
Arl4d,-0.07373271889400922,-0.047619047619047616
Meox1,0.023809523809523805,0.0
Pyy,0.08333333333333333,0.023809523809523836
Slc4a1,-0.014285714285714294,0.0
Itga2b,0.05238095238095237,0.09523809523809518
Myl4,-0.27777777777777773,-0.28571428571428575
Itgb3,-0.038095238095238106,0.0
Icam2,0.19548872180451124,0.19047619047619047
Pecam1,0.16005291005291003,0.16666666666666666
Prkca,-0.2897959183673469,-0.2857142857142858
Abca9,0.0476190476190476,0.047619047619047644
Sox9,0.2184873949579832,0.19047619047619047
Rnf213,0.04761904761904761,0.04761904761904767
Notum,0.06398809523809523,0.023809523809523808
Apob,0.1465201465201465,0.19047619047619047
Osr1,0.07142857142857144,0.07142857142857145
Kidins220,-0.20982142857142855,-0.19047619047619047
Lamb1,0.28435374149659864,0.2857142857142857
5430401H09Rik,0.06896551724137928,0.09523809523809523
Twist1,0.03809523809523807,0.07142857142857142
Hdac9,0.14285714285714285,0.11904761904761904
Dgkb,0.28851540616246496,0.30952380952380953
Scin,0.03993855606758833,0.04761904761904756
Immp2l,0.04761904761904761,0.04761904761904756
Nrcam,0.0782312925170068,0.09523809523809523
Akap6,-0.14285714285714285,-0.1428571428571429
Npas3,0.22366522366522365,0.19047619047619047
Sfta3-ps,0.09688013136289,0.1428571428571428
Pax9,0.22916666666666666,0.26190476190476186
Slc25a21,0.16507936507936502,0.14285714285714285
Mdga2,0.08225108225108226,0.04761904761904767
Atl1,-0.09216589861751151,-0.04761904761904767
Rtn1,0.2535014005602241,0.2857142857142857
Slc38a6,0.3346938775510203,0.3333333333333333
Prkch,-0.08755760368663593,-0.04761904761904756
Kcnh5,0.26750700280112044,0.2619047619047619
Rhoj,0.10245310245310243,0.14285714285714285
Sptb,-0.14942528735632185,-0.14285714285714285
Exd2,0.15306122448979595,0.16666666666666669
Smoc1,0.14132104454685096,0.09523809523809518
Slc8a3,0.25297619047619047,0.2380952380952381
Rgs6,-0.25148809523809523,-0.21428571428571427
Dpf3,-0.2285714285714286,-0.2857142857142857
Pgf,-0.19540229885057475,-0.23809523809523803
Fos,0.12380952380952379,0.0714285714285714
Nrxn3,0.10952380952380952,0.07142857142857142
Flrt2,-0.05396825396825398,-0.047619047619047616
Lgmn,0.23809523809523808,0.19047619047619047
Asb2,-0.13051146384479717,-0.19047619047619047
Ak7,0.31932773109243695,0.30952380952380953
Bcl11b,0.12820512820512822,0.16666666666666666
Dlk1,0.015873015873015872,0.047619047619047616
Meg3,0.35521235521235517,0.3333333333333333
B830012L14Rik,0.19047619047619044,0.19047619047619047
Mirg,0.17301587301587293,0.14285714285714285
Amn,0.14285714285714282,0.19047619047619047
Tnfaip2,0.04597701149425287,0.09523809523809523
Ckb,-0.2751322751322751,-0.28571428571428575
Ppp1r13b,0.0868347338935574,0.047619047619047616
Crip2,-0.13186813186813187,-0.19047619047619047
Ptprn2,0.17167919799498743,0.14285714285714288
Rapgef5,-0.17204301075268819,-0.19047619047619047
Dnah11,0.3061224489795918,0.3333333333333333
D230030E09Rik,0.1465201465201465,0.19047619047619047
Itgb8,0.21492921492921493,0.19047619047619047
Adarb2,0.27731092436974786,0.2619047619047619
Ryr2,-0.25070028011204476,-0.23809523809523808
Actn2,-0.27777777777777773,-0.28571428571428575
Nid1,0.2857142857142857,0.2619047619047619
Pou6f2,0.20868347338935572,0.16666666666666666
Amph,-0.27450980392156865,-0.23809523809523808
Elmo1,0.3053221288515406,0.2857142857142857
H2bc4,0.1207482993197279,0.16666666666666663
Prl3d1,0.32633053221288516,0.33333333333333326
Bmp6,0.08888888888888886,0.09523809523809515
Tfap2a,0.2656641604010025,0.2619047619047619
Atxn1,-0.14136904761904762,-0.14285714285714285
Rbm24,-0.22580645161290322,-0.19047619047619047
Cap2,-0.3291316526610644,-0.33333333333333337
Wnk2,0.3319327731092437,0.3571428571428571
Syk,0.21988795518207283,0.21428571428571427
Pitx1,0.14035087719298242,0.14285714285714288
Ptch1,0.1636904761904762,0.16666666666666669
Ctsl,0.14285714285714282,0.19047619047619047
Adamts16,0.31932773109243695,0.33333333333333326
Ell2,0.296010296010296,0.2857142857142858
Mctp1,0.18518518518518517,0.16666666666666669
Nr2f1,-0.0504201680672269,0.0
Adgrv1,0.2871148459383754,0.28571428571428575
Mef2c,-0.29292929292929293,-0.2857142857142857
Edil3,-0.31232492997198874,-0.3571428571428571
Hapln1,-0.05442176870748299,-0.047619047619047616
Vcan,0.014880952380952373,0.0
Thbs4,-0.2897959183673469,-0.2857142857142858
Lncenc1,0.3431372549019608,0.3571428571428571
Arhgef28,0.215007215007215,0.23809523809523808
Mast4,-0.020833333333333346,-0.023809523809523808
Rgs7bp,0.010204081632653041,0.07142857142857137
Pde4d,0.05782312925170068,0.04761904761904756
Esm1,0.04444444444444444,0.07142857142857142
Fst,0.16984126984126985,0.21428571428571427
Itga2,0.09523809523809523,0.14285714285714282
Emb,0.3431372549019608,0.3571428571428571
Hcn1,-0.2969187675070028,-0.26190476190476186
Fgf10,0.05582922824302134,0.09523809523809518
Fhit,-0.23088023088023088,-0.23809523809523803
Cadps,0.2708333333333333,0.33333333333333326
Rarb,-0.007054673721340392,0.0
Nr1d2,-0.053763440860215055,-0.09523809523809518
Synpo2l,-0.11822660098522166,-0.19047619047619047
Kcnma1,0.2496392496392496,0.2857142857142857
Dnah12,0.31156462585034017,0.3333333333333333
Il17rd,0.22354497354497355,0.19047619047619047
Wnt5a,0.05602240896358543,0.0
Cacna2d3,-0.07526881720430104,-0.04761904761904767
Cacna1d,-0.2870748299319728,-0.2857142857142857
Stab1,0.19047619047619047,0.19047619047619047
Tnnc1,-0.20525451559934318,-0.19047619047619047
Shld2,0.1936507936507936,0.19047619047619047
Mmrn2,0.10256410256410256,0.11904761904761904
Ldb3,-0.26938775510204077,-0.2857142857142857
Nrg3,0.11658456486042694,0.1428571428571429
Bmp4,0.028273809523809514,0.0
Samd4,-0.24217687074829927,-0.23809523809523808
Otx2,0.30291005291005285,0.2857142857142857
Otx2os1,0.20868347338935572,0.19047619047619047
Armh4,-0.288515406162465,-0.26190476190476186
Slc7a7,0.33053221288515405,0.3571428571428571
Gm29776,0.15384615384615385,0.19047619047619047
Slc7a8,0.23958333333333331,0.19047619047619047
Myh6,-0.12755102040816327,-0.16666666666666669
Myh7,-0.24338624338624337,-0.2380952380952381
Gm31251,-0.32072829131652664,-0.33333333333333337
Fgf9,0.07936507936507936,0.04761904761904767
Atp8a2,-0.05612244897959183,-0.047619047619047616
Gm29266,0.2276785714285714,0.19047619047619047
Ctsb,0.14835164835164832,0.19047619047619047
Gata4,-0.12987012987012986,-0.14285714285714285
Tdh,0.15018315018315015,0.19047619047619047
Sox7,0.17893217893217894,0.1428571428571429
Clu,0.11001642036124792,0.14285714285714285
Ebf2,0.004201680672268902,0.0
Slc25a37,0.22354497354497355,0.21428571428571425
Gm4240,0.0652557319223986,0.047619047619047616
Fgf17,0.1616161616161616,0.19047619047619047
Elf1,0.3319327731092437,0.3571428571428571
Pcdh17,0.15057915057915053,0.09523809523809523
Pcdh9,0.2517006802721088,0.23809523809523808
Dach1,-0.20346320346320346,-0.23809523809523803
Klf5,0.3243243243243243,0.2857142857142857
Ednrb,-0.11986863711001643,-0.09523809523809523
Gpc5,0.33473389355742295,0.3571428571428571
Hs6st3,0.34173669467787116,0.3571428571428571
Fgf14,0.26750700280112044,0.23809523809523805
Selenop,0.33053221288515405,0.33333333333333326
Ghr,0.12244897959183675,0.14285714285714288
Plcxd3,-0.1020408163265306,-0.1190476190476191
Dab2,0.3333333333333333,0.3571428571428571
Lifr,-0.3161375661375661,-0.3095238095238095
Slc1a3,-0.28291316526610644,-0.28571428571428575
Spef2,0.14991181657848324,0.19047619047619047
Npr3,-0.10416666666666667,-0.14285714285714282
Pdzd2,0.03072196620583716,0.0
Cdh6,-0.2683982683982684,-0.23809523809523814
Cdh10,0.25070028011204476,0.23809523809523805
Cdh18,0.11972789115646261,0.14285714285714285
Fbxl7,-0.2119815668202765,-0.23809523809523814
Dnah5,0.13736263736263735,0.19047619047619047
Ctnnd2,0.08369408369408368,0.047619047619047616
Rgs22,0.3277310924369748,0.33333333333333326
Grhl2,0.23015873015873012,0.2380952380952381
Cthrc1,0.3053221288515406,0.30952380952380953
Zfpm2,-0.22943722943722944,-0.2857142857142857
Abra,-0.2925170068027211,-0.2857142857142858
Angpt1,-0.32072829131652664,-0.3571428571428571
Rspo2,-0.029411764705882366,0.0
Pkhd1l1,0.15966386554621848,0.16666666666666666
Trps1,0.12797619047619047,0.09523809523809518
Colec10,0.07722007722007719,0.047619047619047616
Enpp2,0.016483516483516484,0.0
Has2,-0.19047619047619047,-0.14285714285714285
Fbxo32,-0.25070028011204476,-0.26190476190476186
Adcy8,0.37851037851037844,0.38095238095238093
Kcnq3,-0.17405582922824295,-0.19047619047619047
Ccn4,-0.06075533661740559,-0.047619047619047616
Lgals1,-0.061443932411674354,-0.04761904761904767
Sox10,0.1591836734693878,0.09523809523809534
Pla2g6,0.3123249299719888,0.30952380952380953
Kdelr3,0.12345679012345678,0.19047619047619047
Cbx7,0.3291316526610644,0.33333333333333326
Ttll12,-0.33994708994708994,-0.3571428571428571
Scube1,-0.01058201058201058,0.0
Dennd6b,0.034013605442176874,0.0
Shank3,0.20050125313283207,0.21428571428571427
Pdzrn4,-0.20684523809523808,-0.2380952380952381
Prickle1,-0.2727272727272727,-0.2857142857142857
Slc38a4,-0.016897081413210436,-0.04761904761904756
Col2a1,-0.15396825396825392,-0.14285714285714288
Wnt1,0.2420634920634921,0.2380952380952381
Krt8,-0.341055341055341,-0.33333333333333337
Krt18,0.10906298003072198,0.04761904761904767
Soat2,0.28571428571428564,0.2857142857142856
Hoxc4,0.04926108374384237,0.04761904761904767
Adcy9,0.016420361247947463,0.0
Rbfox1,0.06462585034013604,0.047619047619047644
Grin2a,0.28571428571428575,0.28571428571428575
Shisa9,0.0029761904761904726,0.0
Bmerb1,0.36967418546365904,0.35714285714285715
Myh11,-0.2925170068027211,-0.2857142857142858
Spag6l,0.3059163059163059,0.3333333333333333
Tbx1,-0.01785714285714286,0.0
Klhl6,-0.03571428571428572,-0.047619047619047616
Trp63,0.1116584564860427,0.1904761904761904
P3h2,-0.0043290043290043325,0.0
Muc13,0.32633053221288516,0.33333333333333326
Mylk,-0.22470238095238093,-0.19047619047619047
Sema5b,-0.14565826330532214,-0.14285714285714282
Eaf2,0.07936507936507936,0.04761904761904759
Stxbp5l,0.1043956043956044,0.09523809523809523
Maats1,0.398046398046398,0.38095238095238093
Popdc2,-0.07066052227342551,-0.09523809523809523
Arhgap31,-0.2913165266106443,-0.26190476190476186
Igsf11,0.012605042016806704,0.0
Lsamp,0.13210445468509976,0.1428571428571428
Cfap44,0.3513513513513513,0.33333333333333337
Ccdc80,0.010416666666666657,0.0
4930542D17Rik,0.1128747795414462,0.09523809523809534
Alcam,-0.07760141093474425,-0.09523809523809523
Epha3,-0.2698412698412698,-0.2857142857142858
Htr1f,0.15057915057915058,0.14285714285714285
Vgll3,0.1116584564860427,0.1904761904761904
Cadm2,0.036075036075036065,0.047619047619047616
Robo1,-0.24242424242424243,-0.23809523809523808
Robo2,-0.15599343185550077,-0.14285714285714285
Grik1,0.2895752895752896,0.2857142857142857
Clic6,0.39724310776942345,0.40476190476190477
Runx1,0.19201228878648227,0.19047619047619047
Erg,-0.003401360544217691,0.023809523809523808
Sh3bgr,-0.2751322751322751,-0.28571428571428575
Dscam,-0.0541871921182266,-0.047619047619047616
Tmprss2,0.37218045112781956,0.38095238095238093
Tiam2,-0.30068027210884346,-0.2857142857142858
Zdhhc14,0.31932773109243695,0.33333333333333326
Gm29721,0.20430107526881716,0.19047619047619047
T,0.33613445378151263,0.38095238095238093
Smoc2,0.06959706959706959,0.047619047619047644
Dll1,0.15830115830115826,0.14285714285714285
Lix1,-0.22222222222222227,-0.2380952380952381
Cldn6,0.08538587848932677,0.1428571428571428
Nkx2-5,-0.030158730158730166,-0.023809523809523808
Cpne5,-0.016420361247947445,0.0
H2-Eb1,0.29795918367346935,0.2857142857142857
Slc44a4,0.1336996336996337,0.19047619047619047
Msh5,-0.1414141414141414,-0.1428571428571428
Apom,0.14835164835164832,0.19047619047619047
Rhag,0.21621621621621623,0.19047619047619047
Adgrf5,0.19433719433719432,0.19047619047619047
Pla2g7,0.34173669467787116,0.3571428571428571
Rcan2,0.05322128851540615,0.04761904761904756
Spats1,0.32492997198879553,0.33333333333333326
Rftn1,0.2208994708994709,0.21428571428571425
Kcnh8,0.34126984126984117,0.3571428571428571
Pdzph1,0.06896551724137928,0.09523809523809523
Twsg1,-0.046130952380952384,-0.02380952380952378
Ptprm,0.18421052631578944,0.16666666666666669
Lama1,0.25062656641604014,0.2380952380952381
Epb41l3,0.09863945578231292,0.09523809523809518
Dlgap1,0.28125,0.2857142857142857
Myom1,-0.30952380952380953,-0.30952380952380953
Galnt14,0.08027210884353739,0.047619047619047616
Rasgrp3,0.049206349206349205,0.07142857142857142
Slc8a1,-0.17665130568356374,-0.19047619047619047
Epas1,0.2433862433862434,0.2380952380952381
Epcam,0.08673469387755099,0.11904761904761901
Nrxn1,-0.05238095238095238,-0.02380952380952378
Armc4,0.2680272108843537,0.23809523809523808
Colec12,-0.08035714285714285,-0.047619047619047644
Gata6,-0.06435006435006436,-0.04761904761904756
Ttr,0.004140786749482401,0.0
Klhl14,0.23953823953823952,0.23809523809523803
Fhod3,0.15151515151515152,0.14285714285714285
Gypc,0.17460317460317457,0.19047619047619047
Epb41l4a,0.28427128427128423,0.2857142857142857
Wnt8a,0.30392156862745096,0.30952380952380953
Nme5,0.3333333333333333,0.33333333333333337
Egr1,0.3375350140056022,0.3571428571428571
Slc23a1,0.14285714285714282,0.19047619047619047
Ecscr,0.23363095238095238,0.2380952380952381
Nrg2,0.28431372549019607,0.2857142857142857
Arap3,0.08210180623973726,0.1428571428571428
Ppp2r2b,0.13809523809523808,0.14285714285714288
Stk32a,-0.20544217687074828,-0.23809523809523803
Spink1,0.13736263736263735,0.19047619047619047
Mcc,-0.16594516594516595,-0.19047619047619047
Sema6a,0.0034013605442176887,0.0
Ppic,-0.09206349206349206,-0.11904761904761907
Prdm6,0.054834054834054825,0.047619047619047616
Fbn2,-0.012698412698412698,0.0
Chsy3,-0.14021164021164018,-0.16666666666666666
Cd74,0.10138248847926269,0.09523809523809523
Apcdd1,-0.03720238095238095,-0.04761904761904767
Alpk2,-0.26551226551226553,-0.2857142857142857
Ccbe1,0.06144393241167433,0.0
Rab27b,0.21577380952380953,0.19047619047619047
Mbd2,0.02611367127496159,0.04761904761904756
Dcc,0.12807881773399013,0.1904761904761904
Myo5b,-0.19176319176319176,-0.19047619047619047
Dok6,0.024630541871921173,0.0
Fosl1,0.09523809523809522,0.07142857142857145
Fermt3,0.2288359788359788,0.21428571428571425
Pga5,0.31013431013431014,0.3333333333333333
Fam111a,-0.24553571428571425,-0.26190476190476186
Gna14,-0.03869047619047618,-0.023809523809523808
Prune2,-0.2759103641456582,-0.26190476190476186
Pcsk5,0.1564625850340136,0.1428571428571429
Trpm6,0.14835164835164832,0.19047619047619047
Trpm3,-0.17414965986394557,-0.19047619047619047
Klf9,0.15384615384615385,0.19047619047619047
Pgm5,-0.27777777777777773,-0.28571428571428575
Dmrt2,-0.061011904761904774,-0.023809523809523808
Glis3,0.3053221288515406,0.30952380952380953
Dkk1,0.21789321789321786,0.23809523809523808
Prkg1,-0.11458333333333334,-0.14285714285714285
Acta2,-0.2751322751322751,-0.28571428571428575
Ankrd1,-0.2754182754182754,-0.2857142857142857
Pcgf5,-0.15238095238095237,-0.19047619047619047
Exoc6,0.07142857142857141,0.07142857142857137
Cyp26a1,0.2962962962962963,0.2619047619047619
Rbp4,0.33053221288515405,0.33333333333333326
Entpd1,-0.03840245775729648,-0.04761904761904767
Hoga1,0.20197044334975373,0.19047619047619047
Sfrp5,-0.11064425770308121,-0.11904761904761901
Hpse2,0.03921568627450978,0.02380952380952378
Nkx2-3,0.3445378151260504,0.3571428571428571
Abcc2,0.2549923195084485,0.2857142857142857
Dnmbp,0.2579365079365079,0.23809523809523805
Cpn1,0.13186813186813187,0.19047619047619044
Wnt8b,0.26258503401360545,0.23809523809523814
Pax2,0.017857142857142863,0.047619047619047616
Fgf8,0.022222222222222216,0.0
Cfap43,0.17898193760262723,0.19047619047619047
Sorcs1,0.022988505747126436,0.0
Rbm20,0.03533026113671275,0.047619047619047616
Gfra1,-0.2597402597402597,-0.2857142857142857
Dgkk,0.2626262626262626,0.2857142857142857
Pim2,0.024577572964669742,0.04761904761904756
Pcsk1n,0.11355311355311354,0.14285714285714282
Slc38a5,0.1377091377091377,0.09523809523809523
Klhl13,0.0017006802721088435,0.0
Rhox5,0.35649935649935643,0.33333333333333337
Rhox6,0.38610038610038605,0.38095238095238093
Gria3,0.2678571428571428,0.2857142857142857
Tenm1,0.11394557823129252,0.1428571428571428
Mbnl3,-0.026984126984126992,0.0
Hs6st2,0.2544642857142857,0.2857142857142857
Usp26,-0.16825396825396818,-0.16666666666666666
Gpc4,0.3061224489795918,0.2857142857142858
C430049B03Rik,-0.04421768707482994,0.0
Plac1,0.039215686274509796,0.0
Fgf13,-0.21296296296296294,-0.19047619047619047
Mcf2,0.26587301587301587,0.23809523809523805
Aff2,0.09688013136288995,0.09523809523809523
Mamld1,-0.24710424710424705,-0.23809523809523808
Dmd,0.3431372549019608,0.3571428571428571
Il1rapl1,0.3082010582010582,0.30952380952380953
Stard8,0.032653061224489785,0.047619047619047616
Efnb1,0.002886002886002886,0.0
Eda,0.04761904761904762,0.04761904761904767
Slc7a3,0.18555008210180618,0.19047619047619047
Nhsl2,-0.1142857142857143,-0.11904761904761907
Xist,-0.04269293924466337,0.0
Nexmif,0.327891156462585,0.3333333333333333
Fgf16,0.3709273182957393,0.35714285714285715
Gm5127,-0.04613095238095239,-0.04761904761904759
Itm2a,-0.3291316526610644,-0.3571428571428571
Zfp711,0.12244897959183676,0.09523809523809534
Dach2,-0.2169312169312169,-0.19047619047619047
Klhl4,-0.028571428571428577,0.0
Pcdh11x,0.19191919191919188,0.19047619047619047
Pcdh19,0.1994851994851995,0.19047619047619047
Nrk,0.33053221288515405,0.33333333333333326
Trap1a,0.2242703533026113,0.19047619047619047
Rnf128,0.30812324929971985,0.33333333333333326
Morc4,0.11344537815126049,0.11904761904761904
Col4a6,-0.23953823953823952,-0.23809523809523808
Col4a5,-0.23363095238095238,-0.21428571428571427
Irs4,0.21789321789321786,0.19047619047619047
Pak3,0.18759018759018756,0.19047619047619047
Trpc5,0.2436974789915966,0.21428571428571425
Trpc5os,0.2777777777777778,0.2857142857142857
Rtl4,0.1445578231292517,0.14285714285714288
Amot,-0.0998463901689708,-0.09523809523809512
Alas2,0.2222222222222222,0.21428571428571425
Smpx,-0.27777777777777773,-0.28571428571428575
Cnksr2,0.023809523809523808,0.0
Nhs,-0.20057720057720058,-0.19047619047619047
S100g,0.14835164835164832,0.19047619047619047
Gpm6b,0.10989010989010987,0.14285714285714282
Arhgap6,-0.2870748299319728,-0.2857142857142857
Mid1,-0.03571428571428571,-0.02380952380952378
