gene,nkeep,kappa_alpha_fixed,kappa_lag_fixed,ratio_fixed,kappa_alpha_freed,kappa_lag_freed,ratio_freed,alpha_retention
RALGPS2,14972,122163.06692611931,50216.88364225007,2.432709042568647,5666.963141007808,-3155.25985363153,,0.046388514005096346
MSI2,14070,287622.0080781995,51837.18142088878,5.548565724337333,37383.95311912593,9056.06159003154,4.128058621009856,0.1299759826061776
LRMDA,12816,111541.63131281352,83335.7160005185,1.3384613064597601,27436.244181539547,5872.756278338461,4.671783210676997,0.24597313001991
MAN1A1,12489,173083.5020690395,47216.06732571349,3.6657754843292425,72812.3784858727,28515.298171632134,2.553449662269659,0.4206777515792887
SYNE1,11968,63565.01301578408,76483.81292619096,0.8310910581448929,-930.5098103428868,2609.647950699663,,-0.014638710293535662
RNF125,11216,268249.1764471064,18156.63196271247,14.77417050684283,14777.49667258112,4979.6914672708635,2.9675526625909567,0.055088693536007774
ANKRD28,11036,129800.1503783988,16105.689124409886,8.059273302479983,-63057.5724915168,6174.862879871378,,-0.48580508040775566
MEIS1,10951,148819.63999122367,5628.804740583291,26.43894163147007,15972.935477428515,7210.33377750476,2.2152837816276763,0.10733082997896304
DACH1,10922,151869.81475046405,47874.067185478474,3.1722772615511214,26310.872107057043,7234.2566545221625,3.6369835027362503,0.17324622506643736
COL24A1,10672,110898.3665233507,58731.416156534564,1.8882290566223976,-48031.23725836178,-63326.46162664508,,-0.43311041239050485
NRIP1,10647,155020.71157446917,124321.713870467,1.246931905523664,17954.84876298433,-11509.251297618175,,0.11582225743015727
ZNF704,10385,155030.68550347607,61059.444591233885,2.5390123762398806,20554.571662744598,1036.7877318984636,19.825245834175806,0.1325838919952639
WWOX,10165,63438.3152295499,3009.817316001863,21.077131456542737,-72049.10865417818,-12984.122412998922,,-1.135734900800413
NEAT1,9741,156806.13416265146,13796.12316864546,11.365956381066951,40801.703106935995,3141.0643244456473,12.989769992735475,0.26020476383030594
IL12RB2,9538,95775.31824120556,15147.176983551213,6.322981394170738,12807.958548613857,-17166.944480500468,,0.13372921942538082
RHOH,9482,47426.728965993,39009.32990435427,1.215779124693428,47718.00249380661,23722.069985170026,2.0115446301118647,1.0061415479027125
NFKBIA,9464,141065.59843008986,35194.096628149666,4.008217625829324,37262.23651420878,2804.596061534216,13.286133081790389,0.26414828936961143
FBXO33,9135,62363.24650245725,25724.203612922996,2.4243023201358893,400.7441108756919,-2934.965159483707,,0.006425966147543356
CALN1,8720,63704.51651605351,95113.62386043233,0.6697727825987593,-3288.6155836753055,4802.314594565057,,-0.051622958049553296
INPP4B,8622,44538.496878986996,25671.946397377666,1.7349092347566022,11422.52286847005,10931.979348232886,1.0448723423829427,0.25646404052443744
STARD9,8570,85457.47247030538,13058.454927664974,6.544225403670043,14937.700983565528,2322.036566542132,6.433017119024122,0.1747968966523794
ABCB1,8525,130333.39791895398,43840.73643751633,2.9728834073011217,20814.170342443038,10850.778606707981,1.9182190602963423,0.15969943755618218
SCN9A,8433,92170.76744560634,62515.53868722759,1.474365723804241,14027.394531567068,57558.44444403451,0.2437069776130981,0.15218919100185638
RBPMS,8415,77208.54592940466,1316.6745873441364,58.63904921651292,18910.0019883531,-3083.339812771576,,0.2449210998694806
NFKBIZ,8364,88057.18144880682,9567.946587318957,9.203352113766492,22229.008525400262,9506.347826651554,2.3383331780770793,0.2524383379034609
EPSTI1,8363,34813.412965385134,26051.020497137182,1.336355056386788,-2354.836404259873,-889.8905400882036,,-0.06764164164545657
DUSP1,8361,152023.69560687593,11432.066832246912,13.298006199373878,37428.81126570453,31.747527401360763,1178.952010735181,0.24620379814008184
AC097376.3,8165,57093.933989477395,1625.3214257541308,35.12778031766022,10242.850710086674,-13709.250431841388,,0.17940348464995362
AC002454.1,8147,57776.07398592421,48978.96732248596,1.1796098844942275,-4431.593964923135,7688.427470073576,,-0.07670292664750446
ZNF385D,8093,57423.09640936163,2716.2317688344046,21.140720415770392,141556.0263215461,130779.55442879684,1.0824018092110608,2.4651409480326865
VIM,8066,69692.55875366766,24757.16316960267,2.815046226267053,14848.984950303404,-9070.519840887573,,0.21306413792020454
TCF4,8043,72797.75245048311,8361.193912558278,8.706621711182052,54926.68416314967,6490.485397902537,8.462646596647419,0.7545107137821417
CAMK1D,8020,98423.57042105732,31817.532578260176,3.0933753325770694,17221.63236574003,-157.79113253277805,,0.17497467620881527
SVIL,7953,64874.33352714046,23389.00447273271,2.7737107666455847,5552.989175657341,-5721.608330521607,,0.08559608821775755
KCNQ5,7936,148153.55221024755,24611.321975998162,6.019731583485527,20627.77506425013,160.85172588096208,128.2409309025112,0.13923240284496763
ADGRG6,7741,60169.13591483188,1045.6547073420857,57.54206956880993,5505.402983517625,2841.2718249615054,1.937654445854442,0.09149878753968488
CABLES1,7715,32611.958143219494,25930.51512805881,1.2576671918071867,11667.729306519646,3502.985615496194,3.3307956661040774,0.35777457015243774
TRERF1,7594,42721.535287784354,19178.341418620807,2.2275928014455295,1678.7339318205745,-5111.581445742922,,0.039294794077791156
TTC28,7380,59858.84090180318,38320.93715750703,1.5620401102345405,5898.190045531535,-454.9233480372803,,0.09853498592141731
CYTH1,7136,33284.74759843666,17125.50170029879,1.9435779564843894,25976.11545538174,212.79780511281893,122.06947078993598,0.780420983471775
AC009318.1,7111,14533.77622137341,6343.965175731702,2.2909609083245175,-427.11610239752594,-9632.621916439126,,-0.02938782707892584
CENPP,7104,67302.09992237118,29.983249273532746,2244.6566517319084,-1673.1722128568638,-6568.941050225921,,-0.02486062418240686
PDGFD,7011,49989.36635194049,1302.6740864325095,38.374422944760404,-5391.822281026301,5403.635237497575,,-0.10785938439519752
CALCRL,6990,56060.85011054383,708.0420532306663,79.17728877084127,9570.836182466559,-269.5919631116946,,0.17072228058608216
ZDHHC14,6965,45873.874159647356,36094.108172704,1.2709518667187698,31118.948639902294,22669.14120960153,1.3727449289839813,0.6783588526141066
AL034397.3,6899,86268.50272006656,43055.28653245234,2.0036680665228612,20667.063126682642,7174.913326789506,2.880461712271352,0.23956673032503392
CD69,6893,79047.93171034755,33957.49232942253,2.327849505007657,12375.408442135085,1845.4167623482742,6.706023644430054,0.15655575262211593
GAS7,6870,41436.180548869015,7243.48118920534,5.720478795557534,-2878.286776100625,4885.891046533652,,-0.0694631295156664
ABCG1,6800,63014.54226989631,853.8538765455694,73.8001477780177,15556.654475051135,2838.5930590418056,5.480410242496131,0.24687403755819956
EML4,6782,21909.46060893475,10373.521368780024,2.1120562468664783,-86.0495633689829,5398.099702981159,,-0.003927507157975929
PTPRM,6713,82344.28245315373,21509.293744608618,3.8283117721516833,6196.459002022877,24902.14873927665,0.24883230226030967,0.07525062842763962
PGM2L1,6631,59059.38354746937,4071.148008904452,14.506813168741138,10376.944767756828,-34375.10407542755,,0.17570357400388864
CCSER1,6479,40263.31597691072,2846.053069738587,14.147071396883316,-19387.163749700834,-4793.2061283299445,,-0.4815093660149238
SKAP1,6452,42997.40105577108,8117.465500596235,5.296899759242941,-2285.1911922032336,-2087.739450607397,,-0.05314719346034792
PRKG2,6392,35627.61892488771,9798.770204677163,3.635927588941915,3927.900071164105,5112.409448192193,0.7683070205875345,0.11024873931219316
CALR,6346,35807.03109380379,23960.50888614522,1.494418639601959,16974.304593040142,4259.146846252164,3.9853766976775358,0.47404948342610437
ITGAL,6338,42604.72397274037,35534.63816540429,1.1989632137078956,20984.546990159288,8568.628523709614,2.4489971682276237,0.4925403812869614
NEGR1,6257,42622.999010939064,36000.31762214793,1.183961748846259,18917.159588800052,14958.668653328723,1.2646285593464532,0.44382516546864803
PCDH9,6154,54544.8962053875,52480.35634575386,1.0393392881334862,23088.042122337843,3133.936374434173,7.367106208882863,0.42328510508848294
GAB2,6143,50082.19437361032,15804.647599686805,3.1688270211480565,5652.785455431635,834.6422834795602,6.772704387639698,0.1128701632612616
EXOC6B,6078,13565.701945203991,2355.899208630015,5.758184346558959,8629.389885610242,5587.639017547836,1.5443713988161845,0.6361181987092877
CARMIL1,6059,62074.98404858036,18251.79310781152,3.401034828847205,-10341.55728409387,8580.038233964944,,-0.1665978242700874
APOLD1,5810,45991.52607391952,13868.83430759012,3.3161782060334613,430.90834744240664,933.4239537925492,0.4616426926817166,0.009369298743203967
SDK2,5792,36312.13509040997,5469.187766793524,6.639401797627264,-4361.4936026491505,-1065.1103803088417,,-0.12011118574520342
IL17RA,5728,51292.29358119612,13777.587232044123,3.7228792470934042,32040.78595271187,389.75962006766673,82.20653013554669,0.6246705638536332
S100Z,5657,48229.297130889856,434.0520440709952,111.11408825205599,73117.90496465498,14680.367273339652,4.980659107721445,1.5160474921751346
TMEM163,5653,28956.734737978535,21044.148915514557,1.3759993266646442,8587.374577581877,2086.9666260093154,4.114763729596674,0.29655880247847866
CPED1,5621,31405.05751989371,319.37683834597317,98.33229511112317,7093.951193202844,-5384.289618631657,,0.22588562968589185
C5orf17,5602,15806.106744465716,6547.1551161218995,2.414194633260531,11286.908305634926,-547.8760165723442,,0.7140852891928543
FNDC3B,5482,65080.97742424232,52230.91276658848,1.2460241258864977,4493.400835968836,9065.21561611662,0.4956750094261663,0.0690432291248144
CASK,5465,25097.457140836763,7416.357679790235,3.3840677896682325,19388.32848492554,3519.183367299977,5.509326017246111,0.7725216294274793
POLQ,5341,40966.13248247951,325.54093575446234,125.84018777097211,4281.411394891054,5720.736219305077,0.7484021690150812,0.10451099812075593
ELL2,5275,37685.90713284591,2375.9220487706543,15.861592408869344,-7885.004335742431,-19817.37538041133,,-0.20922952200532535
CRIM1,5229,35702.45482963688,23050.673436960642,1.5488681893514538,8193.14065203289,12412.872014042498,0.6600519720789928,0.22948395820759362
PLXDC2,5203,89506.06683261608,19262.472864845768,4.646655051022326,18287.71894971077,1520.982635034468,12.0236211304913,0.20431820542299495
GMPR,5160,81190.51101127948,52512.372592246786,1.5461215519952891,14411.410678542597,4645.255971596473,3.1023932301387713,0.17750116976773894
CYTIP,5160,15695.75443759095,23711.170376265607,0.6619561239921786,1470.229511117941,-1896.4387842573667,,0.09367052198502655
EREG,4993,60168.396420062185,11533.846373546356,5.216680929447994,13936.962693146295,-3377.099302512458,,0.2316326098479706
FOSB,4977,57832.57046462903,74871.62997090322,0.77242301906749,58714.4496089335,9286.16623525781,6.322786833818017,1.0152488318817479
RFX2,4942,31171.634301705733,6597.682439849127,4.724633928034062,-228.64937037932881,-15873.94378156605,,-0.007335174285899311
NKAIN2,4905,68234.65818576046,457.79519559728215,149.0506209807099,8824.426977476753,-6866.262910028389,,0.1293247040741867
PTK2,4889,38078.77130241969,5265.170618645708,7.232200826991283,18604.486788236278,25927.56492911738,0.7175562702898844,0.4885789680680707
USP53,4855,28149.72624729425,7076.828060511374,3.977732114811355,-3266.3859364830487,19239.201014981438,,-0.1160361528132805
ATF3,4711,41672.66109946165,7506.946966018748,5.551212934911998,104229.76642507678,51889.23514910267,2.0086972977261017,2.5011545621314615
RAB11FIP1,4682,39288.529397516846,4346.958954812645,9.038164336476969,12415.048881244164,8882.015508226323,1.397773835200538,0.31599678256292363
KLF2,4674,33560.067049817495,11242.186163913317,2.9851904745665143,16629.903447357356,-15090.445758640191,,0.4955265262930335
TSPOAP1,4650,71059.92290564763,378.57242692480213,187.70496172390983,26853.190053939114,7082.999999460865,3.791217006350853,0.3778950068605394
AFF3,4639,41973.361747198214,23270.883498429936,1.8036857839982792,6893.8276733781095,926.5895789360609,7.440001301648372,0.164242924236067
ARL15,4560,35186.30807698064,13218.362282701371,2.6619264417520405,2193.3078429965667,3598.1749724811784,0.6095611969320482,0.0623341283262241
MED12L,4489,47856.52122359671,9911.094676568853,4.828580775919324,5078.4779147505305,1505.2647149748939,3.373810509359634,0.10611882738034195
DOCK3,4394,20555.40497963351,887.8984259861076,23.1506266685905,23320.502550239326,7644.325521510312,3.0506945949146114,1.1345192455874988
SETBP1,4384,50196.0312464534,16423.83202749843,3.0562922929563676,16664.28857457617,5837.575981095466,2.854658959222487,0.3319841860157736
P4HB,4352,40443.24307928683,5672.405166080716,7.129822693400907,14802.800954822467,14474.311411396937,1.0226946577345906,0.3660141924277032
RNF150,4344,60614.13086479896,1361.274740899373,44.527477843856964,37959.0188580279,6420.756039407247,5.911923553091765,0.6262404214406085
FYB1,4307,19656.874256190673,5990.871527455602,3.281137671890486,6409.343939186429,1092.552221441939,5.866395961126182,0.3260611964879356
IGLL1,4262,46034.7704729493,8066.763784821201,5.706721022322542,-5592.5177930982,-5912.24292174989,,-0.12148464596743118
AIG1,4260,21926.614933938657,34234.24978971509,0.6404876715167865,13148.14619539781,7439.693416519489,1.767296776800368,0.5996432297010299
BTG2,4252,37595.46710475172,39826.49005844465,0.9439814316948607,59111.150215703674,79212.4476540976,0.7462356228888213,1.5722946080441855
STK32B,4174,21989.435798620092,17320.125885361875,1.269588682216478,1303.9927433400912,-459.0519522166384,,0.05930087316846579
LTC4S,4127,17115.511160260132,13136.623652757246,1.3028850953393765,4026.167796075849,-715.9722594965489,,0.23523503086627398
SLC8A3,4082,16897.360578371445,15619.341430342482,1.0818228574955315,6394.416634169708,1846.4150200834008,3.463152414066085,0.3784269504406822
MECOM,4079,25415.830808640345,2304.505372026567,11.028757457957163,-711.2451561779988,-5301.9246073209315,,-0.027984336279741225
ADAMTS6,4077,38221.925465253786,25990.800142681433,1.4705944124623815,8571.683694206393,-3080.283612467934,,0.22426090757773598
ADGRE5,4042,43763.8395188884,22810.812631645727,1.918556792587664,-48461.846282027705,-30396.846200507007,,-1.1073490538030066
HLF,4008,34382.757627753665,12001.323410350516,2.8649138475928684,11388.401715531574,3624.2278117923383,3.1422974235991843,0.3312242094956016
RRM2,3965,39710.00628186117,5319.554130686852,7.464912529564556,6059.560813393587,3859.663760653671,1.5699711656663433,0.1525953123850672
MAMDC2,3935,54532.68799820249,1282.2678601358753,42.528312292272496,2270.473959721009,894.8020447471613,2.537403633630009,0.04163510076370797
DPYSL3,3770,24273.972238447703,3933.9450893967296,6.170389186131247,7385.441733125239,4659.060752511949,1.5851782420187055,0.30425352968919483
DNAJC6,3715,31799.69142803473,5479.330992311104,5.803571909172451,7025.262794484136,1928.1464390398469,3.6435317630659236,0.22092235738773985
SAMD4A,3689,48421.06312456672,13711.592125039493,3.5313961123553512,9134.102509233991,8957.42335645094,1.0197243276054169,0.18863903268162135
DLC1,3613,60348.01203385012,23726.03074230776,2.543535945363116,1522.0952215812254,2412.734184742537,0.6308590607314035,0.02522196125909597
MTSS1,3590,41742.14106177355,6724.157089654586,6.20778790638245,8753.533004770645,2776.78277549401,3.1524010743740396,0.20970493563845768
TFR2,3504,41390.34365728229,17796.003748007894,2.3258223724478353,11806.45379992307,2747.128418537735,4.297743680365518,0.28524657581203294
PDE3B,3496,41937.46104958005,714.19813273266,58.719645330238016,3292.3841011187405,-2403.462682994157,,0.07850699633977268
AC107223.1,3480,36335.47866175593,471.98581254439586,76.98426032315992,12651.407929216657,2814.367717519862,4.4952931525115725,0.34818332921901496
ABCC4,3479,56174.052639373826,8895.559694767973,6.314841849964004,11931.378084465217,1510.8248463854075,7.897260965101678,0.2124001656256186
PTPRD,3478,15824.501848794253,3535.3272971847523,4.476106600199535,6122.986469625903,-3027.5042031990274,,0.38693075637590724
ITGA2B,3338,48781.45639745469,10129.370361902289,4.815842905786847,4352.734179014523,1019.4587520759039,4.269652077782584,0.08922927892004551
CTTNBP2,3240,72165.71674178515,37699.004129135734,1.9142605596313818,14744.315763949959,5607.936836002288,2.629187202910918,0.20431191471022633
GATA2,3223,37068.693533617385,27662.270064024135,1.3400452474732605,14022.218909497153,5361.590054194636,2.6153097808227397,0.37827658794557956
AFF2,3175,21537.685450489113,11446.71323595216,1.8815606721799356,4409.508824782905,-2449.0780074758127,,0.20473457256674565
THSD7A,3143,9934.30431844091,1006.996984286444,9.865277129385188,15091.931156560815,9128.337677571593,1.6533055294001473,1.5191734290387977
DOCK1,3114,73787.09444046683,4232.314408716452,17.43421856573375,9703.866639764965,-1920.8483606393809,,0.1315117055814452
PLD1,3110,17593.092713694205,6001.042797974273,2.931672595241776,6908.888081777776,-21.74716790209964,,0.39270457981500884
PRKAR2B,3082,33244.077389494814,5407.503393782908,6.147768197004935,-2645.117315343143,-2493.7574125576148,,-0.07956657314782346
TIMP3,3056,14432.364548452622,15770.78613792538,0.915132855282709,8508.426040914977,4025.356279725586,2.113707570127186,0.5895379106001875
PARD3,3053,29294.56187768495,7651.53283843077,3.828587355797441,6605.429919584276,656.609525147279,10.059905722663197,0.22548314418096635
CSF2RB,3035,40116.16812102435,20748.87286923416,1.9334143292432748,277.50283026188197,1511.6259241693317,0.1835790362052538,0.006917480987334043
ANK1,3010,39986.24798185556,16582.51333954775,2.411350267784322,-2339.078585506084,10136.371322340307,,-0.05849707595890169
FREM1,2962,22241.517227287193,5421.737574767839,4.102285830062438,-857.0145865742638,-1578.8259533835421,,-0.038532199841242315
POU2F2,2960,9392.00809933811,1668.4824855243885,5.629072034511822,16704.413873126356,10355.065639344766,1.6131634945564048,1.7785774561143721
AC244502.1,2940,29815.97125935845,7818.222319333614,3.813650986315239,5418.550311155721,911.7217226233657,5.943206327874384,0.1817331477824986
HLA-DQA1,2934,114595.01342895108,105555.63758531603,1.0856361256529659,8400.924923107314,8281.527823092702,1.0144172793432726,0.07330969011418537
MPO,2921,29384.649423811185,20764.43417535055,1.415143276993008,14434.534125220773,565.1296984541357,25.541984724400816,0.49122703208172613
TENT5A,2897,20038.163629739414,6681.040077728863,2.9992581090085513,-15752.084951103785,4245.102110413993,,-0.7861042180394967
MICAL2,2882,29248.37967553576,2077.679683749254,14.0774248813734,19625.878019259715,10100.287025148242,1.9431010198417273,0.6710073596205194
CYP7B1,2811,17844.290337576564,2046.9654012593512,8.7174362236891,11502.435381161922,21079.02859446428,0.5456814733949676,0.6446003266904965
FCER1A,2778,10341.680752360198,10801.41357187434,0.9574377171603508,9829.620282609661,13248.995099684867,0.7419144024623772,0.9504857593255648
PHLDB2,2740,20430.383745316918,369.6652627823318,55.26725338362896,16.710760823965153,479.5556595407915,0.03484634263302593,0.0008179367080070445
RASAL2,2618,19566.15241991757,3288.4956006005978,5.949879457446769,-26692.2684219969,-34898.75015882285,,-1.364206301225847
LMNA,2589,19383.54680237539,8721.291023488408,2.2225547513746666,5329.764360152775,1005.6513846088718,5.299813078093341,0.27496331886482356
UBASH3B,2588,18860.526560779304,7511.579350745443,2.510860323788978,15950.266226830354,11285.196334293545,1.4133795952101034,0.8456957007764103
CLEC12A,2584,14609.275769992828,838.3402163655168,17.426428417485315,13864.529233397277,2889.7903701294936,4.797762971566688,0.9490223507091813
SNED1,2535,21795.571804858224,9050.502048610118,2.408216879880753,5485.922565263172,-1097.0150315135672,,0.25169895125395897
RYR3,2524,34261.505106774835,6688.691977628737,5.122302719480463,10907.96968163385,948.6275229900154,11.49868564560788,0.31837391987420066
UBA6-AS1,2409,91275.4792280403,34606.884684,2.6374948239776184,63695.705203625,83347.25169865228,0.7642208219884826,0.6978402714762997
SFMBT2,2402,9345.223954699031,5340.367550700709,1.749921492477207,22538.944070539383,11232.79042657228,2.0065311658642964,2.411814225084054
SLC10A7,2385,23503.825629360694,12028.218426875375,1.9540571009954955,2157.026002530256,2817.749948630727,0.7655136338760127,0.09177340048999194
SOS1,2378,44461.491465824416,18955.669215341753,2.3455511362183694,13628.463190340537,1281.332224269176,10.636166742870845,0.30652285249621314
CENPF,2357,39925.966389568566,18842.069014117078,2.11897994639839,12855.374355999043,-559.5784127394129,,0.32198029298942055
SLC2A3,2354,12753.157130820668,1618.3437848528733,7.880375758343633,-2935.8555519712454,-17480.882701751318,,-0.23020617732970117
IL12A-AS1,2329,23578.042131930044,352.20840367627613,66.94343997993084,44885.40816960882,33286.6550497351,1.3484505457981133,1.9036953076279282
SEMA3C,2243,9393.027808462406,909.5049183155223,10.327627283048741,9905.898758765277,2761.505576247348,3.5871369748333275,1.0546012383611612
PLIN2,2150,11017.731358894243,2597.955202413707,4.240924304105742,-6362.916686959256,-18358.06276570624,,-0.5775160493292195
SGCZ,2134,28188.258736965996,7813.974045741796,3.6074164787285303,49881.114981418956,-2742.6074005637524,,1.7695706374372466
ASPM,2106,83711.20254111136,59755.20462161169,1.4009022824237054,6790.12601875713,15709.296792860834,0.43223615342495375,0.08111370775521275
UBE2E2,2083,21044.56118364748,4279.943521804509,4.917018431770024,-43010.654647204465,-37171.887507308325,,-2.043789569754753
SPTA1,2013,16446.852731295803,6165.397663064343,2.6676061513153626,5159.524649160731,670.1110678676439,7.699506688613309,0.31370893467921424
RASSF8,1972,28574.557973872532,7844.344911676389,3.6426952531547925,20318.759442867304,-15150.666571811962,,0.71107869670096
ATP10A,1965,11883.946985754746,3271.9859234349215,3.6320287629107564,11691.708611296499,2689.2256107651824,4.34761165611902,0.983823693029876
PBX1,1937,96439.56058501071,1700.3714765005295,56.71675978915462,11040.344042541701,-173.48617060799572,,0.11447941047812765
AL157895.1,1876,13878.151808162027,659.1168796479502,21.055676522158972,11683.079287731825,2648.419567579549,4.4113400424726725,0.8418325040125851
CD36,1867,138735.32796821764,120100.31167379691,1.1551620977057502,2679.963618061447,-545.6379704826556,,0.019317095777330703
LAT,1844,23112.664264725554,12060.742863480402,1.9163549481442033,16561.353892175288,-185.89048442299827,,0.7165488886303407
JAML,1815,11768.099861909044,4590.350030694955,2.563660675812867,4632.827738709521,-12025.252298781117,,0.39367678665823075
FAM171A1,1815,14532.766211115168,3810.240240202337,3.8141338327641585,2090.441011383478,338.1926105590537,6.181214332057247,0.14384329734724802
HGF,1792,11106.556833335466,14422.77090927924,0.7700709456731226,4614.87894575823,2975.791647511788,1.550807143913105,0.4155094161952181
OSBPL3,1775,10674.559387779704,2867.1661301007894,3.723034837679413,7762.258136687807,-27946.817577316608,,0.7271736335622512
RPS6KA2,1695,48834.475206591014,27564.20574524099,1.771662701183486,5663.63002279391,2244.7074467834886,2.5231038596630944,0.11597605992148576
SERINC5,1664,10765.046736476628,3537.1675532702084,3.0434087654468183,7266.495949478485,-1036.176453822999,,0.675008304874001
NEDD9,1642,33221.34565592088,15093.446082916369,2.201044444947712,374.5653125060522,-1965.696676510763,,0.011274838665040506
HMMR,1637,18587.797979425322,10290.13153162636,1.806371271571833,13883.439445101572,3223.309328515623,4.307200467010432,0.7469114663538432
PCBP3,1633,5930.7950574986335,1457.5573527173322,4.068996013393106,617.0901727501688,7195.722549240034,0.0857579163909456,0.10404847356341329
MDGA2,1626,8012.028944620883,5375.732057408136,1.4904070476466074,-5345.03874643633,-41335.34313856055,,-0.6671267394790035
AC104232.1,1617,28861.40888083646,243.45402439022212,118.54973009021093,41092.8327452372,49785.157634801886,0.825403286792279,1.4237985718196253
MMRN1,1613,14887.267706707726,949.6563566562044,15.676478762409033,984.621347557873,-2422.879982909136,,0.0661384860510189
ADAMTS3,1599,13241.72901868171,1982.8245762444567,6.678215096446926,5302.597128129896,1206.2358800613665,4.395986900887188,0.40044597806290105
SLC2A5,1577,26517.650949770217,15172.090823908326,1.7477914716924479,24874.58696229405,36926.54530355835,0.6736234532044638,0.9380388560589903
DGKG,1577,14672.776824210856,2225.641939172096,6.592604392451779,4642.061345980862,896.1768518005961,5.179849643130198,0.3163723814241634
TTC27,1477,11805.789821333505,8447.936635858423,1.397476132955616,4016.616681254527,4731.980714666538,0.8488235526415449,0.3402243087536888
MEST,1466,17148.203971788706,1098.151570376932,15.615516504613945,-1714.997724461864,-5450.132716455199,,-0.1000103408662088
DLGAP2,1455,11180.399823627724,381.48796568784746,29.30734604817413,1655.2836591931232,4316.426741878159,0.3834847104280699,0.1480522776739151
GAB1,1449,2232.8728321690305,1125.9671485445224,1.9830710292528038,768.2063093075865,-3055.5373590404392,,0.3440439142973246
RUNX2,1447,4949.132701361709,1912.5173425006426,2.5877583389077405,-1158.7977132124556,357.5355342148315,,-0.23414157250089956
HIST1H2BJ,1426,12966.48676006852,1902.8262364528525,6.814330447871034,34331.224486803534,15193.88544452874,2.2595421435908007,2.6476890095264416
DIRC3,1422,45995.736071713654,70120.37489750046,0.6559539383374466,-31.85987185764437,1629.261395149701,,-0.0006926701163771021
PRKCA,1407,12040.670001694889,1178.4116282988382,10.217711462230621,-613.8152251067772,-327.99281806081933,,-0.0509784941386463
WNT5B,1406,11920.395273736722,1151.1779268804175,10.354954690661813,11353.858061322575,8877.735673222924,1.278913731974263,0.9524732863798272
PRR11,1403,11189.334382473882,2902.4770766720194,3.8550982787790264,268.804273525489,-667.3322826365217,,0.024023258608351493
RAB27B,1394,15634.712647968425,5612.597933642732,2.785646296566457,-236.7704877642609,-2026.8845983735446,,-0.015143897626735525
PAG1,1320,1804.3344494651442,119.55348155525927,15.092278585221761,-6972.508057770756,-3227.3909619367464,,-3.8643102224410804
SLC45A3,1281,14896.847040633858,10396.62753458902,1.432853777926818,-989.2831462603984,-475.6314363273608,,-0.06640889468502623
PALM2-AKAP2,1250,19282.837219447094,14708.655053015416,1.3109857529423756,3803.51748318715,1321.709139632286,2.8777265505217966,0.19724885087715374
PLPPR3,1221,11800.285986602912,10169.249006305554,1.160389127976512,-13247.860742886971,7249.083946429205,,-1.1226728536857087
CDH7,1199,8404.966255681333,1938.6389809473865,4.335498428683168,-6152.437841703189,-586.3937838536206,,-0.7320003025050162
CNTNAP2,1134,8803.108845859808,4372.253860512339,2.0134029557076687,-4439.42136280849,-7416.354138512341,,-0.5043015417100511
SLC44A1,1063,28774.790482521552,4841.133162472094,5.943813053022463,6527.743459132014,2703.3295107977515,2.414705063906797,0.22685633325799925
PRTN3,1025,14791.276706449753,2171.80355113182,6.810596059087105,2016.3358597048905,198.67844903745006,10.148739682001542,0.13631925760848385
BANK1,1010,9626.388435536885,5334.780705074142,1.8044581338424666,9366.782762247507,8421.972309987239,1.1121839893892622,0.973031872230398
CARD11,997,8902.962399148197,4538.877578745128,1.9614898716016078,431.07963262710757,-1501.2518203632378,,0.04841979706309348
COBLL1,983,10965.629893720728,1737.4261560666937,6.311422131773062,3308.6919775357173,-367.69289019636443,,0.3017329610431573
CNR2,976,41528.959557684946,31828.97383125231,1.304753328770794,1566.4169437997366,2293.931591539412,0.682852509454541,0.03771866573309975
PROS1,968,20415.746183051164,1043.1803220891904,19.57067800336215,1438.3247736365674,-3049.7240805707206,,0.07045173665171457
NR3C2,919,3406.7677384313965,414.2126174101173,8.224683641296014,-3173.3867079576157,-1415.2494366534788,,-0.9314948806632652
ADCY6,891,8789.829183791133,4857.801102548406,1.8094254989525986,-3915.2464142462527,-1069.0867116477118,,-0.4454291809750018
STOX2,889,6339.278225014601,1146.8211026977872,5.52769582814796,-12244.005360780426,-19644.827096743495,,-1.9314510147962822
RAB31,888,7302.009779714051,401.6142812510023,18.181648712712025,6399.375705335802,-2558.0195594666093,,0.8763855292434851
DNM3,887,5627.323642811623,472.1743309349323,11.917894036444546,-8042.659883828593,-10233.418114961589,,-1.429215803875495
ARHGAP6,858,13128.325748577745,2278.823866110219,5.761009415346702,2947.203646593577,1117.2045530196353,2.6380161436218015,0.2244919651626455
AZU1,856,13291.785080382297,2341.5713297929165,5.676438258046913,2159.5312164105662,-4061.1709716960027,,0.16247112057189944
PTPRE,856,1742.2823368118973,15.218472327129955,114.48470643836782,531.6126760225113,4179.154294712741,0.12720580254600347,0.3051242986227358
HDAC9,853,6251.6775266257055,4041.6896905251433,1.5467979991837064,9093.704602987904,10497.273702479713,0.8662920355062999,1.4546023150199432
LMO4,846,28131.287268503245,8640.267522908835,3.255835215045814,978.1349727709111,1280.1873416686553,0.7640561197050775,0.03477035954433783
CACNB4,844,5665.042548945106,3087.255126731644,1.8349771290014716,-2144.8430167172573,-3047.695351315613,,-0.37861022193322286
CPA3,830,15569.996021297266,10657.525160474142,1.4609391755453827,567.7416847244887,3814.3096335958844,0.14884520116665478,0.03646382978826127
IRF8,808,1427.1771977221458,1299.630407949553,1.0981408167986968,-12102.57670276545,-5851.963339605653,,-8.480079924260165
CR1,808,4923.423041570621,1484.183415822271,3.3172605144916902,-1334.4062496806146,5527.961417495802,,-0.2710322144600692
KCNQ1,806,598.9354256971435,265.33901661108155,2.2572459691257096,316.22144696854474,-1633.727544225581,,0.5279725215793875
COL23A1,805,6325.588236408758,637.5297789189871,9.922027873167899,5059.118265320892,-5941.960485127897,,0.799786213747153
NRGN,801,2560.196172362824,1023.9524049635495,2.5003077876983566,272.50930694242726,3360.4960684805824,0.08109198802474417,0.10644079148471126
PLXNA4,791,898.6903539989928,1781.815502692876,0.5043677937703387,-3085.5776742880457,-1302.8289426637357,,-3.433415815088969
ITGAM,782,6317.657203991702,3182.122645603077,1.9853594306684483,113.49649106699266,-10045.42284409003,,0.017964965081562492
CD9,769,2224.2315824810753,1160.487352099982,1.9166357810416241,1417.4395506310045,401.8223174406052,3.5275281862374936,0.6372715691096724
FCER1G,761,3723.411516261149,3262.216689407574,1.1413746757997638,10660.88095331088,10418.219695152666,1.0232920081605803,2.8632024439823316
BACE2,701,14594.615362627419,9851.977788136759,1.4813893896717365,1510.030178663025,3029.471217238946,0.4984467817585881,0.10346488353024876
SIGLEC6,695,188.07280646793112,429.97809824252425,0.4374008984100646,1934.6329237691762,609.1737958417475,3.1758308334585017,10.286616976171175
AC111000.4,672,5414.3579522651435,797.2589080629001,6.7912166267547995,664.6679081680203,-183.57045232037814,,0.12276024489477108
TMEM154,661,10841.488739380597,4106.645174224306,2.639986723817311,2189.5658209864755,1588.6621950627564,1.3782450591391973,0.2019617299451783
NDFIP2,608,11087.415335035683,5688.361552322648,1.9491404041482763,1890.0643227025082,-234.1541461543279,,0.17046933533102152
EXT1,605,6118.823742130149,2122.244704899357,2.8831848316098503,938.3741349682977,4372.649084356716,0.21460083278243375,0.15335858238688552
TRPC6,598,5432.991024282779,974.4393045028523,5.575504804842235,3287.0110955199684,74.42199562077198,44.1671990666497,0.6050094838788904
VWF,596,18816.164227401332,7161.27934615498,2.6274864193789718,1604.280320339078,1898.240881996147,0.8451405380396471,0.08526075245468041
CXCR4,595,6648.5992183864355,343.4133297900189,19.360341144741646,20523.262193344857,13270.49392751667,1.5465334075312305,3.086855068145572
CLNK,594,6186.828782068673,62.97037272991778,98.24983581730105,415.57001266204077,-258.81716169153356,,0.06717011692104526
TLE1,558,5176.321233061087,1468.547902283596,3.5247888237161984,-956.7879340817146,-1662.094106958648,,-0.18483936583586125
TIAM1,553,11610.697110578178,5521.674505867547,2.1027492834357036,5678.494692017679,3228.1256365328472,1.7590686768054786,0.4890743973369319
BLNK,550,2049.84927019741,29.13753453526119,70.3508139206753,2595.124245965417,1471.29585401035,1.7638357634814357,1.2660073517090815
CAMK2D,539,3985.0651867398283,755.7233559720569,5.273179868331577,8111.124544759797,9592.042265454176,0.8456097586196093,2.0353806436465063
ALOX5,518,9296.62171389868,1301.2808968739491,7.144208246068806,2166.2297571547447,1712.9131365338658,1.2646465900414423,0.23301257422534227
CD22,499,4561.696227483299,1909.3396435995803,2.389148647688143,1715.7241969445347,468.1648758960566,3.6647862436511893,0.3761153990499505
LY86,487,3286.810617569831,1234.9949979927867,2.6613958946488205,6655.112296513006,2475.9511403307342,2.6879013031024614,2.0247933546696393
IL18R1,478,7431.001108740303,60.87086438300402,122.07812693415835,25188.011810583805,-3039.6408242779016,,3.38958525802907
ERN1,466,8161.447721516582,858.5054604072462,9.506576367778795,5718.883541836982,3324.637672027368,1.7201524214064505,0.7007192518993779
PACSIN1,444,9332.80791513011,1739.082206302444,5.366513372000449,3894.2661696577893,1181.7406694418526,3.295364431772572,0.4172662938175878
SCN3A,429,11588.29648701488,1448.924548436652,7.997860550791495,2672.638136255076,391.51287616487025,6.826437389327649,0.23063252991929115
MITF,422,5246.118143432341,1783.170721451279,2.9420167571855678,-4351.9833340013065,85.35718425903016,,-0.829562586090363
RAPGEF5,422,2378.8835472767055,351.973650506544,6.758697828241198,1841.5841533594985,415.6451623651568,4.430664230230138,0.774138000772549
PLPP1,419,1190.5143830459363,511.218373898555,2.328778549110168,4191.484322421648,714.7476659407301,5.864285428487462,3.5207338794998155
MYLK,416,891.093884380886,65.12536654206795,13.682746550152327,-2859.6013180878294,1416.4197777914221,,-3.2090909478911107
TUBB1,392,610.4572411192748,524.9157742648802,1.1629622713742818,1480.0636712840464,677.0025793694206,2.186200933920547,2.424516528906015
F13A1,390,3610.0991189119873,38.97466371243152,92.62681893931249,2484.818108545076,-2102.3475527392393,,0.6882963671351914
PAQR5,379,5322.0752985256795,1258.397179399991,4.229249227229885,7044.326125578422,1430.955831805467,4.922811710191256,1.323605122146588
SLFN5,326,3616.04056604859,1273.4950367197296,2.839461844596421,262.7204650357271,747.9918552355128,0.35123439272344337,0.07265418079167557
GPR34,326,1961.6159512336405,466.83835120589316,4.201916886576644,1377.457309050856,1014.2946636715654,1.3580445193950905,0.7022053976389145
NPTX2,299,254.84733144827868,490.56435393336466,0.5194982664453758,-5908.688632932727,-6799.226303882016,,-23.185208961593137
PSD3,298,1323.5629503969903,161.58068013615372,8.191344096841952,-2346.447712450289,-3124.6134483705546,,-1.772826681002588
SLC8A1,298,1692.5386590601697,276.0636763342922,6.1309719610146525,-1487.981046027825,1193.3932936190206,,-0.8791415416496713
LRRK2,277,146.98698317044747,256.1158187345326,0.5739082571967232,-656.5618636688972,-1645.5919688753663,,-4.46680277060685
