gene,fit_t_,fit_alpha,fit_beta,fit_gamma,fit_scaling,fit_likelihood,fit_r2,velocity_genes
TNFRSF4,5.756307548563245,0.5558380028042881,6.6669793663639645,0.4284919562157323,0.10279662042028374,1.446290357985674e-12,0.29347681999206543,False
DFFB,,,,,,,-0.16071510314941406,False
UTS2,3.9579367991713426,0.018141053497484076,0.027563835848594842,0.1696850662614356,20.11711459159851,3.916692899851186e-05,0.23614615201950073,False
SLC2A5,8.501991313487698,1.6609693740030547,3.6427659992392694,0.9804657599513674,0.15689552396535875,0.1265822751435646,0.6974398791790009,True
ID3,,,,,,,0.03063511848449707,False
CNR2,,,,,,,-0.6229753494262695,False
RCAN3,,,,,,,-0.484896183013916,False
CLSPN,6.276431841524387,0.9126164801360566,2.787494818391026,0.7034875654513127,0.1450745017826557,0.3056500057429628,0.7493678629398346,True
HIVEP3,,,,,,,-0.25176572799682617,False
PATJ,,,,,,,-0.5430812835693359,False
DNAJC6,8.305333217397484,0.08371049975902803,0.04357277424637603,0.3012472179284642,12.579008932113648,0.27174837707020966,0.6009980142116547,True
PDE4B,5.902757052921488,0.06452883324185546,0.08796072432586007,0.27264177000159623,7.170463238954543,0.2835810035910222,0.4356340765953064,True
SGIP1,6.4520783779289985,0.031256262423619105,0.07497611598255217,0.22004385071179539,8.814051596721015,0.20928396319708698,0.09929388761520386,True
SLC35D1,,,,,,,-0.411757230758667,False
IL12RB2,6.171703572430753,0.058176154398604844,0.08657852525392101,0.2939079474840334,8.24577009320259,0.2749234169266562,0.2441292405128479,True
PTGER3,18.930945214557642,0.007995428119912974,0.015684751191635475,0.05809744070981347,10.29362211227417,2.287961377927307e-21,0.2835376262664795,False
NEGR1,7.505037017621525,0.08753044529629249,0.024196696663220336,0.32473906377780637,26.826462385389547,0.2186697339570466,0.5044143795967102,False
AL513166.1,,,,,,,-1.283235788345337,False
IFI44L,7.299910678521996,0.03519129924854672,0.4897833534075699,0.2515119464576864,1.1718164910872775,0.1193463554935201,0.20374131202697754,True
LINC01725,,,,,,,-0.42186784744262695,False
TTLL7,5.974524604865286,0.17296509318651393,0.19728030173701652,0.32968175904458386,1.9796234965324402,0.014425237615713892,0.623754233121872,True
COL24A1,10.647006650414554,0.14314966612004978,0.08901354596032139,0.37823438692900424,8.034069979190827,0.2679563381862887,0.4416031241416931,True
LMO4,11.023343070383477,12.041431915091952,3.799704679631806,1.0849625852869003,0.13709034875035286,0.15837003890926304,0.8739255517721176,True
EVI5,,,,,,,-0.23746156692504883,False
TSPAN2,4.117635728348789,0.7656527874741857,2.0131044306643577,0.7769483586453481,0.20163360357284546,0.27787471014203646,0.6222995519638062,True
SLC22A15,20.00989244969547,0.05371469414572541,0.02357844608204857,0.1173215323411781,8.975519402821858,0.25381569248524266,0.7421255111694336,True
S100A9,5.071951049719626,7.663142887145428,79.19554760919326,3.612306299466653,0.05288180178031326,4.969968307651168e-07,0.5794450044631958,False
LMNA,4.760109831618819,0.22768857721644353,0.1359992919477532,0.4563697749977068,2.1650520372390747,0.15164704191857345,0.5470667779445648,True
FCRL1,10.207834105793154,0.5436896196048102,0.1581024000337097,0.33757924959869584,1.1946412028206714,0.0005854259568414339,0.9728751629590988,False
SPTA1,4.613289929846721,0.5225982317856264,0.6970503080384546,0.7144739971511974,0.5847604179382324,0.23436089478868613,0.7625724375247955,True
MNDA,5.235672953522723,0.15580191771754573,0.6561220078865064,0.3537678037680798,0.9503407931327819,0.19286853939776172,0.4951682686805725,True
FCER1A,3.3012803391242453,3.8018332156604004,26.600029105738628,0.4867415686975408,0.015575309805572028,0.18185152128410106,0.36878979206085205,False
SLAMF7,2.3335989070001735,0.3780015828077163,1.1012078982132925,0.49780748301176064,0.9920411109924316,5.485181286235036e-07,0.5099416077136993,False
FCER1G,6.080927613522243,0.07094540049179297,0.3693325129417898,0.3706492718060358,1.3461515309413277,1.5482972067998029e-27,0.23794174194335938,False
PBX1,,,,,,,-0.00837099552154541,False
CD247,3.9892837023553334,0.6145444299918573,0.5548867065327461,0.9073038419043791,0.9911544912391236,0.00027626713880838933,0.7654148489236832,False
SELP,10.096448278957944,2.4589751359069196,3.0375372732579797,1.85213821087838,0.2447802373766899,4.9494633150956864e-15,0.8789073452353477,False
DNM3,5.4172943690051305,0.0840462828604576,0.018000471559199937,0.28823871746264057,37.083210163116455,0.08778626802986352,0.7076240479946136,False
RASAL2,8.40199971516741,0.049053371839296846,0.06435413166032825,0.2364944815029049,5.357222414016723,0.09548533652575826,0.3849436640739441,True
RALGPS2,10.731988601129075,0.09836793920803215,0.22580076837181792,0.26111202554121704,2.7169664460420613,0.2560145546180431,0.3613443374633789,True
ERVMER61-1,,,,,,,-1.222106695175171,False
ASPM,5.227747720164478,2.659666113150805,3.1377564211660713,0.9939881883116486,0.15203875288367275,0.3432873399468869,0.8382156938314438,True
BTG2,2.825490039189923,1.650870745883404,17.87390956608004,0.5922649776604116,0.02559545410797,0.18985344465787837,0.35422730445861816,False
SLC45A3,3.44950943542023,1.5321810854386553,5.808138560790616,0.6711002550503053,0.0727194456383586,0.19115468041296066,0.5040082335472107,True
FCMR,5.171852534031364,0.24315961574156728,1.5357821072951847,0.3167171445455617,0.4084719329327344,0.06521880337415871,0.329265296459198,True
CR1,6.68097047354362,0.07111316143560127,0.23452078776959315,0.3347817199019622,2.0007403224706652,0.005599177596530462,0.4222724437713623,True
CR1L,3.684010535445442,0.12961567887475933,0.05908959036806174,0.6257149109900652,7.6677629756927494,3.4694170007238114e-38,0.6330084800720215,False
ATF3,8.10182534811813,0.34109513389883633,0.777658252994585,0.5516706381900611,0.39641667902469635,0.22432912328171697,0.7300972938537598,True
CENPF,4.073103898900414,5.7277590837315495,9.100373395624988,0.8484417918182245,0.046045499593019484,0.2586702789062052,0.7014213502407074,True
LYST,7.547382955119587,0.4641756655561531,0.17689155759387096,0.5228354808928677,1.8061907261610033,0.1866837643458349,0.7999618202447891,True
CHRM3,20.04208194517314,0.04924642742497322,0.01464751773770032,0.10054704778802193,14.745455757776895,0.3417871001454324,0.5919634699821472,True
ID2,,,,,,,-0.028026580810546875,False
RRM2,7.26065937448568,0.059016341995363715,0.07854136780142332,0.30548473872762694,6.886911884943643,0.2612522657748619,0.6131980419158936,True
MIR3681HG,4.651069270500273,0.030641574995768608,0.02573595273426984,0.19666612808286488,29.55362033843994,1.0355215469136913e-10,0.12082666158676147,False
AC010880.1,7.353283331172124,0.05386375751945743,0.05122868464739828,0.29779308763365986,12.014863777160649,0.24519843779167952,0.34824705123901367,True
FAM49A,6.792438295721569,0.028492202759508145,0.2452103196525963,0.2321825008514574,2.844476058748033,0.056854504429341896,0.2145315408706665,True
ALK,,,,,,,-0.16692733764648438,False
YPEL5,5.819496081229864,0.41961836092247284,0.6529087714948631,0.5197717548907583,0.49041764974594115,0.3633598912056662,0.7289074659347534,True
TTC27,6.5309210031625415,0.43473485243656534,0.1621491369617735,0.4540530887484945,1.63773775935173,0.1405754859206951,0.6926440894603729,True
LTBP1,4.951875564988289,2.9260051564937646,0.20614767098462838,1.0775518595677944,2.9008667707443236,0.23210458188474375,0.9410385936498642,True
RASGRP3,6.791138644741401,0.13093904304431786,0.17042693792291866,0.3728233727281747,3.3400703799724583,0.18642209905220056,0.6449801921844482,True
CRIM1,16.148469864473697,0.035469076229695,0.10645360407944253,0.15477679876413333,3.1052003153165186,0.21934255141172293,0.1132393479347229,True
SOS1,7.627366989808256,0.7678729543245053,0.06987611326665637,0.47077077257806715,3.8630989980697636,0.2162358729511264,0.8724030405282974,True
SLC8A1-AS1,3.32853836835541,0.028179754270575605,0.0148858778125907,0.17298290997558638,44.97012947082519,2.4127309127574996e-05,0.030274629592895508,False
SLC8A1,3.357030936919958,0.176481666628268,0.06823531108278598,0.691865025841961,6.881761329174044,1.47404755811615e-18,0.702679306268692,False
EML4,,,,,,,-0.048839688301086426,False
LINC01122,,,,,,,-0.03244602680206299,False
AC007132.1,17.699178567489195,0.07230320474004996,0.23354766787381515,0.16420585103026775,0.5112719277540843,1.5888852035707375e-08,0.4104847311973572,False
AC007381.1,24.32882189098238,0.046106752748592064,0.04027306652057494,0.05089605815552359,3.2794488197565066,4.0360754051948505e-11,0.7149184942245483,False
PELI1,,,,,,,-0.04967367649078369,False
LGALSL,15.390050793699086,1.6441978273048654,7.760937427053756,0.8079219275389586,0.1655091404914856,1.9698821020291663e-05,0.7281858921051025,False
MEIS1,9.232469202267444,0.18481817282510435,0.03845321747834299,0.32604305629913305,14.389358043670656,0.3417360384574225,0.7016197741031647,True
CNRIP1,,,,,,,0.007530510425567627,False
PLEK,7.992194767533114,4.882064957133579,4.765487142747618,0.728262793070042,0.08630386032164097,0.10641238600597319,0.7081495225429535,True
EXOC6B,,,,,,,-1.0507276058197021,False
EIF2AK3,,,,,,,-0.3256716728210449,False
FAM178B,4.437327551717342,0.9020486393108099,4.8950581724674285,0.7321360882330692,0.089270909105738,9.602553774195678e-25,0.5201421082019806,False
AFF3,5.313917890150776,0.3813105533057519,0.06442003804994999,0.8047209226120379,7.737644062042238,0.2236933297931878,0.7405268847942352,True
RFX8,20.007370426818095,0.062089817803915696,0.05319864489432229,0.11104314425937767,4.173889663484361,0.22979683675865584,0.6167852580547333,True
IL1RL1,3.1993507445385516,0.8247428781144428,2.4624473813392616,1.0726086139320226,0.26815374568104744,2.054904524317882e-26,0.7366088628768921,False
IL18R1,3.520943506134202,0.4316762054502113,0.12600595484858204,0.7515856389805188,3.8704029607772825,0.003924971138629977,0.7479724287986755,True
DPP10,,,,,,,-0.2795649766921997,False
AC011246.1,,,,,,,-0.10347998142242432,False
TMEM163,5.80853129133384,0.05804182150982262,0.06488445726306499,0.3016250340900074,7.433183228969574,0.1890287100203717,0.40989983081817627,True
CXCR4,10.551782589377455,1.7966387614500172,17.745005029372177,0.7068699497850399,0.04219793012365699,2.712917332308297e-19,0.1548054814338684,False
KYNU,6.48218278096038,0.03120633717462911,0.11886968760387824,0.23550510752588877,7.22995171546936,0.12939443940748713,0.08416110277175903,True
CACNB4,5.22678965810451,0.035078329874641406,0.03057413572571277,0.26790014171148824,20.037508828639986,0.0018092613899435479,0.3329758644104004,False
CYTIP,7.5462486654420475,0.09517355878344798,0.23615106347417433,0.3572040425929059,2.765110892057418,0.1922330894514917,0.4964488744735718,True
COBLL1,3.8508939177135524,0.10946644007831433,0.05811113784872345,0.6038032137146447,6.949801354408262,0.06872529758012905,0.3630790710449219,True
SCN3A,4.007576533334097,1.0134987052254374,0.42918216601010656,0.7186866324878219,1.0777659642696382,0.0747437790926884,0.9139631912112236,True
SCN1A-AS1,,,,,,,-0.7557040452957153,False
SCN9A,9.18346551576071,0.1793817337905475,0.3222988403208287,0.4132772969762746,2.1611095011234283,0.3134671255414295,0.7157098948955536,True
XIRP2,,,,,,,-0.27815306186676025,False
DHRS9,2.638020661535257,0.1683091421244171,0.8841658071631336,0.25600186163874034,1.4235610604286193,1.0990906637414734e-05,0.1404174566268921,False
ITGA6,11.63511637747825,1.7762859589800697,1.5066538448869737,1.1663956143351994,0.36770765930414206,0.09272213219729392,0.7030680477619171,True
OSBPL6,,,,,,,-0.13582003116607666,False
PJVK,,,,,,,-0.5284390449523926,False
LINC01934,,,,,,,-0.29103386402130127,False
PDE1A,,,,,,,-0.2578294277191162,False
AC009315.1,,,,,,,-0.32064032554626465,False
AC007319.1,,,,,,,-2.8697006702423096,False
CALCRL,20.08404965090758,0.027940673813588484,0.042657944287987595,0.09076194455081422,5.603899194995563,0.2975206730451441,0.37486666440963745,True
SLC40A1,7.21720533950632,2.2704756133218917,1.1530588501975576,0.7868417155043539,0.33148313865065576,0.3808054049222441,0.8635981976985931,True
STAT4,,,,,,,-0.5243351459503174,False
AC098617.1,,,,,,,-1.0996131896972656,False
STK17B,8.13691071182844,0.09758748309396406,0.06951867531636535,0.24265217687352994,5.954242820739745,0.279321255326804,0.5113120079040527,True
PLCL1,5.41197862696408,0.027204858930807447,0.02363551040489219,0.21607291149010194,22.71804110209147,1.6972232914350475e-70,0.31827402114868164,False
CDK15,5.362109470753781,0.15241499449597767,0.06837836164552362,0.3922391271827382,7.926650047302246,0.18362543534829182,0.7679093778133392,True
PARD3B,,,,,,,-0.8905153274536133,False
DYTN,,,,,,,-1.0125765800476074,False
PTH2R,29.68533550297546,0.010849850801052757,0.008381189845656445,0.06632425920257556,19.371340481440225,6.91166144006141e-16,0.026704490184783936,False
IKZF2,,,,,,,-0.11202168464660645,False
IGFBP2,2.4519731557299806,1.219330180590555,17.273785128526416,0.5871666741558117,0.02508467271924019,0.1353514647156365,0.23050498962402344,False
DIRC3,,,,,,,-1.3918838500976562,False
PTMA,15.712050172032995,18.34213492649524,31.982238633732326,0.9454239903699233,0.013029078897088767,0.4398271274241062,0.4072619676589966,False
ARL4C,6.727672794789512,0.7609752617293918,13.464198645290308,0.5518037589191062,0.057303242757916456,7.680392276172892e-29,0.22528952360153198,False
AGAP1,22.553002509800027,0.025036722352436393,0.014688886145632305,0.08875309556143997,13.5073495388031,2.0531188755800564e-11,0.622289627790451,False
COL6A3,17.22737099519957,0.7392582828893851,1.3499640092855747,0.8282385129322237,0.815769624710083,5.358646985752616e-06,0.8768201097846031,False
SNED1,,,,,,,-0.0474621057510376,False
IL5RA,6.6931934348912945,0.04353307967723059,0.1917009995086067,0.2638929743737736,3.4730918268362685,1.063866366934532e-11,0.30259615182876587,False
AC069277.1,,,,,,,-0.6696763038635254,False
TMEM40,8.316682253199886,0.9835025311553741,1.6329198059532635,0.7919286603920366,0.5412965482583751,7.976232106598109e-05,0.6802630126476288,False
SH3BP5,7.0868739837219055,0.10606378656070656,0.7705064751343066,0.280666006039334,1.0681663870811462,0.032022181523161844,0.10205310583114624,True
ANKRD28,19.99999894646314,0.0598624712459197,0.015000064960120968,0.1316210463108261,14.746273206516546,0.2882420532787591,0.5347651243209839,True
ZNF385D,6.347189214194252,0.15338198307477297,0.010334124099821526,0.35167106042446095,63.148344539006544,0.3019326033303051,0.6983292698860168,False
UBE2E2,5.857180668768152,0.02421582334820612,0.02449432226693483,0.23921184382714036,30.58696244716645,0.09988885799964473,0.12272322177886963,False
NR1D2,6.329860224906958,0.05742629256368726,0.16291004007493487,0.26338670089737537,5.756116461753845,0.3052537682012939,0.17561125755310059,True
THRB,7.426751078464007,0.04808757230109766,0.05204835619183417,0.28246544762732734,13.952459642887115,0.22561636315132805,0.07806360721588135,True
ARPP21,13.497596155405828,0.49098604023144027,0.055643616224207694,0.2243711219004704,3.0886125802993774,1.3794255865754247e-12,0.9474139027297497,False
CCR9,4.224144101894541,0.46492434991895976,1.417380542900468,0.6439516761235252,0.3083121330870522,6.948594953090079e-18,0.5486056804656982,False
DOCK3,,,,,,,-0.4795818328857422,False
LRIG1,6.029558257319872,0.026772354360841865,0.09779329540348261,0.21439247008860077,5.3599786281585695,2.2711298714457828e-21,0.5224922299385071,False
MITF,5.428924176549252,0.06301407999246297,0.08055264797913407,0.34440290467533285,6.305377682050069,1.3473745326801922e-17,0.24811631441116333,False
CADM2,,,,,,,-0.4221160411834717,False
AC108749.1,22.065225617683943,0.014828326687704755,0.04498850379577514,0.06432467300945195,4.617682150999705,0.23126931899016534,0.0898522138595581,True
PROS1,4.384745605006852,0.7949848555410154,0.4750925931274481,0.67570532444828,0.8925009888410569,0.2611026020652758,0.9042142257094383,True
ABI3BP,7.814660980196542,0.03461747645564009,0.12800675668749684,0.18781673718308267,3.6089016608397166,0.16582608518669312,0.3121910095214844,True
NFKBIZ,6.63363626686518,0.6524947802735555,1.3334594210086144,0.4510335706853644,0.1900413791835308,0.39032368455028793,0.6347486674785614,True
CD96,5.097416088179266,0.03032047358821567,0.09693211822878278,0.24927227287493728,10.869070196151736,0.06828006630950544,0.2226862907409668,True
PHLDB2,7.427026910946941,0.17898495337700251,0.4136734264566263,0.38723829481226213,1.4202216800053913,0.20400220797464916,0.6153989732265472,True
LSAMP,44.26076275745125,0.021170568534659262,0.005163745552091478,0.060724235122355925,29.300142351786295,4.2517885783401914e-16,0.6707204878330231,False
AC092691.1,17.92001188622489,0.009922933164758289,0.004006023778423365,0.0478673675501932,53.508314037323,1.349846377455976e-12,0.5161678791046143,False
POLQ,6.235497463565036,0.16464065679737794,0.17808352089981583,0.34466600345522497,4.544630467891693,0.3465930085042602,0.7281586527824402,True
CD86,17.406139886994133,0.06288861272615229,0.06481918964870746,0.10644957090176572,2.585413129329681,2.156102858141089e-17,0.8570120930671692,False
MYLK,5.147476893528922,0.4375722200856234,0.6888109755963358,0.34702281420089853,0.9460387556254863,2.0825704041536612e-11,0.19462519884109497,False
KALRN,16.794953459506182,0.09739431355952491,0.05186119307063916,0.1602266901283997,2.126391792297363,0.14001561613490743,0.8724486380815506,True
GATA2,6.882160461061911,3.4036438642558404,6.154504274203239,0.7151858955876419,0.06729515802115203,0.21142128909999477,0.6439180672168732,True
GP9,,,,,,,0.16180497407913208,False
TMCC1,,,,,,,-2.4120290279388428,False
EPHB1,25.92310676681825,0.024620037661544976,0.02049238860200078,0.1197406178402271,7.080382506052652,0.0009461823202592137,0.1489301323890686,False
SLC9A9,4.747320470574711,0.24957058505081772,0.06467283945808584,0.7148039644465163,6.635409529209138,0.09141027594416105,0.7309790551662445,True
CPB1,,,,,,,-0.012607336044311523,False
CPA3,5.614410336033389,9.094735373153211,3.167056035997667,1.1848545122721872,0.17781637698411945,0.09096384425529142,0.8157612383365631,True
CP,14.84197372288084,0.08627257431222995,0.5498259971906804,0.15158575243585232,0.41827711865305905,0.21050399748062412,0.025464415550231934,True
MED12L,7.146533724420159,0.4824888929977517,0.06988590698487089,0.6303220422304506,5.384635219573975,0.21589818436713645,0.7910342067480087,True
P2RY14,,,,,,,-0.5371181964874268,False
SUCNR1,3.5076879193901704,0.9146353864886089,2.8003666744752818,0.6389909001539451,0.15321336932480337,0.2728526188717791,0.6329303681850433,True
MME,5.517744860685245,0.6565254362314186,0.09437410992905192,0.34505756758284584,4.128830646077791,9.35892958387011e-19,0.9079595431685448,False
MME-AS1,10.789025054433646,0.02965642242192917,0.04097426960493478,0.11767570603852004,5.6542987775802604,9.136339821363154e-18,0.6258885562419891,False
MLF1,,,,,,,-0.005933642387390137,False
IL12A-AS1,,,,,,,-0.38473761081695557,False
PPM1L,,,,,,,-1.164745807647705,False
SERPINI2,,,,,,,-0.08964347839355469,False
WDR49,6.160443405914838,0.064446579918515,0.0359768463996272,0.2720344177972427,22.61037826538086,0.24202696307485147,0.5072229504585266,False
MECOM,7.134583225549948,0.08906465049517896,0.05499290324079244,0.30984915855179357,11.20617751121521,0.20151618501224386,0.4496142864227295,True
PLD1,7.385757919742199,0.0282243494298386,0.02220386763511501,0.23944528357970238,16.667712192535394,0.12490899172847543,0.2605299949645996,True
FNDC3B,7.757134901366714,0.6401061171410035,0.06933157326485795,0.6357054924346889,5.920016169548035,0.33319277554225457,0.8264355659484863,True
NLGN1,,,,,,,-1.1815571784973145,False
NAALADL2,,,,,,,-2.8210537433624268,False
DGKG,6.8373139724720975,0.026740536508292594,0.0254003203735963,0.1958261430735625,27.12729721069336,0.16702453557270847,0.13496613502502441,False
HES1,1.9785834030383123,0.8178024213936157,6.237066476816275,0.6987094953021123,0.06066640093922615,7.700525081891964e-73,0.09989845752716064,False
TFRC,,,,,,,-0.1793884038925171,False
CEP19,,,,,,,-0.15092456340789795,False
SPON2,,,,,,,-0.16940104961395264,False
STK32B,,,,,,,-0.1663435697555542,False
CLNK,20.189680028197,0.03545839803910196,0.04203754422098718,0.08377777181053939,3.5376611709594723,7.369392562256715e-27,0.6151767373085022,False
CD38,8.672368424898725,0.1035205437281542,0.22124019628244218,0.26133723827294475,2.469171085059644,0.2387406682164654,0.24136066436767578,True
TAPT1-AS1,,,,,,,-1.644920825958252,False
AC093898.1,,,,,,,-1.0413761138916016,False
KLF3-AS1,,,,,,,-0.48698627948760986,False
RHOH,5.912842807941322,0.3481371721179181,0.22441076161791332,0.4860185897568939,1.387701312303543,0.31394856879073596,0.6054268181324005,True
RBM47,7.022202105557558,0.07859648305677229,0.044712195842401735,0.28407620643997583,10.917217826843261,2.9053787832606892e-15,0.45974069833755493,False
LIMCH1,18.258512195778355,0.05958923259951623,0.06128074778795422,0.14442596894475004,4.889840592278374,0.23769895910462463,0.6759893894195557,True
ATP10D,7.688644849066602,0.2251904136733388,0.35041894851683636,0.588069818664032,0.8808162331581115,7.116196277528579e-42,0.6794157922267914,False
KIT,10.50855076501709,0.6990867590276076,0.6816779410551196,0.8812654614217891,0.6272479113936424,0.04549002044287449,0.7740659415721893,True
UBA6-AS1,,,,,,,-2.8126635551452637,False
AC111000.4,19.113507836336144,0.06094032392123544,0.025498308130662947,0.10222615417929408,6.725502237081527,0.04657050858887693,0.7729204148054123,True
JCHAIN,2.3601898860498842,1.660541691730231,11.771641858922662,0.38835699633621373,0.09454308112151921,8.18421586542189e-07,0.2418198585510254,False
SLC4A4,,,,,,,-0.06960010528564453,False
ADAMTS3,19.90766935405141,0.02029561954805939,0.02775089990386164,0.08143567485179366,5.579767656326293,0.037334178481729305,0.6173594892024994,True
RASSF6,5.099108208753947,0.11340361261458531,0.41440608075230834,0.4530706392603724,1.6138947799801824,0.14326677500791543,0.5552203357219696,True
CXCL8,4.678237953080576,0.2175314341847076,3.183722372309267,0.327578747778872,0.25651994347572327,3.141700384091445e-10,0.16896837949752808,False
PF4,,,,,,,0.639439195394516,False
PPBP,,,,,,,0.798092246055603,False
CXCL3,5.67288366842073,0.6536348217823135,4.493085901934368,0.91059059377065,0.1024569846689701,1.7810860360494396e-14,0.41407740116119385,False
EREG,8.05149699939474,1.5729110181713215,2.622755941966361,0.886942933011965,0.1778674024343491,0.30829966032801204,0.669447511434555,True
AREG,4.767897332465915,0.11386682261314574,1.5876813312374536,0.31139775917364265,0.4301661940084563,0.0006879054417169976,0.09705764055252075,False
PRKG2,8.02647729462594,0.13432836935804177,0.12657207123561104,0.4051914703790574,5.497566080093383,0.24467657855265082,0.567925363779068,True
MMRN1,11.796235297294375,1.6925524193680788,1.6633960574105566,1.027570493990224,0.33710241615772246,0.07988124390981856,0.8105547279119492,True
CCSER1,,,,,,,-0.1455976963043213,False
HPGDS,5.805141639789064,1.7108881050931413,0.6066098806756788,0.8476208283548252,0.7724300283193587,1.761870520623361e-24,0.8636929988861084,False
UNC5C,,,,,,,-0.2518317699432373,False
EMCN,8.863226101285095,0.07594251213822406,0.10316769766124693,0.18627631311158663,4.5722476164499914,0.22326840026614253,0.5087984204292297,True
BANK1,6.074885108332342,0.32139331566065493,0.23525593739028644,0.6625052091035307,1.709993589520454,0.13830588702997965,0.7667163461446762,True
CENPE,7.472872199785926,0.4796990352148689,0.6152540888301984,0.33203813959307393,0.8347752293944359,0.1940910568170418,0.7211615145206451,True
AC004053.1,28.783663213170783,0.0013026675306984543,0.0003499282111971932,0.00021433182421371356,666.8574600219727,0.0007740679735722423,0.09289157390594482,False
AC096577.1,,,,,,,-0.0790562629699707,False
LEF1,9.358414595793386,0.29923110790148755,0.09596769796575287,0.34094335235889256,2.4211010909080506,9.72312717431131e-12,0.8524721413850784,False
CAMK2D,5.770049013226132,0.05996896428371561,0.06700660588455715,0.278836816917028,6.92690642674764,3.8554836637308606e-19,0.7117917835712433,False
USP53,13.227107810166284,0.0485033020864837,0.15741071880764052,0.22778549092969091,2.8209290504455566,0.20828150796422118,0.10723131895065308,True
AC097376.3,,,,,,,-1.4482150077819824,False
TBC1D9,19.161681032998448,0.03901478722904146,0.06789286259434858,0.06899185794237388,3.2009230256080627,1.6808555719578082e-08,0.25849372148513794,False
RNF150,8.632806393355883,0.03422330692999957,0.12210298519090555,0.1553626473370059,4.637323173880578,0.25678866792285027,0.04739588499069214,True
INPP4B,8.554862104113523,0.1103099179562547,0.02543897036102145,0.3448449512064447,24.075234603881835,0.26863464392933706,0.5565744340419769,False
AC139720.1,,,,,,,-0.7492843866348267,False
GAB1,19.999998585465324,0.012981051878932733,0.019504026225293087,0.06077033584735943,8.85967833062013,0.2453774723474439,0.021052539348602295,True
AC107223.1,,,,,,,-1.5459656715393066,False
GYPB,6.490986402154878,0.04735387100471575,0.467530437219028,0.25458023307287053,1.1144346384207404,6.354837193179539e-22,0.07495051622390747,False
HHIP,18.340249659916225,0.03757267231363158,0.04951878561625841,0.12874986502898714,1.8206030130386353,1.6638263723379528e-09,0.44570982456207275,False
SLC10A7,10.956326181649883,0.09686321437849768,0.08316562970977033,0.4724512510628386,3.4651425933837885,0.07380922040187492,0.3102841377258301,True
TTC29,,,,,,,-0.12790465354919434,False
NR3C2,,,,,,,-0.25690770149230957,False
LRBA,8.750146959897313,0.290537506197684,0.03844100797337892,0.3051193277664319,5.980957267284394,0.2991858829528551,0.6611790359020233,True
TMEM154,11.757610139634485,0.8366336448726353,0.8683741360037349,1.2141946711125506,0.6626305210590363,0.06743713325006256,0.6839470565319061,True
RXFP1,8.608195252397035,0.037261795289287254,0.15293440080925472,0.19909062447941764,2.6449410438537595,2.2433208901569814e-13,0.1560874581336975,False
RAPGEF2,12.383884571517253,0.10867435730679399,0.04236644828316118,0.23860994170971883,9.131378738880155,0.2641358065783092,0.5112610757350922,True
MARCH1,9.423514583082904,0.041107339184554545,0.2923128124183382,0.20561397851187996,1.5385584324598311,7.347014527667158e-15,0.2888822555541992,False
SPOCK3,,,,,,,-0.09130406379699707,False
PALLD,14.115874635718995,0.05323505155781552,0.14491327257019426,0.14375989111937942,2.3718469133862734,0.18550013678145183,0.06684786081314087,True
HPGD,8.921709600066768,2.9320536304781823,0.48334154391624573,0.5993581767103986,1.7236509758896297,7.1881589995203925e-28,0.8486886620521545,False
GPM6A,,,,,,,-0.29874372482299805,False
STOX2,5.177766594002364,0.03738612992723407,0.06812663902132911,0.24803036075789636,8.690369629859923,1.592632005462701e-22,0.21665740013122559,False
ACSL1,9.276711949478264,0.04800873071098486,0.153790433835329,0.22090844388139752,4.91529480099678,0.28287778107942607,0.12987130880355835,True
C5orf17,,,,,,,-0.6767942905426025,False
CDH9,21.711407922501273,0.015117415779922079,0.026908537469432732,0.07238385177452661,7.877691501577695,0.24693852853928994,0.13230443000793457,True
PDZD2,24.62536015190708,0.023869542269354605,0.012645853017968608,0.08220074098510957,17.018876878023146,0.3516123425307134,0.3969026207923889,False
LINC02160,,,,,,,-0.349484920501709,False
FYB1,5.210240537473319,0.7656486959489025,0.516538231044461,0.7145769744737748,0.8859770929813386,0.2141538092171313,0.8034338653087616,True
FBXO4,,,,,,,-0.31651806831359863,False
PARP8,9.701513777829163,0.08162062330662817,0.05868729917075974,0.33539859699287256,9.507155013084414,0.24535118447398904,0.6076492071151733,True
FST,13.683497949588785,0.42252816853088704,2.1586877775172617,0.6085490163532428,0.47807576358318327,2.819136560266369e-05,0.7464527189731598,False
ARL15,,,,,,,-0.14668810367584229,False
PLPP1,,,,,,,-0.0405118465423584,False
PDE4D,3.345574837786842,0.11789561094636662,0.050471590609179835,0.23491731816180075,32.430130934715265,0.001857248854671139,0.05907517671585083,False
ADAMTS6,,,,,,,-0.09305286407470703,False
CCNB1,3.8792308488432043,1.15364296316339,5.338810592631865,0.615894448805444,0.07829060576856135,0.20142528251440645,0.5236862897872925,True
S100Z,6.2175728967353106,0.1207710201179035,0.12351441645921638,0.3479943395498576,6.85789266427358,0.25445687561098057,0.5087804198265076,True
CRHBP,19.557967176574202,0.04008892778202738,0.01889413208993526,0.11613056938429557,13.946457386016846,0.26109778515832993,0.6213247776031494,True
SERINC5,,,,,,,-0.8230353593826294,False
ATP6AP1L,,,,,,,-1.194298505783081,False
VCAN,18.40777195360696,0.4373753914696793,0.17892705365865771,0.18839779415528282,1.2405269116163253,2.112974382437082e-09,0.881922259926796,False
KIAA0825,,,,,,,-2.034863233566284,False
ELL2,,,,,,,-0.13601529598236084,False
LINC02147,,,,,,,-0.17839133739471436,False
LINC02208,4.79897714015458,0.01708323561909591,0.008246039111060484,0.18471725458684407,104.10775900522869,3.9318961800280036e-21,0.048216938972473145,False
PRR16,,,,,,,-0.10886895656585693,False
AC008568.1,,,,,,,-1.78379225730896,False
C5orf56,,,,,,,-0.5181548595428467,False
SLC25A48,,,,,,,-0.10539364814758301,False
TGFBI,11.997299506093778,2.358804077545355,12.869691121425818,1.7628733817811095,0.15367698104431232,7.392428759273085e-09,0.7640257328748703,False
EGR1,3.2079398489829676,0.627783563945297,12.473753167114142,0.5450940521149508,0.03013285456225276,0.12681202151248425,0.05904126167297363,True
MZB1,3.229212505524952,1.9308826279091562,22.096239489681842,0.7833551809633714,0.01970246756449342,0.20168100238090506,0.30258655548095703,False
PPP2R2B,,,,,,,-0.07758104801177979,False
DPYSL3,6.50250687871625,0.14021762647041047,0.36122108840908834,0.3797863143372697,1.6587145119905473,0.21706321831278758,0.500459223985672,True
CSF1R,18.23358562944806,0.35899257937281603,1.2868645063065731,0.17087412399500157,0.24456375083989562,0.00029286020550941996,0.5211475491523743,False
LINC02227,29.184210908202175,0.0543002835404787,0.024303782066007706,0.08330129742632492,7.5730603641933865,5.724025572162536e-11,0.8551076501607895,False
EBF1,18.175572868517328,0.41413817031140543,0.018794648753990843,0.11275239373162238,6.716079282760621,1.2991015413353965e-13,0.9546153508126736,False
AC113414.1,,,,,,,-1.3446719646453857,False
HMMR,8.404780636826313,0.5838668725175238,1.9889410199610675,0.45140358206822884,0.3298572601543533,0.22199378238423548,0.5898985266685486,True
RANBP17,,,,,,,-0.4479687213897705,False
DUSP1,10.174431773938018,1.3157479708495856,4.773008029074676,0.2926800982691853,0.03628660412505269,0.3253996137719145,0.6766707599163055,True
COL23A1,7.362875253733353,0.054544874742926276,0.06827494610477695,0.2389190601049362,6.651520166397095,0.0039328378331823345,0.4827496409416199,True
LTC4S,6.311535309402629,0.7512803277316251,3.1914436896492124,0.7481208332913702,0.12890668764710428,0.1850858006493713,0.5501932203769684,True
F13A1,15.977437024443967,0.21898587277976997,0.12067255857957425,0.1792867337676357,2.328875852425893,8.999923351075144e-07,0.9069742783904076,False
LY86,3.9435437028868825,0.5836978872231039,0.47979864188835664,0.6814878461901597,0.9363053401311239,7.250064791091361e-27,0.6915856897830963,False
BMP6,7.089289636602903,0.03178690772937955,0.12173789229136003,0.22331985611315475,5.005987368689643,0.1459010836277026,0.21532487869262695,True
GCNT2,,,,,,,-1.2447946071624756,False
NEDD9,5.562603975250542,0.07592993379979282,0.06000526878732279,0.29046507996327686,14.709569120407107,0.12167956268662021,0.3214602470397949,True
CD83,5.7700341344421275,0.04221099153338172,0.267518386106558,0.20364966705112889,2.970678055286408,0.15217706405167775,0.44684410095214844,True
GMPR,5.069161245288155,1.0497733965249592,0.5571682667042211,0.706944104185201,0.7886544030904771,0.3881746919268582,0.8003377616405487,True
CASC15,,,,,,,-0.5090184211730957,False
CARMIL1,12.31694262628812,0.040824349902975864,0.04727610558028768,0.17141471512113568,8.665647268295288,0.2290244377104473,0.21405476331710815,True
HIST1H2BC,6.481464166818999,1.182969644513686,1.5981669290262954,0.8663201052455833,0.2720900872349739,0.16160480871452182,0.7336270213127136,True
HIST1H2AC,6.066693147218185,1.8076800913200028,0.39466937753427495,0.6169035680426711,0.7669618025422097,0.22684988431765818,0.7697204053401947,True
HIST1H2BD,8.140220880408146,0.3529514741592741,0.36026409301942175,0.5119908618481926,0.9431676149368287,0.1596696192174735,0.5979915857315063,True
AL353759.1,,,,,,,-0.1810673475265503,False
HIST1H2BJ,4.869581381094321,0.20037596139037814,0.1743665041152613,0.6560972839051388,2.35629238128662,0.12309437567415935,0.6789289116859436,True
LTB,,,,,,,0.1225849986076355,False
HLA-DQA1,7.475024539921191,0.11379566622307918,0.8097755156447435,0.3309756314157072,0.8049711327254769,0.1631255410515816,0.4410380721092224,True
PACSIN1,3.896691022849912,0.5735799116417922,0.9305183679253055,0.8714322321975007,0.575426502227783,0.12667703003482852,0.8300524652004242,True
TREML1,3.5214799787789364,0.6409458754792132,5.917429354362943,0.15288087136914177,0.11215635668486354,3.148903585211532e-05,0.13904398679733276,False
TRERF1,,,,,,,-0.3866795301437378,False
RUNX2,,,,,,,-0.41845905780792236,False
RHAG,3.1298420359014276,0.0945980392896956,0.7620239057988443,0.3029660432873376,0.49922185868024826,2.112746858000504e-12,0.26680368185043335,False
KHDRBS2,,,,,,,-1.6729004383087158,False
KCNQ5,8.266731546768792,0.05502112708988055,0.00613265077720007,0.2631452047238845,103.28855998357136,0.28524833067553046,0.27623212337493896,False
TENT5A,,,,,,,-0.27175652980804443,False
BACH2,7.4592602348004435,0.044405452053627704,0.031284238587348794,0.3259810958544916,18.57744192017449,6.018061750759322e-49,0.7361776232719421,False
CD24,9.581313084388023,0.41031548494011877,2.6929075866805703,0.30233930097148093,0.15309767874578634,9.692063368487624e-27,0.5349565148353577,False
KPNA5,,,,,,,-2.3768675327301025,False
MAN1A1,10.115279708321106,0.23731876173260388,0.07270526906216537,0.2556157345449475,6.221850163936615,0.3052067548295402,0.6475610136985779,True
NKAIN2,22.763296979897742,0.01336615532711189,0.0010639009670994385,0.08048309078776177,204.3761040814718,0.2808931447616957,0.1649785041809082,False
RNF217-AS1,,,,,,,-1.138000249862671,False
ARHGAP18,7.188596033427898,0.4537867004350364,0.48528449012167113,0.6478734272152679,0.6852378165721893,0.16071842724161553,0.7980120480060577,True
ENPP3,15.609428930441208,0.12149157350981622,0.037236054216718856,0.13078556564175878,6.114364203612009,0.24074306203341708,0.8736194670200348,True
LINC01013,11.017418513626282,0.10827840933794226,0.06928885672519662,0.1099336852589827,3.7053907489776607,6.14180598211385e-15,0.8252144902944565,False
PDE7B,,,,,,,-0.27994346618652344,False
NHSL1,,,,,,,-1.2363653182983398,False
ADGRG6,19.232103790534037,0.09631570424464417,0.11056838623060301,0.13255816686502278,2.379455040560828,0.3061644832462018,0.7682867348194122,True
AIG1,8.971966790696134,0.07123797854946302,0.12025018543523981,0.24330423717466892,3.061197191476822,0.15307232303002066,0.18499606847763062,True
STXBP5,6.054571306205685,1.1824149685612135,0.0661732843211827,0.5969363393480357,5.38837978363037,0.3505774417663726,0.8970508277416229,True
UST,,,,,,,-0.31004440784454346,False
PLEKHG1,5.87032069687317,0.033409141612631546,0.042986668676890195,0.2479827607923568,22.11778362751007,0.1781148180744977,0.3492286801338196,False
MTHFD1L,10.512199798073826,0.08635134510655845,0.10598957921159188,0.3106644335096373,5.974258641004562,0.254081584877526,0.4247385263442993,True
AKAP12,19.30444124819338,1.653721670664707,0.3741202762097764,0.34058783737232134,1.0148068189620971,1.8430436344829328e-13,0.9330222457647324,False
ESR1,,,,,,,-1.7363834381103516,False
SYNE1,,,,,,,-0.14048027992248535,False
AL589693.1,,,,,,,-0.15996885299682617,False
ZDHHC14,10.828706993674896,0.05347779484727245,0.08772136949761077,0.2600927209418266,4.1696457087993615,0.18892474384007552,0.20332401990890503,True
SYTL3,3.3429714868826808,0.06405149814209704,0.0464807360461784,0.28777319741613405,8.499023155371347,0.00019902408704539196,0.34359872341156006,False
PRKN,,,,,,,-3.0053482055664062,False
PACRG,,,,,,,-0.2504696846008301,False
RPS6KA2,,,,,,,-0.20000910758972168,False
COX19,,,,,,,-0.8582702875137329,False
CARD11,4.720737241211656,0.21283636762042754,0.18534134172493086,0.6639860203631514,2.2474158167839056,0.055498007676729355,0.4896853566169739,True
THSD7A,8.19859754116827,0.06874286420988558,0.136179481108405,0.32717510667338373,4.884349393844604,0.13803621225407414,0.45870476961135864,True
CRPPA,,,,,,,-0.44257211685180664,False
HDAC9,,,,,,,-0.08234453201293945,False
ITGB8,4.3698290283064525,0.2667643809691479,0.15240445675075837,0.7427866125122915,2.7434680402278904,0.04075909822754397,0.6372966766357422,True
RAPGEF5,20.94824211445642,0.02219324555556492,0.03319057538189274,0.06908669922088148,4.429299156665801,3.4643245038504443e-28,0.5351230800151825,False
GPNMB,12.638468885983297,0.43227085066353504,1.4224752964930247,0.4952874024865153,0.4184961073100566,3.432966689511138e-05,0.8236989825963974,False
OSBPL3,9.35527889437145,0.08084417503375328,0.0930194635244227,0.27824105451414743,4.624042987823486,0.08854038650324161,0.4531756639480591,True
JAZF1,,,,,,,-0.0562129020690918,False
CREB5,,,,,,,-0.13254988193511963,False
PDE1C,,,,,,,-0.29455018043518066,False
BBS9,,,,,,,-1.3516793251037598,False
AOAH,6.361018455579427,0.19638759127615044,0.09475247785880983,0.3799089121083917,2.865730969905853,0.25231307981430845,0.6394344568252563,True
ELMO1-AS1,,,,,,,-2.4942686557769775,False
ABCA13,6.037529474394444,0.04277888459852687,0.09970837113866945,0.25470635981217393,6.374411918123562,0.11107577321777418,0.318498432636261,True
CALN1,6.83103923751554,0.10477464063748272,0.02918119760566255,0.3343391034002306,20.422786326584994,0.2705644214326139,0.5262989103794098,False
HIP1,,,,,,,-0.9476659297943115,False
FGL2,7.97754716627825,0.7624953261007434,5.592767075252628,0.17253616282229653,0.06351384948939086,3.6227602227232624e-07,0.2917659878730774,False
MAGI2,,,,,,,-0.9002026319503784,False
CD36,4.3104811995842764,0.1932291396539613,0.3078261210125582,0.5546184982072658,1.2372627639770504,0.09467475449300854,0.6124840378761292,True
SEMA3C,4.275031660577723,0.3168803853272085,0.15454068070952548,0.703486577116766,3.057649855613709,0.1948557442628301,0.7793388813734055,True
HGF,5.488675541607656,0.29728322188016754,0.536893751226126,0.6291540808406164,0.7055120766162872,0.17233893785606422,0.6101604402065277,True
PCLO,,,,,,,-0.133034348487854,False
ABCB1,9.061905503447447,0.149912766236144,0.24936004562209332,0.42557215351747707,3.4235412615537646,0.3203837282178503,0.5830798745155334,True
ZNF804B,21.22852844369434,0.0061124297459406104,0.006046813600836481,0.04587106860159998,24.46109773635864,1.5048469512069214e-16,0.016243278980255127,False
AC002454.1,10.171774228905388,0.08891057306527916,0.07494940761783243,0.25146826329067234,8.744397640228271,0.19196332948213476,0.3114086985588074,True
PPP1R9A,,,,,,,-0.005248069763183594,False
NPTX2,3.939467904769313,1.8334036344798983,4.92421519653897,0.9826052500158503,0.10760361772030592,1.6160061142893857e-18,0.7064416408538818,False
TFR2,5.072766681030486,0.6516021204551842,1.2245481593152852,0.7187336293012424,0.3208525747060776,0.34933816087612996,0.7372069954872131,True
SERPINE1,,,,,,,-0.01268625259399414,False
NAMPT,4.698882288400984,0.0893288827587231,0.17304957947582622,0.10554630507528578,4.531852267384529,0.26321061892575076,0.0989336371421814,True
PRKAR2B,8.391352163368369,0.9158144494435763,0.8413033271461462,0.7325132950206055,0.47795802712440494,0.27540920261850727,0.7834779173135757,True
CTTNBP2,3.712867944738679,0.6846819047008607,0.28044678965387115,0.7134563191435451,1.7803968447446825,0.37370916632201495,0.8890370056033134,True
CPED1,,,,,,,-0.3128542900085449,False
MEST,8.151978535020433,0.9855583359737419,2.1794175232378863,0.640087184227238,0.15918755739927293,0.14544658789965365,0.6290982961654663,True
PLXNA4,5.306179236596315,0.046179381461653894,0.051750940688844754,0.2679620460496432,6.923084306716918,4.63194054474557e-31,0.49560606479644775,False
CALD1,17.425440186805037,0.08965471734493197,0.054738357694866756,0.20227291736560118,2.058417534828186,3.0337704161400455e-05,0.7623484432697296,False
MGAM,5.1827883020343135,0.028251744135745497,0.10376984715862071,0.17315133662322285,5.510627388954163,1.1862734105743852e-12,0.014271080493927002,False
PRSS2,7.269174269097537,1.3954994972829575,16.736170104510336,0.5785325403926306,0.05222008209675551,4.376668311265597e-22,0.38744378089904785,False
TPK1,,,,,,,-2.0357160568237305,False
CNTNAP2,5.253348114182807,0.0557175088606889,0.008868486309369079,0.27331907505632747,65.99465127309163,0.038996632775268894,0.391679584980011,False
DLGAP2,20.142471305654343,0.00812210330381635,0.019264629826879993,0.08054984539922225,11.336141559812756,0.10539118612202314,0.050353825092315674,True
AC246817.1,,,,,,,-1.070385217666626,False
DLC1,5.192685869836215,0.6134231244137957,0.6506465591722967,0.7891322437442673,0.6881610149145128,0.3143039886317647,0.7918546348810196,True
SGCZ,,,,,,,-0.11295902729034424,False
PSD3,5.572599398415569,0.01864751914837638,0.04763460556102604,0.21677007233365206,9.955020070075992,6.31848348995321e-14,0.2571660280227661,False
CSGALNACT1,2.7574440007641448,0.1018342698412737,0.0592887189101662,0.6350348568878545,6.282234334945679,1.9652124775817526e-62,0.4421783685684204,False
TNFRSF10D,,,,,,,-0.5960532426834106,False
RBPMS,6.4020907681320125,0.15522349074247702,0.11970478871559939,0.3700800606884941,6.654812340339025,0.3316886057319337,0.6582896113395691,True
RAB11FIP1,8.848664987657962,0.10344541045432289,0.2160101853167335,0.3131602798326044,3.3611416455109913,0.23002755083148854,0.2167409062385559,True
ANK1,6.259492433174246,0.6122506911988351,0.5524766087001386,0.8910983788124333,0.8706352534890175,0.36198577536650844,0.856048047542572,True
ST18,,,,,,,-0.9992307424545288,False
TOX,,,,,,,-0.11853241920471191,False
CYP7B1,8.20697202408069,0.02392662197966379,0.02014372032329455,0.2344568364276032,23.91682997703552,0.16950062513659792,0.1394873857498169,False
AC104232.1,5.447855776806049,0.021630357412511226,0.03993526461232417,0.2349074101814522,24.38960640192031,0.20787227694119392,0.18507128953933716,False
PREX2,19.374713869261647,0.04338138728634754,0.051250231736135306,0.12322965191822849,4.5262175559997555,0.21338431140013822,0.6250373423099518,True
SLCO5A1,7.01764345882574,0.02799312749672259,0.09821306679560475,0.21724359353530773,6.557037653128306,0.1360576297905469,0.07277321815490723,True
IL7,,,,,,,-0.49514639377593994,False
ZNF704,,,,,,,-0.14496910572052002,False
PAG1,10.149139178241276,0.06556816230790916,0.099538992122333,0.3231893627747699,4.928475856781006,0.09691433678408476,0.5744232535362244,True
CA1,,,,,,,-0.2806413173675537,False
RUNX1T1,2.854089242199229,0.03080723185929909,0.12238716557231885,0.20762816216250285,5.014609098434448,1.175517512018193e-08,0.06319701671600342,False
NCALD,5.312540885145481,0.03435084071930931,0.023429294267321037,0.23884077267722162,45.414581522941575,0.25657828594411447,0.05189692974090576,False
BAALC,8.737932481051276,0.48037270693033013,0.295746062500573,0.43077400158467966,2.564819267723295,0.31816653462025635,0.7046791017055511,True
BAALC-AS1,,,,,,,-0.4224722385406494,False
ZFPM2,14.037155111985015,0.00509337736543209,0.00601329184536293,0.10711816446286984,40.85307165781657,1.3452517739771687e-15,0.023624956607818604,False
ANGPT1,11.081845995388743,0.8031032699697471,0.21885567011775742,0.7756901592074158,2.2937373876571656,0.33365591675696354,0.7867098450660706,True
PKHD1L1,11.038269436322354,0.2339824330900791,0.08491037146344695,0.3889090130050094,2.4130431175231934,5.113433001487625e-07,0.8819726407527924,False
EXT1,3.6525186532953806,0.2300354288263858,0.04118270868992151,0.7114174085718081,11.600296411514286,0.08665543876946741,0.5650373995304108,True
SAMD12,,,,,,,-0.4517585039138794,False
AC068413.1,,,,,,,-0.49894917011260986,False
ZHX2,,,,,,,-0.17838454246520996,False
TBC1D31,,,,,,,-0.7685542106628418,False
MTSS1,8.121328340581085,0.3203658753872823,0.16563711753453475,0.6749263247202636,2.72545441031456,0.2863973386719875,0.7932825982570648,True
CCDC26,,,,,,,-0.15734851360321045,False
PTK2,5.742979522592301,0.05102535328847473,0.07311802304424293,0.2760679319282053,6.597611367702484,0.19915772543866955,0.20223039388656616,True
PTPRD,,,,,,,-0.14985108375549316,False
FREM1,4.38138445206397,0.24236182479602789,0.11579679224891747,0.710056579570857,4.3773399496078484,0.2817809730563845,0.739566832780838,True
PLIN2,8.343456150545656,0.38346490684132595,1.1920018490902249,0.572789243174392,0.2692578086256981,0.1340058602430121,0.49306708574295044,True
PAX5,5.238715528737271,0.6421954032938301,0.18550080838493951,0.2751914853441443,2.556997525691986,2.0779472405755898e-16,0.9492679461836815,False
ANKRD18A,16.786527122167634,0.07867188948424167,0.204425725107655,0.13338852268931317,0.9725771605968475,0.10472060874605235,0.7484197318553925,True
MAMDC2-AS1,,,,,,,-0.11639070510864258,False
MAMDC2,5.331194015422135,0.7815776059354376,0.2844627357745348,0.6401310596350039,1.481068875789642,0.32835805043703936,0.845881924033165,True
TLE1,4.335408760285152,0.1370131518928005,0.3164155638609075,0.3195434084297401,1.6222901154226725,6.616523202130639e-27,0.4644489288330078,False
FRMD3,7.0750752074681555,0.010586343136223853,0.0127569183543221,0.17270697836649293,37.7362756591373,9.265456008117592e-06,0.06619364023208618,False
CENPP,8.624663647343942,0.05077439800342403,0.02484933203489483,0.27180510142212955,31.985381469726555,0.3025211476171295,0.42188727855682373,False
ABCA1,7.407778215213933,0.07493957259443643,0.21257259068182197,0.31218269199137205,2.8732423096895214,0.2286005434198641,0.4512803554534912,True
SLC44A1,5.946366038831009,0.33476103976903226,0.1582758812791986,0.617568686619902,2.256886761188507,0.16338633892092422,0.7675224095582962,True
PALM2-AKAP2,5.072232628433274,0.7287179569436503,0.3653681620339174,0.7586585492753919,1.159840468168259,0.10701898145090939,0.7217126786708832,True
PAPPA,23.355765320757687,0.016318668805682304,0.11819875665760302,0.05477647340780802,1.0460269451141357,3.910591207421146e-12,0.34724700450897217,False
FCN1,12.121895212794946,0.48577096066973,0.5452994111379188,0.7765940535382779,0.7272448480129242,0.00041705319560595837,0.8499235361814499,False
LCN6,12.68317339587147,0.11944653042757847,0.2996779752931484,0.0979425638036833,0.6357289751370747,2.2411714511578043e-12,0.662095695734024,False
ADARB2,,,,,,,-0.17230355739593506,False
KLF6,20.159649843312554,0.042426698979090814,0.038538987160463695,0.09957369878772707,6.401558997233709,0.27609354327804686,0.5243882536888123,True
SFMBT2,,,,,,,-0.2341245412826538,False
CAMK1D,5.238343242760499,0.6381105609419938,0.15286987582362732,0.49146599807131114,1.96128825545311,0.28359295422112424,0.6288778483867645,True
FAM107B,3.5877521576380125,0.35550694929123505,0.27813481497104664,0.5350860912083092,1.322598295211792,0.21326419983972356,0.6008676290512085,True
FAM171A1,4.117318673197215,0.39273924472681165,0.3110830030976834,0.6956282470124552,1.4695164477825162,0.22987109007707457,0.8208571672439575,True
ITGA8,4.648594297751624,0.038223823069897085,0.09022045178273862,0.23317727132768604,7.358171860376993,5.030002703657443e-22,0.40427786111831665,False
VIM,6.162963428639012,10.827826012572231,28.570635166025486,0.49786145420086575,0.01010511794127524,0.3049715315911116,0.4706699252128601,False
ST8SIA6-AS1,,,,,,,-0.8762946128845215,False
MRC1,6.734957134881309,0.6591754921448428,1.0407415253813124,0.9370673096615497,0.47721622288227084,1.4829805578645347e-05,0.6890089809894562,False
CACNB2,7.112718338249807,0.03915166088720337,0.028191114937772137,0.23319540245099768,32.33496286869049,0.17186154369991513,0.18740075826644897,False
AL157895.1,6.195125334765128,0.03439277307001142,0.05403727395726696,0.24282897471652432,11.112879308859505,0.17931196649062878,0.1275346279144287,True
PLXDC2,6.99210702689961,0.3480391660773983,0.06393821207195526,0.5682407252853248,5.266298403739929,0.20407497819479778,0.6807729601860046,True
MPP7,7.011808476024425,0.05790287417422144,0.0824759822802207,0.27403573591936614,8.069567948977152,0.20164843302339167,0.3730738162994385,True
SVIL,19.94927087124364,0.07577026577858109,0.07563888584677833,0.13587348977887723,3.0627490321795143,0.25780691654703525,0.6141004264354706,True
ZNF438,,,,,,,-0.438076376914978,False
PARD3,7.51424648344747,0.02860877916886136,0.0755218407000611,0.2098164179313906,6.875775162378947,0.15374804829507926,0.1479700803756714,True
ALOX5,15.156485710473424,0.10643198556282218,0.09164789050215083,0.11421623166590796,1.9201598260137769,0.04011130321979769,0.6612508893013,True
PRKG1,19.182740024308966,0.025487656523824162,0.0050554704915302395,0.10619264123408334,55.86183067657329,0.2704335666973454,0.3586776852607727,False
LNCAROD,,,,,,,-0.0494617223739624,False
ANK3,6.843822952355698,0.04309807266963259,0.04934360529674809,0.2164501282747826,15.339700555801393,0.24146564427443348,0.11136585474014282,True
ARID5B,9.044736511724645,0.11769307908940593,0.116211448179576,0.3486148785601945,5.033384950955709,0.17457382657367027,0.45891618728637695,True
LINC01515,,,,,,,-1.3814821243286133,False
SRGN,7.798788058098462,15.114481943216571,4.371378374872004,0.5059630351229684,0.061490251868963244,0.172762415366746,0.6110442578792572,True
LRMDA,,,,,,,-0.10225653648376465,False
PPIF,5.169390056311162,1.4581489543158057,19.468784257058562,0.4232538184419164,0.0326216507749632,7.072780034591164e-11,0.09521234035491943,False
SH2D4B,21.485162272836323,0.049712329541942095,0.04198102194070551,0.07881737431606325,3.356309585571289,1.0392654604188808e-10,0.86857670545578,False
RNLS,,,,,,,-2.034388780593872,False
BLNK,8.368508028853155,0.17596518099424693,0.10296702586605644,0.19773353682108613,2.961860972642899,0.0003231565347796919,0.7066035568714142,False
DNTT,9.246796396265818,19.233801183363575,8.574300619346062,1.8470640203758146,0.09764867473393679,1.7585143306695612e-09,0.9517377205193043,False
SLC18A2,10.016553520784871,0.7337947492715208,0.6347094123399052,0.6388263529735223,0.534509952598148,0.05770400561004254,0.6784582436084747,True
FGFR2,6.047726866946675,0.020515581368778683,0.13031527971939488,0.20067780432089663,3.8643404603004456,1.0119609699440849e-14,0.055689096450805664,False
CHST15,11.545602673603113,0.11036495581635769,0.12901709128576708,0.17440556262044127,2.196348388989766,3.817667129566449e-15,0.8319277912378311,False
ADAM12,19.65835787831342,0.08061594574457014,0.06335183694125211,0.11629872520966124,2.940423512458801,2.403530448065903e-08,0.7371274828910828,False
DOCK1,5.304609835453746,0.22986861212287302,0.12029072054043943,0.6888958691677496,3.5041595327854163,0.1579714847206121,0.5767923295497894,True
PTPRE,8.749498488239512,0.10042781647258221,0.4240745869422993,0.2716844826125099,0.9662907103697458,0.08471314162922687,0.554264634847641,True
MKI67,6.89102860653342,3.8305144049004447,19.874787510723156,1.101225342586654,0.030228435695171363,0.27911857008047025,0.6917547285556793,True
KCNQ1,,,,,,,-0.027305960655212402,False
HBB,2.65812888874228,10.589718873626364,56.820049663231494,0.5036332023455061,0.016745511959306895,0.0003648431505336467,0.48141729831695557,False
HBD,3.443868545876082,2.5383616291643802,9.768465100987827,0.7550024284054612,0.04583309277892113,0.2127214256809385,0.4395156502723694,True
MRVI1,23.74242646024537,0.014458090309117932,0.010319248657046134,0.08975110724558977,13.710824648539225,1.4845827397736547e-13,0.51141756772995,False
GALNT18,17.461279515808034,0.012149575648482307,0.04861707170059676,0.09788180262109067,4.2289882818857825,1.6663942536119105e-11,0.2592480778694153,False
MICAL2,7.244826219320731,0.0853479940111703,0.05756357653723623,0.3356004171045957,10.587933254241943,0.24891576391603476,0.7055216133594513,True
SPON1,19.098367272466184,0.09025548175998134,0.05228549429053616,0.110449650590451,3.2764126300811767,0.0012670903751017145,0.8437847942113876,True
PDE3B,20.18296278701879,0.01975781780413758,0.021658010113347812,0.08315287516401684,10.078391032748751,0.2782867797982559,0.5189209580421448,True
ANO5,,,,,,,-0.5565711259841919,False
MPPED2,19.862413209185757,0.015240258041357427,0.022360848721304817,0.08573022762972393,12.396499109268188,0.2980844021719887,0.03744548559188843,True
ABTB2,,,,,,,-0.14571154117584229,False
LDLRAD3,7.462690153876217,0.051378101961597936,0.04440594940573619,0.3104312064070651,11.940073362986244,0.24053520352211538,0.5344497859477997,True
MDK,2.738322077228326,1.5265263432979048,23.592551468682615,0.5854637110463266,0.017859013290144506,0.16831036167244107,0.13347047567367554,False
PTPRJ,5.041054988365486,0.03775124173752647,0.08400518292685788,0.25347525092152295,5.715740382671356,4.3161097696064876e-18,0.3181697130203247,False
PRG2,3.610558923664074,32.98422354647601,84.52728731894084,1.1853748338208396,0.007102461098693311,0.2285452474601201,0.7090990841388702,False
MS4A3,4.022505017992543,0.8954256687740181,1.0516002779505713,0.3803821389783609,0.9752086798350016,2.1363526029729478e-21,0.508002370595932,False
MS4A2,3.4782932631704835,2.9407262505442437,7.239568531553626,0.4795364066804639,0.09717691658064724,4.0572275733011506e-22,0.6372329592704773,False
MS4A6A,5.090069627985292,0.06796860315815725,0.3400995360324564,0.289130188169398,1.575431227684021,2.356415384492481e-18,0.3305841088294983,False
MS4A4E,3.8002815385607094,0.24064816558341448,0.19559860226962764,0.7118267408303126,2.2839465415477758,1.4785182996910383e-11,0.7433393597602844,False
CSKMT,,,,,,,-0.4028935432434082,False
NEAT1,12.223971855091182,6.934438641870242,27.493221487827018,0.6674117074858926,0.010807464011013509,0.38463992024823285,0.24855637550354004,False
ACY3,2.588325724210025,0.8490207390700371,9.982770125966505,0.36388706787308434,0.08896585268899798,0.008434349059541841,0.05765813589096069,True
P2RY6,17.92233834098587,0.03149703508226084,0.03367086107799563,0.06517905880274234,4.978957970937093,9.487893412668733e-13,0.7499204874038696,False
PGM2L1,12.640016262506771,0.10386086306725761,0.3087582992586908,0.3211298496836422,1.9913119177023568,0.23848380422117857,0.2463226318359375,True
GAB2,19.999998395162198,0.03013630594147701,0.017225401189537887,0.11068254687557279,12.737325127919515,0.08935122163425735,0.03271907567977905,True
DLG2,,,,,,,-2.0334107875823975,False
DISC1FP1,,,,,,,-2.0887420177459717,False
FAT3,26.31780441385655,0.02466036411950768,0.017676089725046144,0.06316958310386944,7.641122317314148,1.7430187540348633e-08,0.7468933463096619,False
MAML2,15.317915081427342,0.03284643236029877,0.02432340498965127,0.13028508051058446,13.94230741063754,0.2995112760573785,0.10590618848800659,True
TRPC6,3.191994251111133,0.29484853470449734,0.22413682080367658,0.7860144205418793,2.3111643540859226,0.1241058316829941,0.8060728460550308,True
PDGFD,24.427967051337863,0.02120423763996922,0.03783320295548212,0.07246906065215297,5.1967819372812905,0.28225474863632194,0.313244104385376,True
JAML,5.641395584973778,0.31249382191923714,0.7873252401705403,0.40718158243209784,0.7776717084646225,0.0791394020199055,0.7345461547374725,True
UBASH3B,7.29198047908016,0.22059093071355315,0.16520055698979266,0.6325709841038302,2.252665257453919,0.14116778962786436,0.33061933517456055,True
VWA5A,7.7823605909805,0.6709099659635395,1.3967348089205924,0.9711776967999307,0.3510932072997094,0.0013402999896930173,0.6670307517051697,True
NRGN,6.195381347909634,0.5138032634680858,5.183187106476657,0.3041684277904059,0.11806672682985664,8.614419738681359e-26,0.32681524753570557,False
WNT5B,6.797315148047987,0.06772870833502068,0.07781582838518696,0.3527282112557843,6.697184658050538,0.1717844613202295,0.7051192820072174,True
CACNA1C,,,,,,,-0.4771689176559448,False
VWF,9.815467042335554,3.6471985978640973,2.228094957687539,1.4219736410234822,0.29930629447102547,0.036277627281769004,0.8573436141014099,True
CD9,9.029617965180632,1.2627193143231603,8.968455624722719,0.517442133608204,0.09268860879043739,2.0452764483631885e-24,0.3899574875831604,False
GAPDH,,,,,,,0.031454265117645264,False
SLC2A3,6.673518209272037,0.6092172166728241,0.9798447896965221,0.6401765042471512,0.35695969283580775,0.21375612934341806,0.46128666400909424,True
CD69,13.63890839735812,1.470045166003938,2.5970650094227663,0.6499189538275238,0.10571148052811624,0.340270711281846,0.5787682235240936,True
CLEC12A,6.615987810233788,0.12549932285060994,0.1401783202872408,0.38892494010142287,3.8293718715508778,0.19954188174544507,0.6651265323162079,True
CLEC1B,,,,,,,-0.039394378662109375,False
CLEC7A,18.624889547693925,0.38714165658674027,0.3759569624284009,0.5017462880554102,1.4965594251950582,0.0005812617134307597,0.7937560379505157,False
AC244131.2,,,,,,,-3.5942482948303223,False
APOLD1,11.868687549790199,0.12203759437468936,0.09702967700326426,0.29027445786343176,4.7308478355407715,0.22464621175094796,0.633362203836441,True
PDE3A,3.6231965541942905,0.17095901001565653,0.05680307515325834,0.6657136285428055,9.12812876701355,1.194563009622378e-18,0.6958409249782562,False
RASSF8,,,,,,,-0.33187389373779297,False
FAR2,,,,,,,-3.13637638092041,False
AC009318.1,12.756593530522926,0.08561590508848586,0.3039835190445391,0.2695478195767022,1.4723693946003915,0.2538148019542644,0.26923757791519165,True
LRRK2,19.726347350536397,0.15593748234222352,0.26000921547458083,0.22519628971301447,1.4556462585926055,0.00019708865875908094,0.5415384769439697,False
PDZRN4,,,,,,,0.005296826362609863,False
TMEM117,,,,,,,-1.417806625366211,False
AC008014.1,,,,,,,-2.70566725730896,False
PCED1B,,,,,,,-0.42207396030426025,False
ADCY6,6.020925222254911,1.1853942614921498,2.102549520329514,0.97529660698073,0.2329738459736109,0.17985661253606633,0.7838064730167389,True
KRT1,4.020858516436612,3.7533644170419405,14.288441218098823,0.21106404054079064,0.016481638308614495,0.021696253279288567,0.10264229774475098,False
LRP1,5.352768037618336,0.4726951161661282,1.4544534435020489,0.7889029055159699,0.3023606318235398,0.00010977359953616273,0.5030190050601959,False
TAFA2,,,,,,,-0.4207073450088501,False
GRIP1,,,,,,,-0.7791074514389038,False
IFNG-AS1,30.594503385436983,0.009146615684621932,0.002554412224545373,0.06782165266509582,60.751847648620604,2.5512916523459466e-25,0.551950216293335,False
LINC02384,5.374968145067497,0.046814354629338854,0.10947366347593322,0.2452343794888938,8.566205191612244,0.2826046166159071,0.11226171255111694,True
MDM2,,,,,,,-0.18315744400024414,False
LYZ,18.276151409726054,21.945253978813785,54.01793101401885,0.7381359155315609,0.01807610497344285,2.0205386233727097e-08,0.7709462344646454,False
CAPS2,,,,,,,-2.926954746246338,False
SYT1,,,,,,,-0.622390627861023,False
LIN7A,5.966262081693026,0.05318847511493945,0.061542061354205146,0.2773115861516789,8.57656669139862,0.1340224951584997,0.49949079751968384,True
TMTC2,,,,,,,-0.05850553512573242,False
CRADD,,,,,,,-6.483251571655273,False
CRY1,,,,,,,-0.20634055137634277,False
WSCD2,18.439875048270377,0.020147050447319972,0.07145043481414227,0.06465318006759146,2.993014705181122,2.5266581808586736e-16,0.4462670087814331,False
ALOX5AP,3.0360718313122663,1.672231446348166,2.8524847174828247,0.3986064772450103,0.2041344052925706,0.00528341145699251,0.41499048471450806,True
RFC3,11.05045404098626,0.057186773415602556,0.0681176137593882,0.24239956390117734,6.122638161977131,0.2419603807592048,0.46914589405059814,True
LHFPL6,,,,,,,-0.7510185241699219,False
FOXO1,16.101257758905376,0.04694308797981303,0.04083110707519037,0.12990940133171705,6.566838068432277,0.27935254460458153,0.6361053586006165,True
EPSTI1,8.034490305927406,0.08057588245255125,0.2604884301295842,0.3027800955257057,2.151885038216909,0.26102009784909874,0.4032980799674988,True
RUBCNL,14.818549961014615,0.07657169718559896,0.10627645779459619,0.09609054859474908,1.5791685208678246,2.8066475078457094e-10,0.648320734500885,False
PCDH17,4.629920082507668,0.058469755639578354,0.29978626463254926,0.3464027252324459,2.289161388874054,1.1718879406025958e-15,0.3953776955604553,False
DIAPH3,7.772345750308158,0.203534200568129,0.1377786845096655,0.4192473309831476,7.06192331314087,0.36097271067583386,0.7825053781270981,True
PCDH9,5.683354897032859,0.7571019309820916,0.3091786602980456,0.7594403527465696,1.6012369430065159,0.32856152045212583,0.8195095062255859,True
DACH1,10.276833269815105,0.08245894463687402,0.029624256606322327,0.20021692177062841,14.381629710727267,0.35568437750426407,0.4337155222892761,True
NDFIP2,3.6687619680087167,0.35341283603390977,0.42321269746751833,0.581542040333603,1.032118971347809,0.2015648522762274,0.7615281045436859,True
AL162493.1,,,,,,,-1.1332406997680664,False
GPC5,8.128589563258409,0.021020275468353507,0.009190188859568345,0.1809053993790016,56.695045280456554,0.21186066722042537,0.06611019372940063,False
GPC6,,,,,,,-1.5569610595703125,False
ABCC4,5.881742796553458,2.6291083248260594,0.2842371872073633,0.8281696751563717,1.6506807750463486,0.35724617463707126,0.926692970097065,True
MYO16,19.783214130795937,0.010809428490640342,0.008830073271671825,0.07885209847928058,19.19920711517334,0.11068197547867584,0.486224889755249,False
RNASE2,,,,,,,0.02231895923614502,False
AC244502.1,,,,,,,-0.061301589012145996,False
CMTM5,5.045453499792735,3.148001716759677,43.776083056833535,0.5640698021088906,0.016886078359093518,3.812804792200802e-20,0.29458087682724,False
MDP1,,,,,,,-0.006340503692626953,False
CTSG,,,,,,,0.15139901638031006,False
STXBP6,17.83342000434052,0.04227305759576339,0.11220764684059394,0.07299035679173024,1.892488306760788,1.1969943382743091e-22,0.2975601553916931,False
AKAP6,,,,,,,-0.8609334230422974,False
NFKBIA,9.572018547488435,0.9122991133921025,0.8954699690078676,0.5367351020323234,0.3097430111467838,0.4389230857969178,0.7868961691856384,True
FBXO33,8.429957152359155,0.05138035083178333,0.10287864589204637,0.19880265325131888,5.595298503041268,0.29291196856745466,0.11996150016784668,True
MDGA2,,,,,,,-0.170027494430542,False
GNG2,,,,,,,-1.3773293495178223,False
FERMT2,5.583785000244689,0.1817978601277709,0.3976836651367993,0.34341066667149234,1.3998345408837,1.8402803473288905e-20,0.6722740828990936,False
AL365295.1,,,,,,,-3.2953243255615234,False
SAMD4A,,,,,,,-0.039215087890625,False
GCH1,,,,,,,-0.08704721927642822,False
LINC02284,20.051751937065006,0.00590970098384312,0.005300486121192934,0.04351615774255481,28.48443202972412,6.836658405460348e-06,0.03259098529815674,False
DAAM1,13.023376884479296,2.0861100060120195,1.3241092447553913,1.3236431266335997,0.46284803420305254,0.06283164676630612,0.8572422713041306,True
PRKCH,20.82883898660976,0.03671892243463612,0.018788038984999495,0.1041677332719255,12.373902479807535,0.3611571268791474,0.5515515208244324,True
SYNE2,5.913436761086001,0.08908640979083648,0.28107862609174283,0.3076598782482759,1.2801888585090637,5.476007011703932e-08,0.29736053943634033,False
AL359232.1,,,,,,,-2.647630453109741,False
SLC8A3,7.607768502004004,0.05930695365451393,0.1056148003718932,0.2747665020180987,5.55867612361908,0.1315429106636361,0.25914543867111206,True
SIPA1L1,,,,,,,-0.33467185497283936,False
RGS6,3.1995165180669396,0.32295757201860237,0.02923879698133922,0.8525224639259775,19.20073356628418,4.662421149205067e-27,0.8296322077512741,False
FOS,9.369511176393564,2.079522582934169,6.948670915105499,0.39933354193801335,0.0312899299710989,0.3271390650302341,0.7031391263008118,True
LINC02328,,,,,,,-1.8486294746398926,False
TCL1A,4.770741560247489,3.4206707473319375,8.521249444439269,2.8958833201751975,0.4406486928462982,5.713238101580133e-05,0.602391391992569,False
MEG3,5.19502280264767,0.05969859348101388,0.8316356021518215,0.2994727416283276,0.7941366557776928,0.08289974306953721,0.18849539756774902,True
CRIP1,3.3636408021982875,2.333139855837283,30.697594485786016,0.562123240369548,0.010618311194702985,0.21754581475288773,0.15922528505325317,False
IGHD,4.876215493168557,0.13587732536665512,1.0519583601392086,0.3167169123555015,0.8075110852718353,0.05663872979728935,0.6019690930843353,True
IGHM,3.456216854428269,2.987836529364755,3.7583707380742624,0.9208071774775741,0.11765004023909567,0.2292461775774263,0.7083470523357391,True
ATP10A,6.454526123828794,0.038542186451596516,0.10471134360698968,0.2779755478200069,5.188357210159301,0.07756443339905231,0.2650452256202698,True
RYR3,6.8004709022768335,0.15669600563073918,0.04340288045502992,0.37884209924954826,14.559409437974292,0.26001335472770315,0.7742133289575577,True
DPH6,,,,,,,-1.7024998664855957,False
MEIS2,2.977129162890835,0.05759401065566949,0.12168725656113993,0.21785551758365082,10.857408714294436,1.6613124817756676e-13,0.1695106029510498,False
THBS1,10.961245472318058,11.63842845004916,11.84086130627414,1.6779258814667684,0.0686422549188137,1.2118136431217863e-14,0.921104334294796,False
STARD9,19.989030435014154,0.040728191821716254,0.06411257384860626,0.099858259858555,3.8706288377443947,0.27751563096059173,0.23771458864212036,True
HDC,4.47327745791862,6.04465595750277,2.327117093822449,0.9941167228969041,0.2354419469833374,0.24156699077289961,0.8839191645383835,True
LINC00926,7.155077413436931,0.060024133478483115,0.3416732253269928,0.32254005609995834,1.899711787700653,0.12762552942322813,0.6499892771244049,True
RORA,,,,,,,-0.24378454685211182,False
PAQR5,15.275013758080714,0.03229136792165526,0.05471084387358179,0.0940298895532489,2.985382436646356,1.0673891471807108e-05,0.6439983546733856,False
NRG4,,,,,,,-0.0830000638961792,False
ADAMTS7,3.861228710939664,0.49981897218815224,0.9895434468832901,0.6696936850068829,0.4431325227022171,4.426883488359732e-21,0.7239592671394348,False
CTSH,,,,,,,-0.17036068439483643,False
AC104041.1,,,,,,,-0.3898813724517822,False
SH3GL3,,,,,,,-0.04064047336578369,False
LINC00923,,,,,,,-1.4734935760498047,False
PCSK6,4.585526413821371,0.07062610919015679,0.04706315797527075,0.5985067899259834,8.03917350769043,6.841484762264865e-05,0.22624236345291138,False
TPSB2,21.615142556546864,0.04560981046222412,0.006967261035401257,0.12018701149472605,35.87386535008748,2.5805258868225385e-21,0.7066742181777954,False
TPSAB1,,,,,,,0.5427042543888092,False
TPSD1,3.6600062925096424,1.3267762413310529,6.126819613080229,0.9161455047650545,0.0747852511703968,9.396088503049376e-12,0.4105508327484131,False
BMERB1,,,,,,,-1.4263324737548828,False
ACSM3,3.137995856950727,0.1981149029815144,0.05694530022464465,0.22729331610844755,28.752138276100155,0.060251281138852426,0.05273449420928955,False
ACSM1,,,,,,,-0.07986974716186523,False
CDR2,,,,,,,-3.4369583129882812,False
LAT,5.890082017746922,2.994816150655938,29.257199023407004,0.5822103987445066,0.02766750967440506,0.19015900064167696,0.5857712924480438,False
ITGAL,9.017564979655884,0.6092856310262499,1.2049317848010919,0.7394073155384868,0.33107199579477314,0.24467229976778382,0.5275743007659912,True
ITGAM,4.593672688671883,0.09644812600401079,0.5095852241469144,0.29132062924613544,1.1028477841615678,1.3973343164839767e-18,0.2211970090866089,False
MT2A,18.105950014601987,1.482696291558911,18.90103409373005,0.7630757656174605,0.04762473978102208,2.8047015161939593e-13,0.31842613220214844,False
WWOX,,,,,,,-0.06572794914245605,False
C16orf74,,,,,,,-0.30583131313323975,False
IRF8,6.906911862859234,1.0951221289668294,1.5666348561054197,1.1194102523939424,0.35686383783817294,0.02325359136466113,0.8186136484146118,True
GP1BA,9.631993789929286,5.128694323921295,18.568894103573204,1.6539328556873258,0.042484195157885554,1.572385125498396e-11,0.7523384541273117,False
NLRP1,,,,,,,-0.03727078437805176,False
CLEC10A,2.0100409519031603,6.470123633435086,9.47039242539487,2.1056809419875404,0.11316325664520263,5.109145388271884e-07,0.9224099367856979,False
GAS7,5.771570596368342,0.08774555187939918,0.15805643127577867,0.31834946043060536,6.438187503814698,0.2675801526159594,0.411149263381958,True
ABHD15-AS1,,,,,,,-4.1668620109558105,False
UTP6,,,,,,,-0.11819875240325928,False
MYO1D,,,,,,,-0.717337965965271,False
SLFN5,5.513278105303886,1.0511262529548737,3.2565586199265035,0.8788212632760966,0.13863048255443572,2.4525117335218437e-16,0.7148773968219757,False
CCL5,4.227011229150287,0.305382590889287,2.3387578490779646,0.3403641746945798,0.18562782257795335,4.522143715429164e-06,0.22600561380386353,False
TOP2A,5.308850530671986,4.908223565563546,6.803362760943781,0.7438428929676253,0.0654437707364559,0.2627147562516516,0.8170165717601776,True
IGFBP4,7.398625174246367,0.20193662227085468,3.8377773663444237,0.45112475407798036,0.15573301274329426,2.828632014074537e-17,0.09107202291488647,False
CCR7,3.4196084236649376,2.4705563158384516,8.621429293062397,0.9949149995615054,0.05746246090158821,1.465005698422613e-22,0.7603455036878586,False
VAT1,,,,,,,-0.19286513328552246,False
LINC00910,,,,,,,-0.9891344308853149,False
ITGA2B,5.265599157545102,5.681068646134885,1.2374860889018227,1.1259036622313325,0.40201248049736027,0.3264277387247166,0.9063196107745171,True
AC008105.3,,,,,,,-0.23213934898376465,False
ITGB3,15.459603811302932,1.7717656318407844,0.8966126094625533,0.5362740958118984,0.3102272370457647,5.82336618821268e-10,0.9293089583516121,False
SKAP1,7.499084695634021,0.08800308169307311,0.07874878132357357,0.3003985507507231,9.727871278325718,0.28736547020459297,0.4295726418495178,True
ABCC3,19.286373883025416,0.14546235534546376,0.08216379932961172,0.20544539622610253,2.8866448402404785,5.17482580022624e-09,0.761258602142334,False
HLF,7.8328541801655245,0.16899256109449678,0.29724528751078955,0.427512433320566,2.194874077041944,0.23158484189744602,0.6779272854328156,True
MSI2,6.495379115923152,1.0098431816674323,0.09040529009814688,0.42614037668701577,3.3935993921756746,0.5174277255353705,0.7918644398450851,True
EPX,,,,,,,-0.10295939445495605,False
MPO,7.854497926627777,146.69636646853687,103.78259462135517,2.0060057790767796,0.008121877214871348,0.4999774799761898,0.9211926832795143,False
TSPOAP1,8.102120710792263,0.37317319821684414,0.7869942683223927,0.44048672572981845,0.8866395239531994,0.3703216687514642,0.7861769497394562,True
PRR11,,,,,,,-0.4879196882247925,False
BRIP1,9.489638016491073,0.094663374234924,0.08317384231054892,0.34084223711033146,6.65589816570282,0.27117363477413636,0.6275189816951752,True
ERN1,6.3699405715504565,0.03814280527412543,0.043444474271452656,0.19026686128825357,7.1748808050155635,4.1339451312948576e-128,0.38595616817474365,False
CEP112,23.07146080092517,0.012474954707833176,0.04498668868284154,0.07110786565283235,5.2821792203187945,0.21667755752641674,0.022103965282440186,True
PRKCA,6.294375776141374,0.026313409720701605,0.02991221012119531,0.25144582302796176,20.23771564165751,0.10752187586580891,0.31742966175079346,False
SDK2,5.391781836462131,0.29255395606081686,0.23582333524850707,0.6197863380264294,1.7561524271965028,0.25174523529893394,0.6346471309661865,True
H3F3B,,,,,,,0.08654415607452393,False
CYTH1,11.029882423574733,0.08033675529300476,0.1440892596102781,0.2287644174911575,2.6753482818603516,0.20926886587248686,0.5162375867366791,True
P4HB,9.567520055380518,3.6611755557160572,8.117076727490938,0.5417583349683586,0.03480033405125141,0.24483959793011428,0.5537106096744537,True
ADCYAP1,2.8450877706685125,0.7426044497459975,7.545924607304577,0.37891467635453,0.09102601919323208,1.5758101680035327e-09,0.2776099443435669,False
PTPRM,,,,,,,-0.2516099214553833,False
RAB31,6.516555970653413,0.07950582731523036,0.15781497092417038,0.3626909623318168,2.8863463173309967,0.045927371168227565,0.3746592402458191,True
PIEZO2,5.806095703447667,0.02964303243311041,0.07812377778394389,0.2535713713629834,10.862892150878906,0.20358474522278827,0.33394885063171387,True
CABLES1,,,,,,,-0.10171890258789062,False
RNF125,,,,,,,0.0005231499671936035,False
DTNA,4.839945018692174,0.024937966034978807,0.016163726361143486,0.22946486189065335,43.32609558105469,8.250046446810293e-17,0.4549778699874878,False
KIAA1328,,,,,,,-5.35695743560791,False
MIR924HG,,,,,,,-0.01627826690673828,False
SETBP1,3.4645955411624043,0.32335867898234494,0.1210411096248244,0.6961517056197566,3.7921092724800114,0.21413365832398454,0.764364942908287,True
SLC14A1,5.905285667440999,0.0324917408280764,0.026188408563191053,0.23698125748554347,25.340631243741075,0.16283768106562588,0.36973029375076294,False
RAB27B,5.533206067654721,0.20343542616596214,0.04147499283598219,0.41673933070787406,18.110723090171817,0.1578552689015299,0.7468412816524506,False
TCF4,19.966469099975978,0.3923429273538973,0.13374780521661053,0.1746881590916401,0.7956810593605042,0.31680953328349504,0.7964812219142914,True
AC027097.2,,,,,,,-1.9375793933868408,False
ATP8B1,,,,,,,-2.850666046142578,False
BCL2,11.303188299296647,0.1296955646303838,0.046967079755636965,0.34986908535316025,11.620335237979889,0.26896609199636096,0.6836009919643402,True
CDH7,6.926280577354655,0.05398769266990137,0.19541486379033768,0.3195063541115298,2.3015000224113464,0.06770916520149212,0.4487755298614502,True
CD226,2.4923250494131004,0.09797930443177869,0.055438933932258724,0.5771205898367092,7.650834980010987,2.2381185158889944e-08,0.5019672214984894,False
PLPPR3,3.345599046217656,1.4345151691868092,9.789620378829062,0.6612766107159894,0.04095258716493845,0.1437768949227388,0.4191023111343384,True
AZU1,3.486439548954866,31.89266561443609,19.360528278589662,1.1639522465721794,0.0304742593690753,0.19241368572595788,0.9045369401574135,True
PRTN3,7.652293120845058,37.887506904483146,35.41609105491974,1.6857996393732688,0.021820329241454602,0.3140950434915494,0.883105531334877,False
ELANE,7.273881415899691,40.24705227946268,55.54945946100566,1.85876006969527,0.01500161496922374,0.28203023139867317,0.8845923617482185,False
CFD,,,,,,,0.09440284967422485,False
RFX2,,,,,,,-0.26448822021484375,False
FCER2,2.3311551147120166,13.659458784920453,16.023239338549104,5.630142304660601,0.16260980665683747,7.185145290277259e-05,0.8920904695987701,False
KLF1,3.556475243962626,1.278711198076616,1.8274156792088594,0.7154789497416059,0.24115977421402934,0.33526096218557433,0.6633202433586121,True
CALR,10.906433001090909,6.092692589039381,3.381356913182302,0.667357868541066,0.1024765855818987,0.320806791314128,0.7245073020458221,True
IER2,,,,,,,0.02349567413330078,False
ADGRE5,7.223683455365886,0.1547153479747368,0.17440006106903527,0.28153664609549056,5.559863803386688,0.18294092983232832,0.28526538610458374,True
KLF2,10.025306235524234,6.493402268771025,26.04848660278915,1.5554893961288285,0.03241997703909874,0.2907028793956911,0.786286324262619,True
NIBAN3,22.212882970667202,0.15822758097975648,0.19017099637227536,0.19925754489288378,1.5890374309486812,7.1117448613037325e-06,0.5044320821762085,False
CHST8,26.368092190262868,0.008481632315348025,0.017332674920084633,0.0363027953468283,8.83170666164822,3.065134518690058e-08,0.24642091989517212,False
CD22,4.898198437183055,0.4243769084902082,1.1724783746126652,0.7425532121799955,0.3667285144329071,0.00035183250445799296,0.6531342566013336,False
CLC,6.152048800265888,20.730033680011843,5.4466051772952735,1.3545378695334418,0.13010113932192324,2.146364434068843e-26,0.8973837345838547,False
CD79A,,,,,,,0.08295971155166626,False
POU2F2,9.853655858779671,0.21824348300529267,1.4821957095143088,0.3995694473427741,0.382670671812914,0.1303541748918123,0.37394148111343384,True
APOC1,2.3866017486608495,2.8622510062449247,20.623373172197994,0.5872057658602716,0.02062968872487546,1.4240731061085793e-23,0.31081509590148926,False
FOSB,4.387350878556742,1.0380690847887317,10.08990584379557,0.597916469536519,0.04252544526010752,0.1986903170891476,0.4553428292274475,True
SPIB,5.21942133625774,0.20373524251049646,0.5545990638081442,0.4020448152590961,1.0772109793126583,2.3752855074213555e-09,0.6728180646896362,False
CLEC11A,7.39823589929988,3.8666231588498943,12.530830312450618,0.7152258384334371,0.025482509136199955,0.29697238248509517,0.484330415725708,False
SIGLEC6,15.001866615283191,0.2483485132103169,1.305485431229316,0.2308144896306365,0.25210797153413295,0.02188000523361845,0.5602842569351196,True
AVP,4.642607554148278,3.861618318809969,8.909343920874763,0.6525956152808218,0.04437254598364235,0.3000406473512712,0.7771990299224854,True
AL096799.1,12.231386636929809,0.019839807694347986,0.015516898708791306,0.09242569281717541,19.343100547790527,6.719730677892843e-11,0.45101290941238403,False
MACROD2,,,,,,,-1.1201989650726318,False
SLC24A3,17.805100399780653,0.02907325455179959,0.0022075903797888446,0.10057041728663627,98.81775330861406,0.20981516161220823,0.5716692209243774,False
RIN2,,,,,,,-0.4461019039154053,False
CST3,10.898688479561573,0.023571037192159385,0.02550422625136568,0.14544315723519105,14.749731222788492,0.06421950224223345,0.5679026246070862,True
ID1,,,,,,,0.14861589670181274,False
TPX2,10.524429007391936,0.6794367836597058,1.9153455554752443,0.42899520817559567,0.34156928242908574,0.22830049726894638,0.5868611633777618,True
SAMHD1,4.890471897719817,0.21699173735358848,0.47109579536264456,0.29784349405646876,1.8209227618575097,5.201259072485265e-28,0.5174489319324493,False
BPI,4.650411600963308,0.09942797647264195,0.4082219127843857,0.31068158157484455,1.3225456098715465,5.870777100996734e-10,0.44231700897216797,False
PPP1R16B,,,,,,,-0.12076973915100098,False
UBE2C,5.711242872383239,2.1734537882246463,25.23703338937141,0.5479646590163226,0.03326364015229046,6.765803131624094e-17,0.3366854786872864,False
SULF2,5.825519142384114,0.4361618476894298,0.31446168890326326,0.7282922756116591,1.3852723181247715,2.3798130591804274e-10,0.8171821981668472,False
B4GALT5,6.211159758174954,0.284439219631878,0.18761375170382377,0.40934936782843284,1.3645333993434905,0.2027216465472472,0.658286452293396,True
TUBB1,7.3026489136692945,0.40421810962475824,1.717217718536229,0.42324429988033246,0.2965105275313059,4.7941397339484935e-06,0.7686123847961426,False
MIR646HG,,,,,,,-0.4178413152694702,False
NRIP1,6.935948544324705,1.4592366708325153,0.16005128035945043,0.40294033853324396,1.6449429988861084,0.44564245345102577,0.904829815030098,True
AJ009632.2,19.8980203600202,0.3080417632417565,0.07060688380752103,0.13504915559674122,1.1973499059677124,0.4893500816869282,0.8840178921818733,True
MIR99AHG,,,,,,,-1.1985931396484375,False
TIAM1,20.160441898226228,0.03938296447414639,0.04795571246555048,0.14025946165268555,4.720599360466002,3.504194262514402e-21,0.46412283182144165,False
HLCS,,,,,,,-2.775311231613159,False
BACE2,3.98485406270359,0.8545682909207316,0.38023265204056494,0.7346795351064089,1.1486543691158295,0.14145871734789656,0.8379403501749039,True
ABCG1,6.824548242407209,0.05854518167288304,0.1633431340177946,0.3007847508271868,4.6881733351945885,0.267525020772408,0.33085280656814575,True
PCBP3,6.623698921801734,0.029073053881141907,0.02332276749840141,0.24187622776651124,34.266725635528566,0.16655921854081093,0.10026031732559204,False
IL17RA,9.92710907867885,0.44738808948519915,0.7061028710209974,0.6462881607334342,0.48268741607666016,0.2794418251025576,0.7258798778057098,True
IGLL1,7.082227112224874,6.459510177191799,31.481905923413326,0.7663107036337787,0.011749881953001022,0.29545759266005145,0.5443908870220184,False
VPREB3,5.482062203312363,6.407304183106834,29.125618714703403,0.6544157641780912,0.03139100919943302,7.346663454920688e-14,0.4897385835647583,False
MYO18B,,,,,,,-0.23944997787475586,False
TTC28,,,,,,,-0.7815395593643188,False
LIF,4.236174800900869,0.6459326600066243,5.91617122083029,0.5146387825482043,0.08856717776507139,2.6301527071707994e-10,0.24802488088607788,False
TIMP3,7.3469452925117205,0.28181880937233494,0.3677954565795957,0.3694394953812274,1.5452719581127168,0.22204444200485376,0.3285753130912781,True
CSF2RB,6.154797439332756,2.006151179649086,3.3743196580795707,0.8701296484161432,0.12347899228334427,0.29320237855219,0.7756521552801132,True
GRAP2,5.67447872316655,0.1948574351321422,0.06901633166376897,0.40640365055544386,9.032775564193726,0.10305597396878205,0.4764786958694458,True
SGSM3,,,,,,,-0.03369641304016113,False
AC079142.1,,,,,,,-3.095212459564209,False
ARHGAP6,3.5801809547887293,0.498494102229997,0.092224355506238,0.8842717019920316,5.757382535934449,0.12288721174451324,0.8327262848615646,True
CYBB,16.739753679397662,0.23321124713535357,0.43326980067250515,0.1857031858093827,0.9061817420853508,6.142302034392029e-09,0.6978386640548706,False
CASK,,,,,,,-0.7752054929733276,False
GPR34,5.538423859910822,0.24947861258213386,0.6971458762616719,0.6526606522781371,0.5413678318262101,1.3782560209368674e-13,0.5716704726219177,False
AL050309.1,,,,,,,-0.39147281646728516,False
ZC3H12B,,,,,,,-1.267082929611206,False
AL034397.3,5.527492172534824,0.7362544159340757,0.28492641474069164,0.43236136702317607,1.1653988528251649,0.334482592806269,0.7868064790964127,True
TSC22D3,5.204726913770793,1.3109072686421055,16.818659417462293,0.40774972765443596,0.03734915429260581,0.1867130899848998,0.18014085292816162,True
TMEM164,,,,,,,-1.1789429187774658,False
XACT,6.003812596373418,0.013805883202013834,0.0010168441906578713,0.20763682687750148,868.7252333068845,0.13567785556136694,0.05615711212158203,False
DANT2,,,,,,,-1.479250431060791,False
AIFM1,,,,,,,-0.21854472160339355,False
FGF13,,,,,,,-0.17860794067382812,False
AFF2,6.066063468439088,0.0726849007662701,0.040063536335705086,0.3338377779074323,15.286005935668946,0.20811525230019723,0.46591806411743164,True
FLNA,7.173173462544918,2.012811071800527,1.6920753462466351,0.7253196049646347,0.2124312597513199,0.15111637461918492,0.7449003458023071,True
CTAG2,,,,,,,0.003158271312713623,False
LINC00278,,,,,,,-0.8490569591522217,False
AC010737.1,,,,,,,-0.38753724098205566,False
TTTY10,,,,,,,-0.4577838182449341,False
