gene,nkeep,kap_alpha,kap_alpha_c,kap_beta,kap_gamma
DFFB,1658,5.912723022180818,4.076207215200942,-0.02405949941843483,0.16138029952344124
SLC2A5,1577,16.815251077850487,12.509484056288604,2.2171909138747594,6.181469427033781
CNR2,976,42.55016348123458,39.9387969136534,3.934023934718938,6.241152783977975
RCAN3,4156,4.923530889983836,10.499547153521418,2.7747628671329596,0.32996312568963365
CLSPN,4783,,,,
HIVEP3,3187,7.238051646630954,8.072622648603636,6.119507685094322,0.9251004919095736
PATJ,4739,11.632195300223055,9.860611841975741,9.948969846685564,1.3452346146345435
DNAJC6,3715,8.5598092673041,3.510205856057206,11.97408160360549,5.102571410441103
PDE4B,5349,9.01844640080995,11.893788687097969,10.696997095766262,0.864795070862329
SGIP1,3041,12.765490080634107,11.33034718003489,8.975027853645072,0.6854130752935075
SLC35D1,4423,3.926680090588265,6.381167289892299,3.5946010266209663,0.38670241250291715
IL12RB2,9538,10.041446659803476,9.287163395914066,5.138075003793157,3.4445266004125052
NEGR1,6257,6.812050345363443,5.324892678166095,3.67556864718621,6.436719627366025
IFI44L,1763,2.375051217638124,3.0909042353388667,2.292145533803228,0.6644563138238139
LINC01725,1509,31.036656014982878,26.945014270555077,18.460908453198524,2.2366236207826775
TTLL7,556,-1.3455238271667118,2.349952749007856,-0.29936043290499575,0.07816739721212965
COL24A1,10672,10.391526098514872,8.60861876508834,10.76586340677983,-0.9159317301904472
LMO4,846,33.25211261052393,19.449530114718506,26.63828950337384,22.523290049693834
TSPAN2,5059,4.717212879224373,6.292213340854557,4.20789865065544,15.070649064093022
SLC22A15,2396,13.440523206176524,12.811241436538573,21.93999780131658,3.6360207455227678
LMNA,2589,7.486885593810502,5.15809100432435,9.507035603485832,14.538386487572001
SPTA1,2013,8.170319290261205,7.172969137598399,14.158256317877632,19.58236114269193
MNDA,1508,2.53003571346927,2.663416320196401,6.780753390814847,1.589250361565953
FCER1A,2778,3.72270725426933,2.7503193346274406,-1.4637575767889703,4.252498896467342
FCER1G,761,4.892787800605977,4.222884436055442,-3.9025024748067505,-2.4431384054191234
PBX1,1937,49.788105619520245,20.69550243762394,7.476464563771096,7.69973555338339
SELP,557,3.3967264856119135e-05,-0.010001812299018484,0.00670708230507853,0.00013270620870495998
DNM3,887,6.34422056686767,5.675362414415939,-2.626111823873431,-0.16287107750504998
RASAL2,2618,7.47370222303956,5.164716461549067,-0.17895239320051942,1.694498967780145
RALGPS2,14972,8.159435407835915,12.765571422215922,8.256366170639842,2.025327173565459
ASPM,2106,39.7489090888468,28.94838186156236,28.894902120860525,31.49606732620476
BTG2,4252,8.841831398107178,9.15077599371809,0.6552527851786185,9.366588423763723
SLC45A3,1281,11.629076534452661,4.426677010310761,1.5988048907562964,6.521890599024056
FCMR,966,6.521170704099631,6.127418202798593,4.880282930535467,0.8451481990727782
CR1,808,6.093345348478491,3.5322491675395953,-2.1644020212708686,-1.9546118096879666
CR1L,663,9.533689517154544,3.3701754226217995,1.843027648427694,0.27583341821038326
ATF3,4711,8.845820653674728,11.520593715051286,6.853726637266916,2.3447863053219065
CENPF,2357,16.939315396507666,12.147574637621945,12.007844633058742,14.760160747579102
LYST,2318,,,,
ID2,174,1.5464337787552245,2.635475723341298,-0.7855444113613388,1.1119611601737782
RRM2,3965,10.015133992903195,8.630919710353094,3.131872468935123,-0.48603819869954956
FAM49A,2635,4.235938759793126,8.982781943752636,2.5158670623896064,0.07216505667206027
ALK,734,10.043854512145755,11.338973396354158,0.7255795253070453,0.49033911018911297
YPEL5,8295,,,,
TTC27,1477,7.993087218235277,7.4150981799848905,9.142245007205696,7.6137900407577
LTBP1,777,17.701952060027793,6.4784140812417474,50.60826404240221,34.24626210811503
RASGRP3,1559,8.013839502767903,1.3852840348811923,4.8559585737790565,8.068481655834454
CRIM1,5229,6.827778701403114,4.364765163795195,3.752117386463652,0.18572516368471936
SOS1,2378,18.697010708925323,9.027108613640134,-3.5919839847060064,4.554105597089519
SLC8A1,298,5.6796599297321135,10.15459845847488,-0.8321591159289835,4.148834684213885
EML4,6782,3.23053090665508,2.982890215493846,3.520634352672537,7.745234195009489
LINC01122,4971,23.722936898089074,21.02116034106802,15.40502489394306,1.0967591420999863
PELI1,6413,16.13124484125064,18.02594417970841,17.613246241347145,1.521928150482931
MEIS1,10951,13.589593643614617,5.257948096946643,7.605408879104167,0.7940869767665212
CNRIP1,1616,11.002987481482505,10.094249985839898,6.423704290197819,0.7724455353617286
PLEK,817,-8.76291357790376,-21.0602083884911,31.59596476063512,2.6447253610400647
EXOC6B,6078,2.2319351670292846,2.440639034337352,6.392548503284516,5.251668930620968
EIF2AK3,688,3.9632430106200287,5.705537540972155,-0.4191921079664169,0.5590363496075282
AFF3,4639,9.0479331207584,10.248908404368397,13.806803572635756,18.619902296686732
RFX8,2435,10.993999148775046,11.509915820125507,17.65997186957696,3.108767123565364
IL18R1,478,15.546027424142892,4.390846387857119,6.589551582710759,8.09626179791801
TMEM163,5653,5.122365954002925,3.2978474956446697,4.546371852393215,5.6708912680592345
CXCR4,595,11.17411633342258,7.339932432459214,-3.4686994267453874,1.9477726463989555
KYNU,1489,3.3056181510641287,2.7265634685835423,2.875628764735721,1.790648555510684
CACNB4,844,6.712135721498941,4.84545448719994,0.5874420535759501,2.3264808822404177
CYTIP,5160,3.041812875502122,4.202505408553739,13.953261586058119,17.32555148708564
COBLL1,983,11.155269474792195,9.250404380342639,8.830845247702145,6.032094332279649
SCN3A,429,27.01234612357781,8.282850459450113,9.776863232610927,19.34576941114635
SCN9A,8433,10.92977202011222,8.064455400780064,4.928864104133919,5.0752508726044105
XIRP2,3831,11.177538578154573,11.047333406195765,8.995902202957177,0.620213918476059
DHRS9,502,9.095423279920114,7.582625482750601,-0.1886311259045386,0.7865764076603182
ITGA6,790,-0.4249458271446913,0.7518865865906044,4.860489201508554,5.2786271288057405
OSBPL6,831,10.333096922419605,8.641825840494446,1.4264905827206167,1.4648514007591524
PJVK,1120,3.6710615108434412,8.184168992459613,0.9370244616934003,0.2848725667899457
CALCRL,6990,8.020150230406843,8.85584031361674,7.038173229334967,6.104778644380883
SLC40A1,4002,,,,
STAT4,2418,6.276887827692924,5.545665973051999,7.364307951470206,0.6226291909738269
STK17B,7669,4.726446371954928,4.524491842562933,12.350863103897725,4.122064859933538
PLCL1,402,8.864810311545396,6.98164271059568,3.229640128043159,2.4825064740546066
PARD3B,3079,10.749478517043222,10.838740108617456,8.44256520647561,0.6462638735452154
IKZF2,938,2.572148423563369,6.007279734076805,3.2730139860972454,0.8500299081306609
IGFBP2,1667,0.22213522978729275,1.6501434421149612,0.10485348058516754,0.13420163012599792
DIRC3,1422,32.34580595760454,26.064226556670384,7.458956718007859,4.5262891338804225
PTMA,12019,,,,
AGAP1,248,-0.3287702141025262,-0.08655881810142828,1.1558733203202212,0.6793927805099519
SNED1,2535,8.59785870014131,8.527473544645373,3.8594726986364565,0.45561656905427844
SH3BP5,1318,0.6899968017344745,2.6415838701033816,1.3669493597475617,0.2168602310224108
ANKRD28,11036,11.7615214188473,10.222884667442836,7.122628826640678,0.21670876115821416
ZNF385D,8093,7.0954029913952334,5.705887417689025,7.968218672743629,7.182122782883217
UBE2E2,2083,10.103005849086646,4.731132191881487,-3.5082031067978616,-1.563809961174684
THRB,4273,5.815815067766772,5.496295548163496,1.395454812019269,0.40243850821138794
DOCK3,4394,4.678062125542446,4.145798886329945,0.5336571560215537,3.0499298606555976
LRIG1,105,-0.7236607904792556,5.191396014594815,0.6020941849734328,0.4649865721553373
MITF,422,12.431559581593225,32.277439308381204,5.674734715075168,6.363239221683772
PROS1,968,21.09064688331732,4.437819477384817,29.43244993466691,10.895723210899355
ABI3BP,1666,6.27881046279454,6.078046116299361,6.577125484835798,1.0852601281528524
NFKBIZ,8364,10.52811829851827,13.33257038443817,9.800615238824115,0.6057011281335991
CD96,2131,8.059257568307691,8.59242881899404,4.145761448604164,0.5742172583818156
PHLDB2,2740,7.456344432597415,13.735403220663025,8.054177621694151,7.884959877278609
POLQ,5341,7.6701240371614885,13.157711764331463,10.343128999949242,5.652422539054639
CD86,128,10.621556187531036,8.500237493688998,26.098843224794955,10.304425942112122
MYLK,416,2.142052606684822,2.2956694824970367,0.3627215861345763,3.044640688835363
KALRN,519,9.903358397141602,5.794215691081262,25.158132062980446,9.048955381764012
GATA2,3223,11.501301127402229,6.412900280844497,9.941027426596117,9.090794268173722
TMCC1,8584,10.811697011997007,12.549795674953131,9.493300771863725,1.0514835747121223
SLC9A9,1018,5.568455014771285,3.0451604337778804,19.971230789906514,10.699287283048948
CPA3,830,18.759031350960562,15.17443466107723,4.714682295232503,18.364733032094286
MED12L,4489,10.660842330941572,4.568145640482891,89.56696766814086,9.537697695572653
P2RY14,1036,1.9256214079007374,4.306614931741377,1.4280714979875262,0.1326601745549672
MME,438,-0.006112427678308893,0.34968502727796824,0.12962737550761289,0.09246455025214345
MLF1,1528,10.18161874363048,10.971440274902283,1.969625963742053,1.5635955948400786
IL12A-AS1,2329,10.12367631255047,7.139316069257766,-1.8465454728210575,10.945135854783969
PPM1L,10422,20.029116983751603,21.051391784541803,17.217124405185988,1.5734334794945846
WDR49,4325,3.8739993779935147,4.478598535005367,7.179036241090193,0.9962466996863231
MECOM,4079,6.230897476989543,5.643541752120108,4.211164020430509,4.1983995312384925
PLD1,3110,5.656942994756979,4.933607506543613,5.502278592484754,5.491441556557158
FNDC3B,5482,11.871758012448435,11.89233563732463,73.3120112913195,9.598119297265853
NLGN1,4018,8.897574910239216,7.889644168259146,7.033279228427799,0.6818062442188461
DGKG,1577,9.304233877115317,8.428001188803636,5.507548976631938,0.7091518278011587
TFRC,3598,9.187896657772265,8.581018966385024,16.607943723368376,4.182879849581316
CEP19,2177,-3.7610705787092433,0.7165146541147683,-1.367494324879394,-0.24895831318205147
SPON2,2136,3.528277649884819,0.7384830751712458,4.864683490945203,1.5007138790898307
STK32B,4174,5.268192572740798,4.233292077979198,6.959631078080683,6.791466517329429
CLNK,594,10.415536670149281,6.916353557553514,-1.6399933910339504,3.1348808369356616
KLF3-AS1,3205,18.789958436528853,18.803326836871072,11.660208825502098,0.7859653195288376
RHOH,9482,5.001764286647648,4.360798018755349,13.84709585108165,11.338747912381228
RBM47,233,-2.5782876594572866,1.7686218920573729,0.5319023689508431,-0.6198003783162702
LIMCH1,4335,5.30487633515962,6.931885801166116,11.319385393820342,2.823190556024503
ATP10D,405,-2.465868284070419,1.0299872317579781,0.1522493572502817,-0.051438375940575626
KIT,2123,-2.7183585863612105,0.03180718869038471,-4.385616868538333,1.5488032833455432
UBA6-AS1,2409,37.88936456124546,10.150372076776582,7.639698970790318,6.594426182916055
AC111000.4,672,8.057080286108844,7.778819964603197,5.055480159363811,4.670523605477112
SLC4A4,454,7.764356095970266,7.748024218095297,0.303186360183193,0.6305230890721348
ADAMTS3,1599,8.281256421939782,7.621909713049529,1.4780807418535546,4.403193974286697
RASSF6,1498,4.063509664185372,4.123934982067021,7.0833199764500945,1.6189481974877362
CXCL8,473,5.338715304608789,5.689861660131313,2.391534664360059,0.3582294348149823
EREG,4993,12.050550054088161,12.322459549010832,8.438439911455418,1.9028949856156119
AREG,1204,5.707834020619554,7.231713933574063,2.371512241024305,0.752746508599001
PRKG2,6392,5.573782685370418,4.379557946195664,2.750287771420917,-1.2539110192946559
MMRN1,1613,9.229552205026488,8.956476474400853,-1.130952148447269,-1.324106180455485
CCSER1,6479,6.214433705341985,6.892050246587507,3.352115293235024,0.7623653158877607
HPGDS,338,6.117901534420099,3.2944578705527365,24.035141177639495,17.367643068543646
EMCN,2639,6.00400538548871,6.308023778625017,11.591404416016639,2.0993929660145274
BANK1,1010,9.53107765894741,6.022082318300974,11.220314662129175,1.4181566430296497
CENPE,1816,,,,
LEF1,99,7.8705023760733255,5.138115083376624,24.93927545406519,16.01425312071822
CAMK2D,539,7.3934419048976405,36.89777003647716,3.296726959803168,15.799757527255865
USP53,4855,5.7980898552614315,5.464720811733289,5.3917678487236005,0.28517803123267704
AC097376.3,8165,6.992521002997844,10.192899767535074,3.291314049115092,2.0491840787042976
RNF150,4344,13.95352920460381,10.698509787053796,2.790414775240259,2.2602656043894576
INPP4B,8622,5.165680454533402,2.655592792225905,11.148388704986296,17.07341616838636
GAB1,1449,1.5409750394541273,3.3592407044404804,1.0903395064446064,0.4552532989780119
AC107223.1,3480,10.441229500504578,4.307018075648289,6.6636632279366905,3.379648597169954
HHIP,295,-2.7834267220915963,-1.4600018711117027,0.11963082114488334,1.0094689995731931
SLC10A7,2385,9.854853513358782,7.355618811117389,12.768512117236874,10.175458344899154
NR3C2,919,3.7070378002517916,4.726315282881914,1.6135472351843836,-0.8189256923158222
LRBA,16724,,,,
TMEM154,661,16.40164710950166,14.727754943459242,4.7374286397232135,8.17689459353585
RAPGEF2,12216,,,,
MARCH1,189,,,,
SPOCK3,2817,20.01869274976083,17.878499650560794,15.739877833206474,1.3953806364393206
PALLD,3434,5.546250305196208,6.469298573656725,8.70083934599614,1.7751521034328275
HPGD,436,17.284662925701124,6.1758399613369415,28.88578830689126,7.8265159207012305
STOX2,889,7.130796653559731,1.7853933998412597,0.6139791050974889,1.9745300880258152
ACSL1,9572,3.319295602575934,8.682177636077132,3.465775529704396,0.13476259422450326
C5orf17,5602,2.821511378876422,1.874741256887421,6.893045960145441,1.4804435489514054
CDH9,4295,5.585606560661097,5.443518101989177,6.899311306197878,0.8019828085150615
PDZD2,6031,16.40580027306327,16.979987106846988,19.770181186342683,1.1187801353752547
LINC02160,1164,20.47006952328397,19.456343789045608,13.846402548758684,0.7143500736377381
FYB1,4307,4.563936442115318,5.579523566155683,4.380102171953791,8.151395560105875
FBXO4,4990,1.8370365503789075,4.221741161756336,0.5358466102734505,0.13925261499440664
PARP8,4576,4.648541469258172,7.124429307941735,10.41770927770706,2.5455917927918246
ARL15,4560,7.716295630916807,7.3796741465336675,5.597812263490392,4.397270458653262
PLPP1,419,2.841323109894836,3.5233681982122453,-1.565361329099751,2.024977493610616
PDE4D,730,15.382004685229186,5.058847518095629,0.4522387489279654,0.7516242435701164
ADAMTS6,4077,9.37501237803625,9.588542062161036,11.237229021576601,7.106382553139798
CCNB1,1591,,,,
S100Z,5657,8.525596098796155,6.027978239326296,6.48046781242773,3.9236779287090124
CRHBP,5643,5.72527223717588,6.328731422354011,13.244360569040694,2.3474523394341036
SERINC5,1664,6.469379048363359,6.06635723032844,-2.1003226171194846,-0.42358511121536246
KIAA0825,5195,4.191181876219018,6.751476892159282,4.775054715579639,0.7089471681901812
ELL2,5275,7.144247797695908,9.027154070168917,1.4672086311532229,-1.1780437118074774
PRR16,4139,20.47017573713782,18.73808425106295,16.30188076366474,1.1979513733885343
AC008568.1,2458,13.347768750218435,11.830121198241365,9.003768045458347,0.48622492275925855
C5orf56,4656,18.27358600655072,16.83910290228651,16.142904212487714,2.116447242698851
EGR1,1378,19.326096507784957,15.478177032602012,0.07997252157618695,2.040941669758744
MZB1,2997,2.385579925495691,1.4584812594348053,3.2654634802159452,1.8459052904849313
PPP2R2B,1800,12.645994395274462,12.425870178663091,6.6246184215858115,0.6550865858333975
DPYSL3,3770,6.438719426643953,6.258226955631977,4.402264354241386,6.579842227909324
CSF1R,238,1.3085734088868424,3.646790333693986,5.395483191098343,2.057471336452101
HMMR,1637,11.354794123045401,13.669739827901605,3.796844819941351,5.943341914718596
RANBP17,3886,7.5036050961172265,7.816531357350993,9.217630685998436,1.075539607704375
DUSP1,8361,18.18247764703695,54.418394483038114,3.630210545606318,11.929777417925466
COL23A1,805,7.857873585600942,6.10709226354208,3.5673496899551345,4.5092364889236665
LTC4S,4127,4.147204061124335,3.5812076560845383,2.39061672888042,7.672356617346345
F13A1,390,9.256664407466634,16.619288261986508,14.020246334594722,6.596953857896218
LY86,487,6.749097777350782,7.323130683549288,1.676970843751049,9.368026196770812
BMP6,1758,10.382469385810268,11.192900444356235,5.769503890390721,1.1341509149771176
GCNT2,7137,5.917801051925914,7.302782127969341,7.850569281782884,1.0325777968267165
NEDD9,1642,20.23224461383732,3.313700983804336,7.6740237010724766,8.220795198424833
CD83,2420,0.23779181165421343,4.241634715726314,0.9256188372667619,0.9793490043590113
GMPR,5160,15.734595157224705,7.087832901089281,10.024945160368885,8.095706335333068
CASC15,3665,10.753463754518211,11.155028451793552,7.471820707805007,0.6724741206772167
CARMIL1,6059,10.24508731615454,10.830779858217301,4.5346102976188485,1.8787021098737922
HIST1H2BC,1674,,,,
HIST1H2AC,2520,-0.00262011232364414,0.19552720539310126,0.884854858301912,0.21809919958406931
HIST1H2BD,2496,,,,
HIST1H2BJ,1426,9.092907966387461,10.136808139602627,13.080677755851136,7.313772024007919
HLA-DQA1,2934,39.05760512234188,37.22025275247923,39.56580398504756,17.451176683721428
PACSIN1,444,21.019837646689435,8.154076926065013,4.834692318685793,11.37376464351351
TRERF1,7594,5.6256959820627275,3.4925596785975492,13.554772778968116,9.930967762166073
RUNX2,1447,3.420271390021914,4.85715900448232,2.31302061227502,2.1203962530055303
KHDRBS2,3928,-0.27529081186348114,2.7848531906334553,-1.4720942426598855,-0.4363589768557735
KCNQ5,7936,18.668542365202565,8.792338753822952,8.584812411785245,4.253227869311621
TENT5A,2897,6.916866976092307,6.21553907667491,1.2751656413085926,-0.009863879418842219
BACH2,141,18.420809829502122,3.0606969798501535,-6.3618675447477315,26.77693050766787
KPNA5,8333,7.645486403616038,8.77936673487965,8.798111055322721,0.8944761883303377
MAN1A1,12489,13.858875976382377,16.281387938647903,6.134694466969559,2.397164365370772
NKAIN2,4905,13.911245297810492,11.342990583182898,8.94724367581521,3.3850138419919142
ARHGAP18,1138,-0.0019327694803696937,-0.008751838814806004,0.024861563370135873,0.06177248186331403
ENPP3,586,18.50080971926749,8.239611316786185,25.888081955893455,6.189736313237427
PDE7B,2642,16.329370724750824,13.718576409636361,11.405840071176417,0.9239055667834875
NHSL1,2378,7.20971418785674,7.203660737198402,2.697857491915848,0.20364649333621304
ADGRG6,7741,7.772785933966139,19.404617943236115,18.387336579717417,10.736993933121353
AIG1,4260,5.147092707497338,5.771090567546337,5.398886692583281,9.766243815732729
STXBP5,4565,,,,
UST,1973,25.151364910106057,22.665568063974074,15.447808692773826,1.2530081139942595
PLEKHG1,1208,6.099676281822817,7.661637108676045,3.503651404532646,0.33899661358218663
MTHFD1L,8319,,,,
AKAP12,266,16.17455270520332,8.141840341331749,35.81962911468211,20.61618763075672
ESR1,2466,0.5405487565205068,2.1099505648703825,-3.249032914104577,0.32460979195285333
SYNE1,11968,5.311247745302815,5.082130910776919,2.281310196766728,1.4667209525856002
ZDHHC14,6965,6.586342305764157,5.089317856945794,7.9199949123948965,8.490391438853221
SYTL3,457,11.774777801772679,9.09833072751765,-0.9374331014278879,2.6707496212283472
PRKN,3181,3.571417878340186,5.446824923447868,-1.3497399595594044,0.4853350052251374
PACRG,1982,25.741603035323035,23.389531073021175,14.279465037515864,1.3188662467033139
RPS6KA2,1695,28.810899826897355,20.805774662335445,33.35266969735175,4.574858711742153
COX19,3854,4.873405564198653,7.9435458127584875,3.9978637253680405,0.2866894335467698
CARD11,997,8.929751654110529,7.520831293421156,3.1095860241982383,0.8997219534827035
THSD7A,3143,3.1607713389885177,3.268036171665349,0.4157991638624941,-0.9657187394372648
CRPPA,4336,6.023480387699262,8.616264477445633,4.3424570125169595,0.4171400584346571
HDAC9,853,7.3290475106983655,4.7521677195521255,3.4526827459826004,5.757100626177811
ITGB8,556,20.542203085599283,8.350159424344564,5.00981937949672,23.741813981557193
RAPGEF5,422,5.637164803973236,5.53935548753056,-1.4595801466822953,1.408234226348789
OSBPL3,1775,6.013836274805467,8.105351244327942,1.6459671094603843,1.57833776565953
JAZF1,1162,7.352852980388562,7.724866165239304,2.3610253085452264,0.8129488192504236
CREB5,2101,17.58192567625448,12.702870249890854,10.065387026662883,0.5389711770298556
PDE1C,947,7.997819974370574,5.689231921786724,-2.2169767950328167,2.0636819313469688
BBS9,3550,5.307043753893792,7.83457329269301,6.143752890478481,1.051060272479385
AOAH,5837,,,,
ABCA13,1369,12.919131731549538,12.801926245903228,0.46261872975980944,1.122002643771762
CALN1,8720,7.305563820648338,6.200544227109716,7.156274759271603,7.690734162476274
HIP1,14941,,,,
MAGI2,2543,12.307254770793323,10.846278811242184,8.194009705650322,0.7173401031680828
CD36,1867,74.30922762089857,72.34354150335515,3.4528029545704317,23.861912249406423
SEMA3C,2243,4.187707449158451,3.3212721800101317,4.853699755437748,9.546005005163677
HGF,1792,6.197855375745237,5.006103934044092,1.4342861773513058,4.442800814263205
PCLO,2453,8.818283491856068,7.568717803940891,6.730200325641517,0.7719504588650553
ABCB1,8525,15.288375122457944,11.117054272183426,7.533222957776266,5.874156967362348
AC002454.1,8147,7.0916992740793185,7.164230152935707,3.31672370445171,0.5507057685807458
PPP1R9A,3877,12.268006499324185,11.287791206827682,10.041512713258898,0.6607126951385434
NPTX2,299,0.8523322122016009,5.428080860446825,-0.8773383146884144,1.1979853192398684
TFR2,3504,11.812312687580562,3.3808058424286154,14.050001591401683,9.304031180754231
SERPINE1,817,8.848135185999668,8.244507794192055,-0.011747160335556093,2.0220879956387567
NAMPT,7399,2.7359576677094615,8.296009617142019,1.0126851816442695,0.012579826385613658
PRKAR2B,3082,10.786527381406493,7.570877739131117,8.182700405615547,3.1324348537678217
CTTNBP2,3240,22.2733693647485,27.650020718981366,10.162921121468603,13.934300943843041
CPED1,5621,5.587094381763691,6.587029012470565,0.7322594504874446,-0.663935041924185
MEST,1466,11.697274196308804,8.015232997621567,1.8151387053571024,11.814509788526609
PLXNA4,791,1.1361445688988532,1.8582540343436862,-5.4859635743516435,2.8683246372447235
PRSS2,926,10.833304482811496,10.853892604355766,4.811971581595732,1.905105336527424
TPK1,4243,3.6997170644672135,5.8713638350657105,4.246286857346514,0.6282714073724499
CNTNAP2,1134,7.7628825801232875,6.409266230446116,2.493616506623046,5.21333409955339
DLGAP2,1455,7.684123590122147,5.221688796086274,2.5658841872090603,5.31377999197688
DLC1,3613,16.70302021418492,9.615628104245296,6.915734696190476,10.617580350851183
SGCZ,2134,13.20911843344236,13.359520908492659,0.7411050487308966,2.4868952117081826
PSD3,298,4.441486410728156,7.495750351302355,-0.8714465733797552,2.957578556923271
CSGALNACT1,136,-2.370215137487097,0.27818059379313254,-0.3016295649453601,-1.823395093957988
TNFRSF10D,3912,9.766328767707348,12.13668004076926,6.898579558553765,0.5764364873435525
RBPMS,8415,9.175109439026103,13.852633565569157,11.647896221665004,6.532371105607859
RAB11FIP1,4682,8.39139884611637,11.106349299036005,5.084843690385537,0.3412099040346009
ANK1,3010,13.284467768058326,6.8810839393435455,3.869604238587607,4.892545950737709
CYP7B1,2811,6.348022176299026,5.667006988256656,-0.01847199670392376,0.6981077136040339
AC104232.1,1617,17.84873771232929,14.690166161427854,0.2446282921360331,4.873637876788528
PREX2,3335,4.140319363907588,7.660311515177568,1.7167877063623647,2.1479303533651404
SLCO5A1,2027,7.2708706347086425,9.41086712769498,-0.28517706363399736,0.33557513915666487
IL7,1256,7.0547708831315745,6.91498801946768,6.1608112279814256,0.5403937634657676
ZNF704,10385,14.928327925226391,4.932565912210536,6.156251727016311,7.286316949102464
PAG1,1320,1.3669200374735941,2.6730978794285734,-1.7171606058273272,2.1453477808418855
NCALD,3949,3.3806866082264024,3.3265639259780797,4.980277687198433,0.5821524527679871
BAALC,10417,13.486280161632402,13.309962057881977,18.344645916465677,1.6813778775058668
BAALC-AS1,5116,10.899610434357582,10.22989171770719,12.493620051367557,0.9273513856432156
EXT1,605,10.113758251454792,3.6834633577469384,2.597365593677495,3.754592351836881
SAMD12,4480,8.27451477008625,7.812274930895366,9.281717651573391,0.8887006819296648
ZHX2,1068,-1.2383691752063608,-1.9010407799874667,-0.1487147583845864,-2.227559623102859
TBC1D31,9676,8.603522115962521,9.838979291313278,9.496836716352131,0.3812462288323891
MTSS1,3590,11.62733734311241,2.7490146972778158,23.537717565138518,10.774575940508047
PTK2,4889,7.788662569527448,3.743921076163813,1.1274690961334366,0.8708500712612849
PTPRD,3478,4.549885522942568,3.726102824455301,0.7415839219031676,-1.4546504831611164
FREM1,2962,7.508952473763401,18.834589256247448,11.199991683193655,11.046656306419472
PLIN2,2150,5.124526213439183,4.673358200528408,-6.067450162874687,-2.9272629208488645
MAMDC2-AS1,1480,8.515700025252398,8.977965717264384,5.416084451658057,0.4728117310474914
MAMDC2,3935,13.858370520508892,0.866550928798807,18.330925166713516,26.30792498421627
TLE1,558,9.27656134957184,5.747786656866119,-0.2109809160716194,-0.6498556415022602
CENPP,7104,9.473831633216664,13.874350663421977,5.575457522090514,2.6671444514438996
ABCA1,5745,5.266886126004649,6.737648256207623,9.363927198764848,1.56568381060342
SLC44A1,1063,27.069417198985466,17.367490739185378,11.366118912903548,3.5127502080982373
PALM2-AKAP2,1250,15.426269775557675,10.734652488791424,9.417809712760775,18.96613689542853
KLF6,6043,9.916719320918427,13.54159994926894,12.333698315595438,1.5375367916503817
SFMBT2,2402,3.8906011468355666,4.7826675944590855,3.271635371726957,12.175210086933209
CAMK1D,8020,12.272265638535824,14.78385540545222,14.937338895558021,20.41045252142743
FAM107B,3704,,,,
FAM171A1,1815,8.007033725132324,6.816449823206349,5.563912909497579,4.118561829192873
VIM,8066,8.640287472559839,8.99175415770877,10.771730630992824,16.396261434940858
CACNB2,2537,3.057075191794228,2.5100335989524414,3.6685818498840708,1.4872236007700126
AL157895.1,1876,7.3977355054168585,5.597574981151044,2.5860048611823654,1.6895215045511829
PLXDC2,5203,17.202780479072857,6.391277301267131,7.528068037111632,4.72763340942808
MPP7,4512,2.3609152413996437,2.177329717228205,7.77493435393885,2.1523777721059063
SVIL,7953,8.157215330961959,9.089796523495666,2.373272886181271,0.7109535408095122
ZNF438,423,1.6985459980818767,10.874251928726368,1.10378068694443,0.2781692890912807
PARD3,3053,9.595336350371749,8.496706600782296,0.5860918548984552,2.082764649457226
ALOX5,518,17.947146165827565,17.256676564132242,5.292842665629235,7.915827393632295
PRKG1,4920,8.872845886969273,10.743281496340305,12.198827578337678,1.7015090203764573
LNCAROD,6430,9.389179469041391,9.679241082226003,9.346356333358905,0.6711940493319741
ANK3,3203,20.70168593670135,17.630988873140463,12.441724000239505,0.9710582023109605
ARID5B,7611,,,,
SRGN,1760,,,,
LRMDA,12816,8.7033108078038,6.129383558107501,4.561021481796433,7.527296360141511
PPIF,1519,4.913599101509956,4.350171584391932,0.1658445453031799,-0.05752485248421641
RNLS,1508,4.695963775036857,3.9569731726772193,-0.09136123948272758,0.3427549073747905
BLNK,550,3.7269986730862,3.2649760287255196,2.679716487117372,0.9878548638256635
SLC18A2,575,9.98766184965798,5.8416860852516574,23.63527821516242,11.67734987187047
FGFR2,537,4.5736494559203535,4.521837687429023,1.689132350351671,1.0775048033029238
ADAM12,151,7.917016658667236,6.902109623641616,10.166038692887048,2.715106787450004
DOCK1,3114,23.695277598094677,9.709964675043352,10.951279871126246,15.928761415920743
PTPRE,856,2.0353765616961415,2.0779999275700876,-3.066861570034408,0.6905597985070251
MKI67,2771,,,,
KCNQ1,806,0.743096061658987,1.2441997269509422,-2.0218886388774546,1.552177304392811
HBD,2495,-3.8094477018992996e-05,-0.007102391491131867,0.005827244104296687,0.008325945380586775
GALNT18,609,19.152901712753117,16.77035185240295,6.5860752495791335,3.309195952035289
MICAL2,2882,10.148639720865983,6.348641474270376,3.2379157987838108,-2.465687470481732
SPON1,443,11.416106644665623,9.93258207526492,19.93565041219173,4.99066645893106
PDE3B,3496,11.995841261321525,9.871134208657088,4.8824018974441366,3.7211214857361896
ANO5,1254,10.14470399017066,9.560257082773239,7.034083715281605,0.6468740642704107
MPPED2,5758,13.961788959080721,13.899490985267647,15.73250985752441,1.1558247557367798
ABTB2,1783,13.835747249629943,14.282959115635661,6.392822593006167,0.847683544665483
LDLRAD3,3412,12.936437165172226,10.095165292188597,2.850328317239406,3.6187594463234607
MDK,2441,5.79535576957785,0.7707699586556436,0.05137602977634121,1.2521903699014219
PTPRJ,964,4.1264359656985095,6.35881572774604,1.0029530753190083,0.9634759502889173
MS4A6A,270,2.487119426101876,1.6575780125960458,0.7155086310674571,1.3538612303829665
MS4A4E,749,6.048021124591132,3.9434585501064015,-0.18311345449951424,3.3400831477502075
CSKMT,4342,6.745355972567048,9.158356684212253,1.4150243029439864,0.3424220413606315
NEAT1,9741,16.09753969434878,15.240863952068443,9.402595288703582,20.513374765047327
PGM2L1,6631,8.906557615362596,11.502856404630943,5.66783517822975,-0.4231946039338281
GAB2,6143,8.152725764872265,9.083374958845742,4.58636532831429,2.475692386669914
DISC1FP1,2215,-2.2305280800832685,-1.7048893553498472,-7.021895045649171,0.1935411103317738
MAML2,6734,6.26710807071517,7.09903196428296,12.637092532826964,1.8144462773137144
TRPC6,598,9.085269271375886,4.9641764832063044,1.90925061209578,6.130787290736568
PDGFD,7011,7.130133554691269,7.986460135129201,4.38654656005159,-1.3936113583155079
JAML,1815,6.483801576809391,7.99391103158172,-0.5848511207046602,0.6206378449734218
UBASH3B,2588,7.287684142495867,9.22283009845832,1.4799413795807492,2.3237806512373536
VWA5A,458,7.401674534982065,3.0190107185141692,5.208760913679877,5.952009673425765
NRGN,801,3.196249903074687,3.5902449004074883,-1.7237660043380791,0.593909370649162
WNT5B,1406,8.478232769371779,4.082072267446247,5.418756345831217,10.412471376219598
CACNA1C,640,5.107471586429521,5.771120733830313,0.9677781089643783,0.5083457607009084
VWF,596,31.57074534798881,34.13898263077768,15.868496093250423,36.211190869113096
CD9,769,2.892368767855755,3.010940506428917,0.9141111745926305,-1.2540501340267107
GAPDH,1034,-0.5544524879768151,-2.650391592810961,-0.7118580792904369,-5.009832940544969
SLC2A3,2354,5.417653836372416,4.618601974839675,-0.6805270838520389,2.8014359375474513
CD69,6893,11.467856043862984,12.324688911872483,17.942148842233237,30.263145281603382
CLEC12A,2584,5.65374449303128,5.694908082666471,8.981515657515429,9.655798735681769
CLEC7A,143,7.74489735648317,3.757527593964927,7.806515784433747,0.8553855297263919
APOLD1,5810,7.915925313927628,4.090727014577404,5.55718462674684,5.618765579076451
PDE3A,575,8.418393311952283,4.411614904798309,9.326585592085578,9.509425520600145
RASSF8,1972,14.49014096038161,12.55980829521274,6.196897138067743,0.3097529206049207
FAR2,8986,2.6328888574177505,4.870826433980199,3.1293763095850005,0.5827885493654953
AC009318.1,7111,2.0438442161965136,2.3501682217616784,5.876319006851369,5.120297459877151
LRRK2,277,0.5306389284131677,0.6935380411340969,-2.5118610108807276,2.1238799084099362
PDZRN4,1411,13.973228747795538,13.615548900802102,7.5982735791912255,0.7382943912737014
TMEM117,4072,14.04940885338682,12.253678616014327,9.933554735010341,0.6726449768647975
AC008014.1,5245,1.7576571004174462,5.472074147989402,0.856373618450684,0.6548897925954994
PCED1B,1513,9.74948966276229,8.497619528116177,3.573557376431162,0.5263333158545215
ADCY6,891,9.865128152403067,3.9672924829573732,5.642776594140924,7.029873482286054
LRP1,235,-3.216287074480381,-0.8038986845008421,-1.981156384859684,-1.040511638462837
TAFA2,3615,9.601796359135347,10.241597593206007,7.262956329435431,2.4581029054837584
LINC02384,5058,8.51614134255191,8.125131721340319,9.042573145989264,0.5270166193612255
MDM2,2502,,,,
LYZ,142,5.56662765499509,5.09919858313989,10.114676553128964,4.133991197656708
CAPS2,4161,3.850364351365913,4.692144123516662,4.138587761054533,0.7145606250811594
SYT1,5696,9.410139138215376,9.369054077766899,10.350702346462487,0.7488189927370412
TMTC2,2781,12.004679952673966,13.304903023992678,7.078701535881719,0.7280035304321067
CRY1,6449,6.132973318713627,10.85234431930293,5.0207617601366,0.5063531759699211
ALOX5AP,640,-6.525828570350112,-6.7775327048311995,-10.18061738729017,-5.112601250342519
RFC3,6672,4.351285016926235,9.10384338885232,9.096688278451987,8.464167679247806
LHFPL6,1248,13.132218302609807,12.261839726669972,8.876663164701307,0.8951603975342849
FOXO1,4311,4.701232218698196,9.154324323072794,2.2035471910520004,0.2983407152074911
EPSTI1,8363,4.162790023363043,3.9034496619647663,6.206204197933091,5.859221890267224
DIAPH3,5068,,,,
PCDH9,6154,8.863324050274212,9.911899364991015,8.179045701316474,14.942842367966627
DACH1,10922,13.90494549995093,11.703896968425147,12.180694404481441,5.840627450250009
NDFIP2,608,18.235880485256057,10.912486207267483,1.7907666173338206,13.044903899092944
AL162493.1,2002,3.245271072843501,3.0737945992810696,4.12475152935255,0.9944437141149902
GPC5,2985,12.658084712527465,12.802838544242826,8.958669387241756,1.0365028459853627
GPC6,4750,6.702600096103093,6.659446310270911,5.428119378907699,0.4675527065699615
ABCC4,3479,16.146608979411848,13.360321485937682,235.03316991560163,184.1016725476153
AC244502.1,2940,10.141486822911038,9.414717775719936,-0.6617548259378148,-0.14413389084924016
MDP1,748,,,,
STXBP6,510,5.976477003245126,5.08246324724922,-1.3816897345766408,-0.3349067736691687
NFKBIA,9464,14.905494339612199,16.712536159071508,10.155431789886322,16.181372168792954
FBXO33,9135,6.826846907767624,4.489765458176063,1.3828216809635614,-0.49349860953964175
MDGA2,1626,4.927447075412597,5.992204604615613,-1.5957300447887397,0.25997653764599843
FERMT2,225,-1.2058035440814023,2.6997419569334054,0.4347804122226529,-0.3360837713420394
SAMD4A,3689,13.125796455561593,16.732335223387768,7.893911386580725,1.5368853717161512
GCH1,4434,9.954364124767727,11.975873895011071,7.827968298808158,0.5774289449317641
DAAM1,561,10.560491463794103,4.268807043402971,46.11316994322325,30.606568362733633
PRKCH,8090,9.16040322144779,10.301727619694773,17.759003104379047,2.369087676366746
SYNE2,461,1.8076810202965192,3.2912190297913257,0.36171262766856344,0.5070134134677609
SLC8A3,4082,4.1394807884300455,3.6298130284228454,6.733364370305902,10.7303701689967
SIPA1L1,10026,,,,
RGS6,687,3.5938742408418336,4.211581439521678,-0.0326467010476772,2.240934913249346
FOS,6835,10.4677668066711,12.063716244464725,0.6263519898473611,5.626670635165087
LINC02328,2374,5.955957396241298,6.113824444914937,0.025155962339434124,0.46229714753999396
CRIP1,3910,2.926016365181242,3.3617822000388724,1.647151382979859,0.8281988574184328
ATP10A,1965,6.047810170867556,7.635626737966829,-2.2672718567250705,0.8462128413585374
RYR3,2524,13.574288869562137,9.673340329070237,7.341905294230853,4.673190420439837
DPH6,7654,4.3656543560445185,6.224183144094046,4.239967342201684,0.5358339777004372
MEIS2,332,5.332850352224225,4.449751280529332,0.7861710740420873,1.1123527367661012
THBS1,577,10.831409870382416,10.650837326782376,29.994215673978374,15.595803068387513
STARD9,8570,9.97170040493645,13.740197097820051,7.875871299003657,3.0656362636377272
LINC00926,1439,3.008495327238107,4.410475365189227,4.636441209537387,0.8156900794467815
RORA,3699,3.973727211191876,3.010672417467123,6.436244599924097,1.1051961380058042
PAQR5,379,14.042415035687808,7.313556266120559,2.2570673378389023,2.5545017485175134
NRG4,1699,15.4887833855981,13.439801507984411,11.537302391618924,0.5723494607980237
CTSH,99,8.089323216152104,6.29189918844905,-1.305360781668122,0.4927804909377962
SH3GL3,791,6.331074661060238,8.715321665739642,3.3283150005494155,0.4326194067246893
LINC00923,1833,1.5681468229446989,1.8638096245665918,-1.8416145784940459,0.24956168279054797
TPSB2,292,13.734821390671447,15.405930547204902,13.007830714171233,1.65526746678279
BMERB1,4830,3.121373724304883,1.7633417635025346,2.5290822934391,6.295286222310085
ACSM3,1442,1.3494279271049152,-0.0802145987501262,-0.862703111997263,0.27879306951848193
ACSM1,649,7.869716697996449,8.382243169974112,3.025060811950919,0.7186549550874468
CDR2,10372,2.6254181311980567,5.974028405531233,3.7332472620594443,0.6177014774501308
LAT,1844,12.53398278998132,13.931971895388333,1.5798839779679383,4.228966814216007
ITGAL,6338,6.72210854729258,6.329095076258544,12.349353881919164,8.34127924528601
ITGAM,782,8.078845529401153,8.120981580378292,2.205403402322317,3.0129971032216147
WWOX,10165,6.240857376246916,7.961261638608669,4.440118862778737,-1.2386139002081384
IRF8,808,1.7663084130224578,5.450894852696824,2.734397895030302,0.978834714933718
NLRP1,3551,15.83912906324872,13.733650913342846,14.449204234878822,1.3847356838487404
GAS7,6870,6.031467328801894,6.391055709485991,3.28305893719836,0.13282655822941414
UTP6,4361,,,,
MYO1D,4790,5.492849848719004,7.452884698040745,6.058418780571193,0.41734715948367407
SLFN5,326,11.092148975609172,8.14686149899427,0.07336121866513744,4.578751053998735
TOP2A,2645,,,,
VAT1,2331,2.301925648432859,1.8448707775685282,0.0667869457367247,0.3187126682964776
LINC00910,1351,7.897975095216748,10.740769057802304,5.904015871491645,0.326225856858982
ITGA2B,3338,14.613977350945085,11.88216518585663,103.33773421774315,79.31815041268506
AC008105.3,5131,9.943882411566667,10.663394075599514,11.358717776968934,1.1978036141192876
ITGB3,594,4.933331918672352,4.642176241606688,23.80254426037376,11.633023606435541
SKAP1,6452,6.664197311805809,16.532638054512294,9.644368677552473,10.32911380734958
HLF,4008,8.578532342253908,10.200067696571923,1.4470873905674162,2.668425516800585
MSI2,14070,20.44221805815206,16.525236541580888,24.317171368816396,10.217146879447691
MPO,2921,10.059790970151038,8.219311002926519,16.995756647768037,27.225320058165654
TSPOAP1,4650,15.28170385067691,8.054090060608567,11.208793072571256,11.914717045554218
PRR11,1403,7.975291790786802,8.709120633231604,-3.868070249727838,-0.5157024401448083
BRIP1,6088,7.875558794915869,12.82721249663844,10.44384876966062,7.818703975129549
ERN1,466,17.513836312267344,16.469720298908303,4.686139384841047,0.8860904681730423
CEP112,3454,13.56497133485865,12.340695628611792,10.677385983921814,0.8634062565357634
PRKCA,1407,8.557690122029062,7.1555729542858755,7.968233353794098,3.59169681515655
SDK2,5792,6.269360340195091,4.188186079006383,3.2773728082148588,4.563998257162182
H3F3B,2023,,,,
CYTH1,7136,4.6643424325163485,9.31587563875284,15.121453608502625,22.630254657242453
P4HB,4352,9.29302460461554,4.044486755227203,1.7238766369306895,11.414122886416022
PTPRM,6713,12.266390950864551,12.54589231178925,2.8988722773297866,1.635850733028027
RAB31,888,8.222983986164472,6.0355519997427685,-0.6677101833620472,6.899563079237529
PIEZO2,2119,6.99870467343383,10.702990613039182,-0.671912580403049,0.5313230840570795
CABLES1,7715,4.227084658874853,4.762984084067208,8.393459633959385,7.876057113756272
RNF125,11216,23.916652678950285,4.343815851167066,9.169449713101324,5.587362113872345
KIAA1328,5100,-1.6158237473463208,0.02514757673563116,-0.8565323610203178,-0.706980120961095
MIR924HG,3168,9.831874712368133,9.196749004170396,8.103507572308104,0.49589537597438893
SETBP1,4384,11.449824645632619,11.85375482621416,4.3939932944841065,1.7394772222926318
SLC14A1,1594,3.2049216127259843,0.6968195636795627,-4.6908421425938105,5.196270714049835
RAB27B,1394,11.21571925966171,9.978733437313224,17.085436271510368,22.409151032150305
TCF4,8043,9.051069557439153,11.351754301552928,20.585479614210065,4.116593483408608
ATP8B1,3445,4.912126103085298,4.247457119081195,-0.6152031016351325,0.1925458568781503
BCL2,6923,,,,
CDH7,1199,7.009980196564915,5.765441895468705,-1.4369371045357469,-0.10857371096024342
PLPPR3,1221,9.664443887471672,8.748226570559915,-1.4527791395048253,2.8516436070659408
AZU1,856,15.527786308857824,11.5639114817606,1.2532668547669181,14.660989352107968
PRTN3,1025,14.43051385995098,11.876654889137523,5.7955681165373045,10.989421525007309
ELANE,1063,7.606568249076944,5.909451683639141,22.286927061164555,9.264523412007927
RFX2,4942,6.307493788285256,7.201756677722719,-1.2374219289122244,0.9303314776239887
CALR,6346,5.642456837977275,10.490608626239297,9.71068506881394,9.658648398987577
IER2,2004,5.078969128495885,8.95985525460523,1.0369045115422408,0.6276758828801855
ADGRE5,4042,10.827273507889263,10.728963514077337,1.6163551628619697,1.9399908392783762
KLF2,4674,7.180159830940842,10.28937272083318,0.539736081412981,7.072745143839613
CD22,499,9.141675806579757,8.973542627552655,-3.0532263263602815,-0.002373232216786047
CLC,240,16.976160899186137,8.67626364619418,16.79139818409445,8.051493838694046
POU2F2,2960,3.1729757092358484,3.8308327845804455,-5.060398294979503,-2.4224878874458895
FOSB,4977,11.619965936232475,13.62583762657494,-0.09252903683385309,9.880295244446552
SIGLEC6,695,0.27060835463011673,1.239059296195344,0.6973260743547984,-0.18860893138745238
SLC24A3,1282,8.944824089501418,8.724091455541167,13.88758313208533,1.8216803472677776
RIN2,3622,20.33542480380008,18.58922360794379,15.769865861102035,0.5985631225408118
CST3,1146,-0.5776945261855793,0.34259956368073147,0.2315351277700011,-0.6095749450121796
ID1,2022,-2.1975721826815056,-1.0311885222896533,-0.5671308840708289,-0.8237182487520135
TPX2,2855,,,,
SAMHD1,299,-2.604161665311669,1.807760926641206,-1.085115338036283,0.4236784308916596
PPP1R16B,1943,28.762804497127163,23.442617086870612,19.647433347478568,5.1699634595695665
UBE2C,1077,2.596157543857665,6.727986758305142,2.6785391980799815,0.7481423137544054
SULF2,153,9.44236277921944,5.097221286700139,17.402330923368407,12.993846434391694
B4GALT5,2740,,,,
TUBB1,392,1.5572888804063134,2.0251606513041995,0.8665115298095583,-0.11951809455618877
NRIP1,10647,14.560036777915768,16.91494954991281,40.617295846422486,28.04365106241196
AJ009632.2,7839,15.64212712235641,6.133410913676765,25.507613490692588,26.3961382556976
MIR99AHG,2322,10.123243585500521,10.194582941921322,6.677256015472423,0.645284833654274
TIAM1,553,20.995835642998514,15.121011597148868,45.12500727552478,7.871462299539109
HLCS,9085,5.880834947591242,8.365198909593493,7.315274097376282,0.847368819360681
BACE2,701,20.819708077927846,14.807305873491101,7.174534006519807,7.378801424268234
ABCG1,6800,9.26684445145534,14.916653311673823,4.656973635150838,3.207216575646158
PCBP3,1633,3.6318402066739948,7.507735766335807,1.8243591390443088,0.5234281399404064
IL17RA,5728,8.954660192247927,5.557130984944025,8.230709692006835,6.913732364091276
IGLL1,4262,10.8012131564874,9.45639454044514,1.0636880194201528,5.806748048513338
TTC28,7380,8.110954051734849,5.274869102676943,6.935039357458781,6.686753662813499
TIMP3,3056,4.722632378420361,1.217729897582919,5.7801376131292725,11.755495769149519
CSF2RB,3035,13.217847815823509,5.8345812679048725,10.987216249860358,25.595995966289795
GRAP2,673,5.330356965091393,5.348324063732988,11.633680288860953,6.541409076622104
SGSM3,2861,15.090980238028942,7.492350668648075,0.6335020397056133,0.6751304502380063
ARHGAP6,858,15.301078961046322,5.862049466485437,7.351205941215165,8.076625733334307
CASK,5465,4.59239837892713,5.7022872496197445,-0.690389615435978,-0.5273336860006066
GPR34,326,6.017226844274971,7.941246335209527,-0.07615081622980571,0.3163583832809243
AL050309.1,8147,9.421814356115133,9.260885434901784,12.910030629948961,1.0637662836289774
AL034397.3,6899,12.504493799110968,7.326184864592177,24.332169187070736,7.504669858161179
TSC22D3,3331,-1.4510253726531313,0.7038401459770997,-4.27069028189762,0.9096999077392098
TMEM164,1888,15.060321414894892,13.08622646253413,9.84933259318009,0.34805533714810477
AIFM1,1956,-3.777859174192202,0.3877395926601244,-1.5509014174660647,-0.19802854712497814
FGF13,379,7.931910167593533,9.267982029319306,1.6356243940271173,0.6346640296492468
AFF2,3175,6.783522976532004,6.029336719928879,1.9029958395620754,0.9648666372096212
FLNA,2223,,,,
CTAG2,3296,,,,
TTTY10,5001,13.81248865164659,12.78811303187043,10.482622348056687,2.357726370884017
